recorded_utc,recorded_wib,timestamp_source,event_date,source,url,event_id,event_label,event_text,event_code,event_root_code,actor1,actor2,country,goldstein_scale,num_mentions,num_sources,num_articles,avg_tone,dedup_key,news_id
2025-10-21 05:15:00+00:00,2025-10-21 05:15:00+00:00,DATEADDED_UTC,2025-10-21,thestar.com.my,https://www.thestar.com.my/news/nation/2025/10/21/two-policemen-plead-not-guilty-to-extortion,1269749274,DEPUTY 112 LAWYER,actor1 DEPUTY actor2 LAWYER event_code 112 event_root_code 11 country,112,11,DEPUTY,LAWYER,,-2.0,5,1,5,-14.2857142857142,1269749274,1269749274
2025-10-21 05:30:00+00:00,2025-10-21 05:30:00+00:00,DATEADDED_UTC,2025-10-21,watoday.com.au,https://www.watoday.com.au/politics/federal/inside-albanese-s-extremely-successful-trump-meeting-with-one-glaring-exception-20251021-p5n3xz.html,1269750833,AUSTRALIA 112 AMBASSADOR,actor1 AUSTRALIA actor2 AMBASSADOR event_code 112 event_root_code 11 country AS,112,11,AUSTRALIA,AMBASSADOR,AS,-2.0,10,1,10,0.3448275862069,1269750833,1269750833
2025-10-21 05:30:00+00:00,2025-10-21 05:30:00+00:00,DATEADDED_UTC,2025-10-21,yahoo.com,https://www.yahoo.com/news/articles/lawmaker-questions-lenient-sentence-stillwater-032106903.html,1269751384,LAWMAKER 173 UNITED STATES,actor1 LAWMAKER actor2 UNITED STATES event_code 173 event_root_code 17 country US,173,17,LAWMAKER,UNITED STATES,US,-5.0,6,1,6,-6.27376425855513,1269751384,1269751384
2025-10-21 06:30:00+00:00,2025-10-21 06:30:00+00:00,DATEADDED_UTC,2025-10-21,kaieteurnewsonline.com,https://kaieteurnewsonline.com/2025/10/21/trump-threatens-to-eradicate-hamas/,1269758325,HAMAS 1056 ISRAEL,actor1 HAMAS actor2 ISRAEL event_code 1056 event_root_code 10 country IS,1056,10,HAMAS,ISRAEL,IS,-5.0,10,1,10,-6.12009237875288,1269758325,1269758325
2025-10-21 06:45:00+00:00,2025-10-21 06:45:00+00:00,DATEADDED_UTC,2025-10-21,economictimes.indiatimes.com,https://economictimes.indiatimes.com/news/international/business/fire-at-mols-danube-refinery-in-hungary-contained-no-injuries-state-news-agency-says/articleshow/124714640.cms,1269760049,STATE NEWS AGENCY 190 HUNGARY,actor1 STATE NEWS AGENCY actor2 HUNGARY event_code 190 event_root_code 19 country HU,190,19,STATE NEWS AGENCY,HUNGARY,HU,-10.0,12,1,10,-1.0989010989011,1269760049,1269760049
2025-10-21 06:45:00+00:00,2025-10-21 06:45:00+00:00,DATEADDED_UTC,2025-10-21,rnz.co.nz,https://www.rnz.co.nz/news/political/576566/state-abuse-redress-carve-out-for-criminals-decried-by-opposition,1269760410,NEW ZEALAND 173 MINIST,actor1 NEW ZEALAND actor2 MINIST event_code 173 event_root_code 17 country NZ,173,17,NEW ZEALAND,MINIST,NZ,-5.0,8,1,8,-9.25480769230768,1269760410,1269760410
2025-10-21 06:45:00+00:00,2025-10-21 06:45:00+00:00,DATEADDED_UTC,2025-10-21,boston25news.com,https://www.boston25news.com/news/british-military/4SDKK2LVPUYZHA4FY2D5WUFTMA/,1269760458,REBEL 190 DUTCH,actor1 REBEL actor2 DUTCH event_code 190 event_root_code 19 country DJ,190,19,REBEL,DUTCH,DJ,-10.0,10,1,10,-6.86274509803921,1269760458,1269760458
2025-10-21 07:15:00+00:00,2025-10-21 07:15:00+00:00,DATEADDED_UTC,2025-10-21,naturalnews.com,https://www.naturalnews.com/2025-10-20-houthis-detain-un-employees-aid-workers-crackdown.html,1269763969,THE UN 120 WORKER,actor1 THE UN actor2 WORKER event_code 120 event_root_code 12 country YM,120,12,THE UN,WORKER,YM,-4.0,5,1,5,-11.1607142857142,1269763969,1269763969
2025-10-21 07:30:00+00:00,2025-10-21 07:30:00+00:00,DATEADDED_UTC,2025-10-21,eng.kavkaz-uzel.eu,https://www.eng.kavkaz-uzel.eu/articles/69108,1269766233,MILITARY 190 ASTRAKHAN,actor1 MILITARY actor2 ASTRAKHAN event_code 190 event_root_code 19 country RS,190,19,MILITARY,ASTRAKHAN,RS,-10.0,23,1,10,-3.7037037037037,1269766233,1269766233
2025-10-21 07:45:00+00:00,2025-10-21 07:45:00+00:00,DATEADDED_UTC,2025-10-21,britannica.com,https://www.britannica.com/event/No-Kings-protests,1269768799,SALT LAKE CITY 193 KING,actor1 SALT LAKE CITY actor2 KING event_code 193 event_root_code 19 country US,193,19,SALT LAKE CITY,KING,US,-10.0,8,1,8,-7.92079207920793,1269768799,1269768799
2025-10-21 07:45:00+00:00,2025-10-21 07:45:00+00:00,DATEADDED_UTC,2025-10-21,indiatimes.com,https://www.indiatimes.com/trending/orionid-meteor-shower-2025-to-light-up-skies-this-week-heres-how-nasa-explains-ways-to-catch-20-shooting-stars-in-an-hour/articleshow/124715953.html,1269768837,NASA 193,actor1 NASA actor2 event_code 193 event_root_code 19 country US,193,19,NASA,,US,-10.0,10,1,10,1.29659643435981,1269768837,1269768837
2025-10-21 08:00:00+00:00,2025-10-21 08:00:00+00:00,DATEADDED_UTC,2025-10-21,goulburnpost.com.au,https://www.goulburnpost.com.au/story/9094059/sean-diddy-combs-legal-team-set-to-appeal-conviction/,1269770232,PRISON 173 PROSECUTOR,actor1 PRISON actor2 PROSECUTOR event_code 173 event_root_code 17 country AS,173,17,PRISON,PROSECUTOR,AS,-5.0,6,1,6,-4.40456769983687,1269770232,1269770232
2025-10-21 08:00:00+00:00,2025-10-21 08:00:00+00:00,DATEADDED_UTC,2025-10-21,english.almanar.com.lb,https://english.almanar.com.lb/2519607,1269770375,UNITED KINGDOM 112 IRAN,actor1 UNITED KINGDOM actor2 IRAN event_code 112 event_root_code 11 country IR,112,11,UNITED KINGDOM,IRAN,IR,-2.0,7,1,7,-4.43037974683545,1269770375,1269770375
2025-10-21 08:00:00+00:00,2025-10-21 08:00:00+00:00,DATEADDED_UTC,2025-10-21,bristolpost.co.uk,https://www.bristolpost.co.uk/news/bristol-news/palestine-supporters-go-prison-hunger-10586992,1269770754,PRISONER 142 GOVERNMENT,actor1 PRISONER actor2 GOVERNMENT event_code 142 event_root_code 14 country UK,142,14,PRISONER,GOVERNMENT,UK,-6.5,10,1,10,-11.3207547169811,1269770754,1269770754
2025-10-21 09:00:00+00:00,2025-10-21 09:00:00+00:00,DATEADDED_UTC,2025-10-21,dailypost.ng,https://dailypost.ng/2025/10/21/police-arrest-3-suspected-drug-peddlers-in-jigawa/,1269779300,OPERATIVE 190,actor1 OPERATIVE actor2 event_code 190 event_root_code 19 country NG,190,19,OPERATIVE,,NG,-10.0,20,2,20,-8.40154380148162,1269779300,1269779300
2025-10-21 09:45:00+00:00,2025-10-21 09:45:00+00:00,DATEADDED_UTC,2025-10-21,newstatesman.com,https://www.newstatesman.com/politics/2025/10/of-course-china-is-a-threat,1269785894,UNITED KINGDOM 112 CHINA,actor1 UNITED KINGDOM actor2 CHINA event_code 112 event_root_code 11 country CH,112,11,UNITED KINGDOM,CHINA,CH,-2.0,6,1,6,-5.02928005511539,1269785894,1269785894
2025-10-21 09:45:00+00:00,2025-10-21 09:45:00+00:00,DATEADDED_UTC,2025-10-21,bssnews.net,https://www.bssnews.net/international/323415,1269786445,MEXICO CITY 193,actor1 MEXICO CITY actor2 event_code 193 event_root_code 19 country MX,193,19,MEXICO CITY,,MX,-10.0,8,1,8,-9.75609756097565,1269786445,1269786445
2025-10-21 10:00:00+00:00,2025-10-21 10:00:00+00:00,DATEADDED_UTC,2025-10-21,surinenglish.com,https://www.surinenglish.com/malaga/malaga-city/malaga-airport-medical-service-spends-almost-hours-20251021082854-nt.html,1269788023,COMPANY 120 REPRESENTATIVES,actor1 COMPANY actor2 REPRESENTATIVES event_code 120 event_root_code 12 country SP,120,12,COMPANY,REPRESENTATIVES,SP,-4.0,10,1,10,-3.39366515837104,1269788023,1269788023
2025-10-21 10:15:00+00:00,2025-10-21 10:15:00+00:00,DATEADDED_UTC,2025-10-21,militarytimes.com,https://www.militarytimes.com/veterans/military-history/2025/10/17/i-see-em-well-fight-em-pattons-black-panthers/,1269791095,BLACK PANTHERS 190,actor1 BLACK PANTHERS actor2 event_code 190 event_root_code 19 country US,190,19,BLACK PANTHERS,,US,-10.0,6,1,6,-2.94871794871795,1269791095,1269791095
2025-10-21 10:30:00+00:00,2025-10-21 10:30:00+00:00,DATEADDED_UTC,2025-10-21,afghanistannews.net,http://www.afghanistannews.net/news/278648101/a-quieter-kind-of-power-russia-central-asia-and-the-economics-of-peace,1269793512,PAKISTAN 190 AFGHANISTAN,actor1 PAKISTAN actor2 AFGHANISTAN event_code 190 event_root_code 19 country AF,190,19,PAKISTAN,AFGHANISTAN,AF,-10.0,8,1,8,-0.0977517106549399,1269793512,1269793512
2025-10-21 10:45:00+00:00,2025-10-21 10:45:00+00:00,DATEADDED_UTC,2025-10-21,yahoo.com,https://www.yahoo.com/news/articles/syrians-stand-trial-germany-war-100934299.html,1269796201,SYRIAN 173 GERMANY,actor1 SYRIAN actor2 GERMANY event_code 173 event_root_code 17 country GM,173,17,SYRIAN,GERMANY,GM,-5.0,10,1,10,-9.7560975609756,1269796201,1269796201
2025-10-21 10:45:00+00:00,2025-10-21 10:45:00+00:00,DATEADDED_UTC,2025-10-21,firstpost.com,https://www.firstpost.com/world/in-a-trump-like-deal-netherlands-eyes-to-start-deporting-migrants-to-uganda-from-next-year-13943809.html,1269796262,UGANDAN 100 CRIMINAL,actor1 UGANDAN actor2 CRIMINAL event_code 100 event_root_code 10 country UG,100,10,UGANDAN,CRIMINAL,UG,-5.0,6,1,6,-4.7713717693837,1269796262,1269796262
2025-10-21 11:00:00+00:00,2025-10-21 11:00:00+00:00,DATEADDED_UTC,2025-10-21,english.almanar.com.lb,https://english.almanar.com.lb/2519673,1269798654,WEST BANK 190 ISRAELI,actor1 WEST BANK actor2 ISRAELI event_code 190 event_root_code 19 country IS,190,19,WEST BANK,ISRAELI,IS,-10.0,5,1,5,-12.0879120879121,1269798654,1269798654
2025-10-21 11:45:00+00:00,2025-10-21 11:45:00+00:00,DATEADDED_UTC,2025-10-21,perthnow.com.au,https://www.perthnow.com.au/news/brittany-higgins-will-no-longer-fight-her-defamation-loss-in-the-wa-supreme-court-c-20425427,1269806241,SUPREME COURT 130,actor1 SUPREME COURT actor2 event_code 130 event_root_code 13 country AS,130,13,SUPREME COURT,,AS,-4.4,12,1,6,-6.1310782241015,1269806241,1269806241
2025-10-21 11:45:00+00:00,2025-10-21 11:45:00+00:00,DATEADDED_UTC,2025-10-21,naturalnews.com,https://www.naturalnews.com/2025-10-21-eu-phased-ban-on-russian-gas.html,1269806541,RUSSIA 163 UKRAINE,actor1 RUSSIA actor2 UKRAINE event_code 163 event_root_code 16 country RS,163,16,RUSSIA,UKRAINE,RS,-8.0,10,1,10,-6.58307210031348,1269806541,1269806541
2025-10-21 11:45:00+00:00,2025-10-21 11:45:00+00:00,DATEADDED_UTC,2025-10-21,yahoo.com,https://www.yahoo.com/news/articles/ukraine-war-latest-live-russias-105702178.html,1269806667,UKRAINIAN 190 RUSSIA,actor1 UKRAINIAN actor2 RUSSIA event_code 190 event_root_code 19 country UP,190,19,UKRAINIAN,RUSSIA,UP,-10.0,13,1,10,-7.94392523364486,1269806667,1269806667
2025-10-21 12:00:00+00:00,2025-10-21 12:00:00+00:00,DATEADDED_UTC,2025-10-21,thenorthernecho.co.uk,https://www.thenorthernecho.co.uk/news/25556464.man-80-extradited-thailand-faces-teesside-trial-march/,1269808179,1243 JUDGE,actor1 actor2 JUDGE event_code 1243 event_root_code 12 country TH,1243,12,,JUDGE,TH,-4.0,10,1,10,-11.7283950617284,1269808179,1269808179
2025-10-21 12:00:00+00:00,2025-10-21 12:00:00+00:00,DATEADDED_UTC,2025-10-21,english.news.cn,https://english.news.cn/20251021/0bcb0205b4ab4447b3af99aab5b5d252/c.html,1269808588,EUROPEAN 154 NATO,actor1 EUROPEAN actor2 NATO event_code 154 event_root_code 15 country RS,154,15,EUROPEAN,NATO,RS,-7.2,20,1,20,-1.34228187919463,1269808588,1269808588
2025-10-21 12:30:00+00:00,2025-10-21 12:30:00+00:00,DATEADDED_UTC,2025-10-21,yahoo.com,https://www.yahoo.com/news/articles/most-johnstown-candidates-join-forum-114700015.html,1269813766,CITY MANAGER 120,actor1 CITY MANAGER actor2 event_code 120 event_root_code 12 country US,120,12,CITY MANAGER,,US,-4.0,10,1,10,0.9765625,1269813766,1269813766
2025-10-21 13:00:00+00:00,2025-10-21 13:00:00+00:00,DATEADDED_UTC,2025-10-21,globalsecurity.org,https://www.globalsecurity.org/military/library/news/2025/10/mil-251020-ec01.htm,1269819675,THE EU 120 SUDAN,actor1 THE EU actor2 SUDAN event_code 120 event_root_code 12 country SU,120,12,THE EU,SUDAN,SU,-4.0,10,1,10,0.4739336492891,1269819675,1269819675
2025-10-21 13:15:00+00:00,2025-10-21 13:15:00+00:00,DATEADDED_UTC,2025-10-21,dailytrust.com,https://dailytrust.com/flashback-ipob-linked-atrocities-killings-in-south-east/,1269824663,GUNMEN 193 NIGERIA,actor1 GUNMEN actor2 NIGERIA event_code 193 event_root_code 19 country NI,193,19,GUNMEN,NIGERIA,NI,-10.0,10,1,8,-10.1679929266136,1269824663,1269824663
2025-10-21 13:30:00+00:00,2025-10-21 13:30:00+00:00,DATEADDED_UTC,2025-10-21,kbzk.com,https://www.kbzk.com/world/israel-at-war/vance-meets-netanyahu-as-gaza-ceasefire-faces-new-challenges-after-weekend-violence,1269825582,ADMINISTRATION 141,actor1 ADMINISTRATION actor2 event_code 141 event_root_code 14 country IS,141,14,ADMINISTRATION,,IS,-6.5,10,1,10,-5.12820512820513,1269825582,1269825582
2025-10-21 14:15:00+00:00,2025-10-21 14:15:00+00:00,DATEADDED_UTC,2025-10-21,namibian.com.na,https://www.namibian.com.na/french-ex-president-sarkozy-goes-to-jail-for-campaign-finance-conspiracy/,1269833132,NICOLAS SARKOZY 192 POLICE OFFICER,actor1 NICOLAS SARKOZY actor2 POLICE OFFICER event_code 192 event_root_code 19 country WA,192,19,NICOLAS SARKOZY,POLICE OFFICER,WA,-9.5,5,1,5,-4.37810945273632,1269833132,1269833132
2025-10-21 14:15:00+00:00,2025-10-21 14:15:00+00:00,DATEADDED_UTC,2025-10-21,wwaytv3.com,https://www.wwaytv3.com/former-french-president-sarkozy-begins-a-5-year-prison-sentence-for-campaign-finance-conspiracy/,1269833137,NICOLAS SARKOZY 173 NICOLAS SARKOZY,actor1 NICOLAS SARKOZY actor2 NICOLAS SARKOZY event_code 173 event_root_code 17 country FR,173,17,NICOLAS SARKOZY,NICOLAS SARKOZY,FR,-5.0,6,1,6,-3.28102710413694,1269833137,1269833137
2025-10-21 14:15:00+00:00,2025-10-21 14:15:00+00:00,DATEADDED_UTC,2025-10-21,aps.dz:443,https://www.aps.dz:443/en/world/arab-world/mh0jq0b2-toll-rises-to-68-229-martyrs-170-369-injured,1269833794,GAZA 180 AUTHORITIES,actor1 GAZA actor2 AUTHORITIES event_code 180 event_root_code 18 country GZ,180,18,GAZA,AUTHORITIES,GZ,-9.0,10,1,10,-21.2121212121212,1269833794,1269833794
2025-10-21 15:00:00+00:00,2025-10-21 15:00:00+00:00,DATEADDED_UTC,2025-10-21,latintimes.com,https://www.latintimes.com/marco-rubio-reportedly-warned-mexican-foreign-minister-that-military-campaign-against-venezuela-590738,1269842391,VENEZUELAN 100 CITIZEN,actor1 VENEZUELAN actor2 CITIZEN event_code 100 event_root_code 10 country VE,100,10,VENEZUELAN,CITIZEN,VE,-5.0,6,1,6,-6.19718309859155,1269842391,1269842391
2025-10-21 17:15:00+00:00,2025-10-21 17:15:00+00:00,DATEADDED_UTC,2025-10-21,thegamenashville.com,https://www.thegamenashville.com/2025/10/21/transfer-rumors-news-chelsea-to-go-back-in-for-spain-striker-samu/,1269867434,PORTO 138 SPAIN,actor1 PORTO actor2 SPAIN event_code 138 event_root_code 13 country SP,138,13,PORTO,SPAIN,SP,-7.0,10,1,10,-2.85714285714285,1269867434,1269867434
2025-10-21 18:00:00+00:00,2025-10-21 18:00:00+00:00,DATEADDED_UTC,2025-10-21,bondbuyer.com,https://www.bondbuyer.com/news/texas-governor-orders-crackdown-on-colorful-crosswalks,1269875273,TEXAS 170,actor1 TEXAS actor2 event_code 170 event_root_code 17 country US,170,17,TEXAS,,US,-7.0,6,1,6,-2.32974910394266,1269875273,1269875273
2025-10-21 18:30:00+00:00,2025-10-21 18:30:00+00:00,DATEADDED_UTC,2025-10-21,news.antiwar.com,https://news.antiwar.com/2025/10/21/bipartisan-bill-in-the-senate-would-block-trump-from-going-to-war-with-venezuela/,1269880036,ADMINISTRATION 1384 MILITARY,actor1 ADMINISTRATION actor2 MILITARY event_code 1384 event_root_code 13 country VE,1384,13,ADMINISTRATION,MILITARY,VE,-7.0,5,1,5,-4.24528301886793,1269880036,1269880036
2025-10-21 18:45:00+00:00,2025-10-21 18:45:00+00:00,DATEADDED_UTC,2025-10-21,yahoo.com,https://www.yahoo.com/news/articles/demolition-company-alba-pay-1-164556065.html,1269882846,COMPANIES 173 ATTORNEY,actor1 COMPANIES actor2 ATTORNEY event_code 173 event_root_code 17 country US,173,17,COMPANIES,ATTORNEY,US,-5.0,10,1,10,-10.913140311804,1269882846,1269882846
2025-10-21 19:15:00+00:00,2025-10-21 19:15:00+00:00,DATEADDED_UTC,2025-10-21,wmur.com,https://www.wmur.com/article/sentence-prison-jerry-summers-pills-102125/69109725,1269887204,173 FEDERAL COURT,actor1 actor2 FEDERAL COURT event_code 173 event_root_code 17 country US,173,17,,FEDERAL COURT,US,-5.0,10,1,10,-5.5472263868066,1269887204,1269887204
2025-10-21 19:30:00+00:00,2025-10-21 19:30:00+00:00,DATEADDED_UTC,2025-10-21,myjoyonline.com,https://www.myjoyonline.com/minority-vows-to-fight-torkornoos-removal/,1269890266,PARLIAMENT 130 CHIEF JUSTICE,actor1 PARLIAMENT actor2 CHIEF JUSTICE event_code 130 event_root_code 13 country GH,130,13,PARLIAMENT,CHIEF JUSTICE,GH,-4.4,10,1,10,-3.08788598574821,1269890266,1269890266
2025-10-21 19:30:00+00:00,2025-10-21 19:30:00+00:00,DATEADDED_UTC,2025-10-21,foxnews.com,https://www.foxnews.com/us/illegal-immigrants-arrested-after-woman-found-shot-death-texas-woods-1-wanted-mexican-feds-police,1269890310,MEXICO 174 MEXICO,actor1 MEXICO actor2 MEXICO event_code 174 event_root_code 17 country MX,174,17,MEXICO,MEXICO,MX,-5.0,5,1,5,-7.71428571428571,1269890310,1269890310
2025-10-21 20:15:00+00:00,2025-10-21 20:15:00+00:00,DATEADDED_UTC,2025-10-21,newstalkkit.com,https://newstalkkit.com/ixp/1130/p/moses-lake-school-board-policy/,1269895739,174 PRESIDENT,actor1 actor2 PRESIDENT event_code 174 event_root_code 17 country US,174,17,,PRESIDENT,US,-5.0,6,1,6,-0.62208398133748,1269895739,1269895739
2025-10-21 20:15:00+00:00,2025-10-21 20:15:00+00:00,DATEADDED_UTC,2025-10-21,mid-day.com,https://www.mid-day.com/news/world-news/article/-gaza-ceasefire-us-vice-president-jd-vance-arrives-in-israel-to-shore-up-fragile-truce-23599643,1269896329,UNITED NATIONS 1014,actor1 UNITED NATIONS actor2 event_code 1014 event_root_code 10 country IS,1014,10,UNITED NATIONS,,IS,-5.0,5,1,5,-9.92509363295884,1269896329,1269896329
2025-10-21 20:15:00+00:00,2025-10-21 20:15:00+00:00,DATEADDED_UTC,2025-10-21,thetimes.com,https://www.thetimes.com/us/american-politics/article/jd-vance-fragile-ceasefire-gaza-israel-fsrnq2lft,1269896353,ISRAELI 190 PRESIDENT,actor1 ISRAELI actor2 PRESIDENT event_code 190 event_root_code 19 country IS,190,19,ISRAELI,PRESIDENT,IS,-10.0,6,1,6,-3.58422939068101,1269896353,1269896353
2025-10-21 20:45:00+00:00,2025-10-21 20:45:00+00:00,DATEADDED_UTC,2025-10-21,wtov9.com,https://wtov9.com/news/nation-world/us-pushes-to-reinforce-fragile-gaza-ceasefire-as-vance-visits-israel-president-donald-trump-hamas-hostages-militants-armed,1269900742,PRESIDENT 130 HAMAS,actor1 PRESIDENT actor2 HAMAS event_code 130 event_root_code 13 country IS,130,13,PRESIDENT,HAMAS,IS,-4.4,12,2,12,-4.43037974683544,1269900742,1269900742
2025-10-21 21:00:00+00:00,2025-10-21 21:00:00+00:00,DATEADDED_UTC,2025-10-21,koreaherald.com,https://www.koreaherald.com/article/10598244,1269903795,THE US 1712 VENEZUELA,actor1 THE US actor2 VENEZUELA event_code 1712 event_root_code 17 country VE,1712,17,THE US,VENEZUELA,VE,-9.2,16,1,8,-4.05904059040591,1269903795,1269903795
2025-10-21 21:15:00+00:00,2025-10-21 21:15:00+00:00,DATEADDED_UTC,2025-10-21,channelstv.com,https://www.channelstv.com/2025/10/21/adc-mum-on-calls-for-nnamdi-kanus-release-faults-clampdown-on-protesters/,1269904609,PROTESTER 172 NATIONAL ASSEMBLY,actor1 PROTESTER actor2 NATIONAL ASSEMBLY event_code 172 event_root_code 17 country NI,172,17,PROTESTER,NATIONAL ASSEMBLY,NI,-5.0,5,1,5,-7.16463414634146,1269904609,1269904609
2025-10-21 21:45:00+00:00,2025-10-21 21:45:00+00:00,DATEADDED_UTC,2025-10-21,amny.com,https://www.amny.com/politics/construction-settlement-ag-james-indictment/,1269909355,REPRESENTATIVES 124 SETTLEMENT,actor1 REPRESENTATIVES actor2 SETTLEMENT event_code 124 event_root_code 12 country US,124,12,REPRESENTATIVES,SETTLEMENT,US,-4.0,10,1,10,-9.68342644320295,1269909355,1269909355
2025-10-21 22:15:00+00:00,2025-10-21 22:15:00+00:00,DATEADDED_UTC,2025-10-21,allafrica.com,https://allafrica.com/stories/202510210670.html,1269912290,173 GOVERNMENT,actor1 actor2 GOVERNMENT event_code 173 event_root_code 17 country GH,173,17,,GOVERNMENT,GH,-5.0,10,1,10,-6.88172043010753,1269912290,1269912290
2025-10-21 23:15:00+00:00,2025-10-21 23:15:00+00:00,DATEADDED_UTC,2025-10-21,club937.com,https://club937.com/ixp/812/p/finesse2tymes-arrested-multiple-drug-charges/,1269920059,TEXAS 173 HALLE,actor1 TEXAS actor2 HALLE event_code 173 event_root_code 17 country US,173,17,TEXAS,HALLE,US,-5.0,6,2,6,-2.1446376459144,1269920059,1269920059
2025-10-22 00:15:00+00:00,2025-10-22 00:15:00+00:00,DATEADDED_UTC,2025-10-22,1490wosh.com,https://www.1490wosh.com/2025/10/21/wh-moves-to-clear-final-hurdle-to-portland-guard-deployment/,1269927479,NATIONAL GUARD 154 ADMINISTRATION,actor1 NATIONAL GUARD actor2 ADMINISTRATION event_code 154 event_root_code 15 country US,154,15,NATIONAL GUARD,ADMINISTRATION,US,-7.2,8,1,8,-3.45572354211664,1269927479,1269927479
2025-10-22 00:30:00+00:00,2025-10-22 00:30:00+00:00,DATEADDED_UTC,2025-10-21,bulawayo24.com,https://bulawayo24.com/index-id-news-sc-national-byo-258988.html,1269929396,PUBLIC PROSECUTOR 112 ZIMBABWE,actor1 PUBLIC PROSECUTOR actor2 ZIMBABWE event_code 112 event_root_code 11 country ZI,112,11,PUBLIC PROSECUTOR,ZIMBABWE,ZI,-2.0,10,1,10,-6.68523676880227,1269929396,1269929396
2025-10-22 00:30:00+00:00,2025-10-22 00:30:00+00:00,DATEADDED_UTC,2025-10-22,nypost.com,https://nypost.com/2025/10/21/us-news/hochul-vetoes-bill-boosting-ems-staffing-on-nyc-911-calls-inspired-by-first-responders-murder/,1269930164,GOVERNOR 129,actor1 GOVERNOR actor2 event_code 129 event_root_code 12 country US,129,12,GOVERNOR,,US,-5.0,12,1,6,-5.03355704697986,1269930164,1269930164
2025-10-22 00:30:00+00:00,2025-10-22 00:30:00+00:00,DATEADDED_UTC,2025-10-22,ktsa.com,https://www.ktsa.com/a-look-at-the-us-militarys-unusually-large-force-in-the-caribbean-sea/,1269930627,NAVY 180,actor1 NAVY actor2 event_code 180 event_root_code 18 country RQ,180,18,NAVY,,RQ,-9.0,10,1,10,-2.53164556962025,1269930627,1269930627
2025-10-22 00:45:00+00:00,2025-10-22 00:45:00+00:00,DATEADDED_UTC,2025-10-22,yahoo.com,https://www.yahoo.com/news/articles/long-island-hospital-worker-critically-234154084.html,1269933396,HOSPITAL 111 PROSECUTOR,actor1 HOSPITAL actor2 PROSECUTOR event_code 111 event_root_code 11 country,111,11,HOSPITAL,PROSECUTOR,,-2.0,10,1,10,-6.01173020527859,1269933396,1269933396
2025-10-22 01:00:00+00:00,2025-10-22 01:00:00+00:00,DATEADDED_UTC,2025-10-22,yahoo.com,https://www.yahoo.com/news/articles/ukraine-hits-russian-chemical-plant-003252949.html,1269936319,RUSSIA 195 UKRAINE,actor1 RUSSIA actor2 UKRAINE event_code 195 event_root_code 19 country UP,195,19,RUSSIA,UKRAINE,UP,-10.0,8,1,8,-5.32150776053215,1269936319,1269936319
2025-10-22 01:30:00+00:00,2025-10-22 01:30:00+00:00,DATEADDED_UTC,2025-10-22,amren.com,https://www.amren.com/news/2025/10/criminal-illegal-alien-who-offered-10000-bounties-to-murder-ice-agents-arrested-in-dallas/,1269940725,DALLAS 173 MEXICO,actor1 DALLAS actor2 MEXICO event_code 173 event_root_code 17 country US,173,17,DALLAS,MEXICO,US,-5.0,6,1,6,-12.9032258064516,1269940725,1269940725
2025-10-22 01:45:00+00:00,2025-10-22 01:45:00+00:00,DATEADDED_UTC,2025-10-22,wcvb.com,https://www.wcvb.com/article/hundreds-dismissed-in-one-day-because-of-lawyer-shortage/69112278,1269941587,LEGISLATURE 172,actor1 LEGISLATURE actor2 event_code 172 event_root_code 17 country US,172,17,LEGISLATURE,,US,-5.0,6,1,6,-9.4606542882405,1269941587,1269941587
2025-10-22 02:30:00+00:00,2025-10-22 02:30:00+00:00,DATEADDED_UTC,2025-10-22,12news.com,https://www.12news.com/article/news/nation-world/man-arrested-atlanta-airport-ar-15-police-billy-cagle-livestream-social-media/507-4be1c1c0-daae-4226-b105-b980c1b85810,1269946813,AUTHORITIES 100 ATLANTA,actor1 AUTHORITIES actor2 ATLANTA event_code 100 event_root_code 10 country,100,10,AUTHORITIES,ATLANTA,,-5.0,10,1,10,-5.28846153846154,1269946813,1269946813
2025-10-22 03:30:00+00:00,2025-10-22 03:30:00+00:00,DATEADDED_UTC,2025-10-22,mangalorean.com,https://www.mangalorean.com/us-vice-president-vance-says-hamas-will-be-obliterated-if-it-rejects-disarmament/,1269953433,PRESIDENT 120,actor1 PRESIDENT actor2 event_code 120 event_root_code 12 country IS,120,12,PRESIDENT,,IS,-4.0,10,1,10,-4.45205479452055,1269953433,1269953433
2025-10-22 03:45:00+00:00,2025-10-22 03:45:00+00:00,DATEADDED_UTC,2025-10-22,juneesoutherncross.com.au,https://www.juneesoutherncross.com.au/story/9094338/n-korea-fires-missiles-before-leaders-meet-in-s-korea/,1269955587,NORTH KOREA 120 THE US,actor1 NORTH KOREA actor2 THE US event_code 120 event_root_code 12 country KN,120,12,NORTH KOREA,THE US,KN,-4.0,12,2,12,-2.24803774215097,1269955587,1269955587
2025-10-22 04:00:00+00:00,2025-10-22 04:00:00+00:00,DATEADDED_UTC,2025-10-22,crooksandliars.com,https://crooksandliars.com/2025/10/colombia-recalls-ambassador-blasts-trump,1269956626,COLOMBIAN 161 AMBASSADOR,actor1 COLOMBIAN actor2 AMBASSADOR event_code 161 event_root_code 16 country VE,161,16,COLOMBIAN,AMBASSADOR,VE,-4.0,6,1,6,-3.5483870967742,1269956626,1269956626
2025-10-22 04:45:00+00:00,2025-10-22 04:45:00+00:00,DATEADDED_UTC,2025-10-22,newsx.com,https://www.newsx.com/india/who-is-francesca-orsini-uk-based-hindi-scholar-deported-from-india-over-visa-violations-96797/,1269961568,AUTHORITIES 112,actor1 AUTHORITIES actor2 event_code 112 event_root_code 11 country IN,112,11,AUTHORITIES,,IN,-2.0,5,1,5,-6.0790273556231,1269961568,1269961568
2025-10-22 05:30:00+00:00,2025-10-22 05:30:00+00:00,DATEADDED_UTC,2025-10-22,thetimes-tribune.com,https://www.thetimes-tribune.com/2025/10/22/commentary-donald-trump-applies-his-strongman-approach-to-latin-america/,1269966581,BRAZIL 120 PRESIDENT,actor1 BRAZIL actor2 PRESIDENT event_code 120 event_root_code 12 country BR,120,12,BRAZIL,PRESIDENT,BR,-4.0,8,1,8,-2.54335260115607,1269966581,1269966581
2025-10-22 05:30:00+00:00,2025-10-22 05:30:00+00:00,DATEADDED_UTC,2025-10-22,nationalmemo.com,https://www.nationalmemo.com/hegseth-generals-2674220625,1269967159,MILITARY 173,actor1 MILITARY actor2 event_code 173 event_root_code 17 country US,173,17,MILITARY,,US,-5.0,6,1,6,-7.63636363636363,1269967159,1269967159
2025-10-22 08:30:00+00:00,2025-10-22 08:30:00+00:00,DATEADDED_UTC,2025-10-22,russiaherald.com,http://www.russiaherald.com/news/278650025/yes-pm-carney-confirms-arrest-of-netanyahu-if-he-enters-canada-calls-for-free-and-viable-palestinian-state,1269990773,OTTAWA 173 PRIME MINISTER,actor1 OTTAWA actor2 PRIME MINISTER event_code 173 event_root_code 17 country IS,173,17,OTTAWA,PRIME MINISTER,IS,-5.0,9,3,9,-0.5449591280654,1269990773,1269990773
2025-10-22 08:30:00+00:00,2025-10-22 08:30:00+00:00,DATEADDED_UTC,2025-10-22,express.co.uk,https://www.express.co.uk/news/politics/2124352/rachel-reeves-blames-brexit-huge-tax-hike-plans,1269990935,BRITAIN 100 THE EU,actor1 BRITAIN actor2 THE EU event_code 100 event_root_code 10 country UK,100,10,BRITAIN,THE EU,UK,-5.0,10,1,10,-3.3955857385399,1269990935,1269990935
2025-10-22 08:45:00+00:00,2025-10-22 08:45:00+00:00,DATEADDED_UTC,2025-10-22,irishtimes.com,https://www.irishtimes.com/world/us/2025/10/22/he-was-aware-ex-biden-press-secretary-mounts-lonely-defence-of-former-president/,1269993705,MEDIA 111 HAMAS,actor1 MEDIA actor2 HAMAS event_code 111 event_root_code 11 country US,111,11,MEDIA,HAMAS,US,-2.0,10,1,10,-2.75103163686382,1269993705,1269993705
2025-10-22 09:15:00+00:00,2025-10-22 09:15:00+00:00,DATEADDED_UTC,2025-10-22,malaysiakini.com,https://www.malaysiakini.com/news/758716,1269998160,GOVERNMENT 141 SABAH,actor1 GOVERNMENT actor2 SABAH event_code 141 event_root_code 14 country,141,14,GOVERNMENT,SABAH,,-6.5,10,1,10,1.42857142857143,1269998160,1269998160
2025-10-22 09:30:00+00:00,2025-10-22 09:30:00+00:00,DATEADDED_UTC,2025-10-22,dailypost.ng,https://dailypost.ng/2025/10/22/govs-defection-to-ruling-party-amputates-democracy-adc-chieftain/,1269999778,AFRICA 120 RULING PARTY,actor1 AFRICA actor2 RULING PARTY event_code 120 event_root_code 12 country NI,120,12,AFRICA,RULING PARTY,NI,-4.0,10,1,10,-2.11640211640212,1269999778,1269999778
2025-10-22 09:45:00+00:00,2025-10-22 09:45:00+00:00,DATEADDED_UTC,2025-10-22,economictimes.indiatimes.com,https://economictimes.indiatimes.com/news/international/business/china-seeks-sensitive-data-from-us-firms-in-semiconductor-probe/articleshow/124737250.cms,1270002806,REPRESENTATIVES 124,actor1 REPRESENTATIVES actor2 event_code 124 event_root_code 12 country US,124,12,REPRESENTATIVES,,US,-4.0,10,1,10,0.53475935828877,1270002806,1270002806
2025-10-22 10:45:00+00:00,2025-10-22 10:45:00+00:00,DATEADDED_UTC,2025-10-22,yahoo.com,https://www.yahoo.com/news/articles/two-texas-redistricting-cases-37-100000633.html,1270012827,SUPREME COURT 110 NORTH CAROLINA,actor1 SUPREME COURT actor2 NORTH CAROLINA event_code 110 event_root_code 11 country US,110,11,SUPREME COURT,NORTH CAROLINA,US,-2.0,16,2,16,-1.67439779770881,1270012827,1270012827
2025-10-22 11:30:00+00:00,2025-10-22 11:30:00+00:00,DATEADDED_UTC,2025-10-22,swissinfo.ch,https://www.swissinfo.ch/eng/geneva-organisations/un-ngo-accuses-beijing-and-moscow-of-blocking-funding/90205697,1270019496,GENEVA 112 BEIJING,actor1 GENEVA actor2 BEIJING event_code 112 event_root_code 11 country CH,112,11,GENEVA,BEIJING,CH,-2.0,14,1,8,-2.96296296296296,1270019496,1270019496
2025-10-22 12:00:00+00:00,2025-10-22 12:00:00+00:00,DATEADDED_UTC,2025-10-22,bssnews.net,https://www.bssnews.net/news-flash/323880,1270025196,CABINET 1041,actor1 CABINET actor2 event_code 1041 event_root_code 10 country BG,1041,10,CABINET,,BG,-5.0,10,1,10,-1.06666666666666,1270025196,1270025196
2025-10-22 12:00:00+00:00,2025-10-22 12:00:00+00:00,DATEADDED_UTC,2025-10-22,allafrica.com,https://allafrica.com/stories/202510220051.html,1270025506,LAWMAKER 173,actor1 LAWMAKER actor2 event_code 173 event_root_code 17 country NI,173,17,LAWMAKER,,NI,-5.0,10,1,10,-9.81067125645443,1270025506,1270025506
2025-10-22 12:00:00+00:00,2025-10-22 12:00:00+00:00,DATEADDED_UTC,2025-10-22,foxnews.com,https://www.foxnews.com/world/north-korea-launches-ballistic-missiles-days-before-trumps-visit-peninsula,1270025699,PYONGYANG 194 SOUTH KOREA,actor1 PYONGYANG actor2 SOUTH KOREA event_code 194 event_root_code 19 country KS,194,19,PYONGYANG,SOUTH KOREA,KS,-10.0,10,1,10,-0.78947368421053,1270025699,1270025699
2025-10-22 12:15:00+00:00,2025-10-22 12:15:00+00:00,DATEADDED_UTC,2025-10-22,globalsecurity.org,https://www.globalsecurity.org/security/library/news/2025/10/sec-251021-californiagov-newsom01.htm,1270028379,ATTORNEY GENERAL 115 MILITARY,actor1 ATTORNEY GENERAL actor2 MILITARY event_code 115 event_root_code 11 country US,115,11,ATTORNEY GENERAL,MILITARY,US,-2.0,8,1,8,-4.9221183800623,1270028379,1270028379
2025-10-22 12:45:00+00:00,2025-10-22 12:45:00+00:00,DATEADDED_UTC,2025-10-22,swissinfo.ch,https://www.swissinfo.ch/eng/climate-solutions/federal-council-rejects-wind-power-popular-initiatives-without-a-counter-proposal/90206677,1270033986,SWISS 127,actor1 SWISS actor2 event_code 127 event_root_code 12 country GM,127,12,SWISS,,GM,-5.0,6,1,6,0.0,1270033986,1270033986
2025-10-22 12:45:00+00:00,2025-10-22 12:45:00+00:00,DATEADDED_UTC,2025-10-22,focustaiwan.tw,https://focustaiwan.tw/society/202510220018,1270034971,TAIWAN 173 PROSECUTOR,actor1 TAIWAN actor2 PROSECUTOR event_code 173 event_root_code 17 country TW,173,17,TAIWAN,PROSECUTOR,TW,-5.0,8,1,8,-9.42857142857147,1270034971,1270034971
2025-10-22 14:00:00+00:00,2025-10-22 14:00:00+00:00,DATEADDED_UTC,2025-10-22,dailyrecord.co.uk,https://www.dailyrecord.co.uk/news/scottish-news/family-scots-lawyer-murdered-speak-36112648,1270048304,SCOT 190,actor1 SCOT actor2 event_code 190 event_root_code 19 country UK,190,19,SCOT,,UK,-10.0,10,1,10,-2.08728652751423,1270048304,1270048304
2025-10-22 14:00:00+00:00,2025-10-22 14:00:00+00:00,DATEADDED_UTC,2025-10-22,defensenews.com,https://www.defensenews.com/congress/2017/03/02/key-gop-lawmakers-call-for-sessions-to-recuse-himself-over-russia-ties/,1270048689,SENATE 111 RUSSIA,actor1 SENATE actor2 RUSSIA event_code 111 event_root_code 11 country RS,111,11,SENATE,RUSSIA,RS,-2.0,7,1,4,-2.46636771300449,1270048689,1270048689
2025-10-22 14:15:00+00:00,2025-10-22 14:15:00+00:00,DATEADDED_UTC,2025-10-22,bankingnews.gr,https://www.bankingnews.gr/index.php?id=833403,1270049411,163 JUDGE,actor1 actor2 JUDGE event_code 163 event_root_code 16 country RS,163,16,,JUDGE,RS,-8.0,8,1,8,-2.49094202898551,1270049411,1270049411
2025-10-22 15:00:00+00:00,2025-10-22 15:00:00+00:00,DATEADDED_UTC,2025-10-22,cnn.com,https://www.cnn.com/2025/10/22/middleeast/icj-israel-humanitarian-aid-gaza-intl,1270058412,ISRAELI 112 THE UN,actor1 ISRAELI actor2 THE UN event_code 112 event_root_code 11 country IS,112,11,ISRAELI,THE UN,IS,-2.0,10,1,10,-5.32359081419624,1270058412,1270058412
2025-10-22 15:15:00+00:00,2025-10-22 15:15:00+00:00,DATEADDED_UTC,2025-10-22,forbes.com,https://www.forbes.com/sites/adamminsky/2025/10/22/these-student-loan-borrowers-have-just-10-weeks-to-avoid-huge-tax-bomb/,1270060900,PRESIDENT 120,actor1 PRESIDENT actor2 event_code 120 event_root_code 12 country US,120,12,PRESIDENT,,US,-4.0,6,1,6,1.36275146009085,1270060900,1270060900
2025-10-22 15:45:00+00:00,2025-10-22 15:45:00+00:00,DATEADDED_UTC,2025-10-22,abc.net.au,https://www.abc.net.au/listen/programs/latenightlive/benin-bronzes-repatriation/105922406,1270066677,BENIN 145 BRITISH,actor1 BENIN actor2 BRITISH event_code 145 event_root_code 14 country UK,145,14,BENIN,BRITISH,UK,-7.5,8,1,8,-1.11111111111111,1270066677,1270066677
2025-10-22 16:00:00+00:00,2025-10-22 16:00:00+00:00,DATEADDED_UTC,2025-10-22,economictimes.indiatimes.com,https://economictimes.indiatimes.com/news/international/world-news/explainer-how-will-the-next-un-chief-be-chosen-and-who-wants-the-job/articleshow/124743686.cms,1270069619,DIPLOMAT 129,actor1 DIPLOMAT actor2 event_code 129 event_root_code 12 country FR,129,12,DIPLOMAT,,FR,-5.0,10,1,10,1.20336943441636,1270069619,1270069619
2025-10-22 16:15:00+00:00,2025-10-22 16:15:00+00:00,DATEADDED_UTC,2025-10-22,undercurrentnews.com,https://www.undercurrentnews.com/2025/10/22/us-senator-tacks-anti-iuu-rules-china-seafood-ban-into-must-pass-defense-bill/,1270073388,ALASKA 172 CHINA,actor1 ALASKA actor2 CHINA event_code 172 event_root_code 17 country CH,172,17,ALASKA,CHINA,CH,-5.0,6,1,6,0.0,1270073388,1270073388
2025-10-22 16:30:00+00:00,2025-10-22 16:30:00+00:00,DATEADDED_UTC,2025-10-22,democracynow.org,https://www.democracynow.org/2025/10/22/colombia_us,1270075223,UNITED NATIONS 130 VENEZUELA,actor1 UNITED NATIONS actor2 VENEZUELA event_code 130 event_root_code 13 country VE,130,13,UNITED NATIONS,VENEZUELA,VE,-4.4,10,1,10,-5.52147239263803,1270075223,1270075223
2025-10-22 16:30:00+00:00,2025-10-22 16:30:00+00:00,DATEADDED_UTC,2025-10-22,democracynow.org,https://www.democracynow.org/2025/10/22/headlines/trump_putin_summit_in_budapest_is_canceled,1270075788,UKRAINIAN 120 RUSSIA,actor1 UKRAINIAN actor2 RUSSIA event_code 120 event_root_code 12 country RS,120,12,UKRAINIAN,RUSSIA,RS,-4.0,6,1,6,-3.2,1270075788,1270075788
2025-10-22 17:00:00+00:00,2025-10-22 17:00:00+00:00,DATEADDED_UTC,2025-10-22,hopestandard.com,https://www.hopestandard.com/news/bc-cowichan-tribes-land-title-decision-continues-to-raise-big-reconcilliation-questions-8313907,1270080701,120 CANADA,actor1 actor2 CANADA event_code 120 event_root_code 12 country CA,120,12,,CANADA,CA,-4.0,16,2,16,-1.19743853835475,1270080701,1270080701
2025-10-22 17:30:00+00:00,2025-10-22 17:30:00+00:00,DATEADDED_UTC,2025-10-22,thejournal.ie,https://www.thejournal.ie/catherine-connolly-ai-deepfake-condemns-6851912-Oct2025/,1270085963,ELECTORAL COMMISSION 114,actor1 ELECTORAL COMMISSION actor2 event_code 114 event_root_code 11 country EI,114,11,ELECTORAL COMMISSION,,EI,-2.0,5,1,5,-5.41237113402062,1270085963,1270085963
2025-10-22 17:45:00+00:00,2025-10-22 17:45:00+00:00,DATEADDED_UTC,2025-10-22,nigerianeye.com,https://www.nigerianeye.com/2025/10/police-arrest-officer-for-shooting-at.html,1270088999,TYRE 193 NIGERIA,actor1 TYRE actor2 NIGERIA event_code 193 event_root_code 19 country NI,193,19,TYRE,NIGERIA,NI,-10.0,8,1,8,-8.33333333333334,1270088999,1270088999
2025-10-22 18:00:00+00:00,2025-10-22 18:00:00+00:00,DATEADDED_UTC,2025-10-22,foxnews.com,https://www.foxnews.com/tech/ohio-lawmaker-proposes-comprehensive-ban-marrying-ai-systems-granting-legal-personhood,1270091833,OHIO 172,actor1 OHIO actor2 event_code 172 event_root_code 17 country US,172,17,OHIO,,US,-5.0,6,1,6,-0.93659942363113,1270091833,1270091833
2025-10-22 19:00:00+00:00,2025-10-22 19:00:00+00:00,DATEADDED_UTC,2025-10-22,kisscasper.com,https://kisscasper.com/ixp/101/p/wyoming-supreme-court-ruling/,1270101335,SUPREME COURT 173,actor1 SUPREME COURT actor2 event_code 173 event_root_code 17 country US,173,17,SUPREME COURT,,US,-5.0,6,1,6,-6.81003584229391,1270101335,1270101335
2025-10-22 19:15:00+00:00,2025-10-22 19:15:00+00:00,DATEADDED_UTC,2025-10-22,bozemandailychronicle.com,https://www.bozemandailychronicle.com/news/livingston-investigates-death-threat-mailed-to-city-manager/article_5f2a4f35-c2df-56af-b405-14c8b90171e8.html,1270103165,POLICE 134 CITY MANAGER,actor1 POLICE actor2 CITY MANAGER event_code 134 event_root_code 13 country US,134,13,POLICE,CITY MANAGER,US,-5.8,10,1,10,-4.41988950276243,1270103165,1270103165
2025-10-22 19:15:00+00:00,2025-10-22 19:15:00+00:00,DATEADDED_UTC,2025-10-22,americamagazine.org,https://www.americamagazine.org/vatican-dispatch/2025/10/22/pope-leo-religious-freedom-report/,1270103377,ERITREA 112 IRAN,actor1 ERITREA actor2 IRAN event_code 112 event_root_code 11 country CH,112,11,ERITREA,IRAN,CH,-2.0,6,1,6,-2.61584454409566,1270103377,1270103377
2025-10-22 19:15:00+00:00,2025-10-22 19:15:00+00:00,DATEADDED_UTC,2025-10-22,yahoo.com,https://www.yahoo.com/news/articles/american-missionary-reportedly-kidnapped-niger-183645574.html,1270103581,PRESIDENTIAL PALACE 181 NIAMEY,actor1 PRESIDENTIAL PALACE actor2 NIAMEY event_code 181 event_root_code 18 country NG,181,18,PRESIDENTIAL PALACE,NIAMEY,NG,-9.0,5,1,5,-2.08333333333333,1270103581,1270103581
2025-10-22 20:45:00+00:00,2025-10-22 20:45:00+00:00,DATEADDED_UTC,2025-10-22,yahoo.com,https://www.yahoo.com/news/articles/organized-crime-group-allegedly-stole-201119206.html,1270115923,SPAIN 173 GROUP OF SEVEN,actor1 SPAIN actor2 GROUP OF SEVEN event_code 173 event_root_code 17 country FR,173,17,SPAIN,GROUP OF SEVEN,FR,-5.0,10,1,10,-6.97278911564626,1270115923,1270115923
2025-10-22 21:00:00+00:00,2025-10-22 21:00:00+00:00,DATEADDED_UTC,2025-10-22,fox8live.com,https://www.fox8live.com/2025/10/22/court-finds-new-orleans-tenants-lawsuit-over-landlords-intimate-recording-be-frivolous/,1270118564,CIRCUIT COURT OF APPEALS 124 NEW ORLEANS,actor1 CIRCUIT COURT OF APPEALS actor2 NEW ORLEANS event_code 124 event_root_code 12 country,124,12,CIRCUIT COURT OF APPEALS,NEW ORLEANS,,-4.0,10,1,10,-4.28571428571429,1270118564,1270118564
2025-10-22 21:00:00+00:00,2025-10-22 21:00:00+00:00,DATEADDED_UTC,2025-10-22,ibtimes.co.uk,https://www.ibtimes.co.uk/scientists-baffled-interstellar-object-3i-atlas-flips-its-tail-alien-technology-cosmic-1749525,1270119176,NASA 120,actor1 NASA actor2 event_code 120 event_root_code 12 country,120,12,NASA,,,-4.0,10,1,10,-1.53203342618385,1270119176,1270119176
2025-10-22 21:30:00+00:00,2025-10-22 21:30:00+00:00,DATEADDED_UTC,2025-10-22,scmp.com,https://www.scmp.com/news/world/russia-central-asia/article/3329994/ukraine-war-us-vows-new-russia-sanctions-saying-putin-not-honest-trump-disappointed,1270123058,THE US 112 EUROPEAN UNION,actor1 THE US actor2 EUROPEAN UNION event_code 112 event_root_code 11 country HU,112,11,THE US,EUROPEAN UNION,HU,-2.0,10,1,10,-2.92682926829269,1270123058,1270123058
2025-10-22 22:45:00+00:00,2025-10-22 22:45:00+00:00,DATEADDED_UTC,2025-10-22,dailytimes.com.pk,https://dailytimes.com.pk/1388110/6-terrorists-killed-in-operation-against-fitna-al-hindustan-in-balochistan/,1270132563,RESIDENTS 111 GOVERNMENT,actor1 RESIDENTS actor2 GOVERNMENT event_code 111 event_root_code 11 country PK,111,11,RESIDENTS,GOVERNMENT,PK,-2.0,6,1,6,-7.12871287128713,1270132563,1270132563
2025-10-22 22:45:00+00:00,2025-10-22 22:45:00+00:00,DATEADDED_UTC,2025-10-22,catholicnewsagency.com,https://www.catholicnewsagency.com/news/267343/maduro-accuses-cardinal-porras-of-plotting-against-st-jose-gregorio-hernandezs-canonization,1270133648,VATICAN 173,actor1 VATICAN actor2 event_code 173 event_root_code 17 country VE,173,17,VATICAN,,VE,-5.0,10,1,10,-5.38827258320127,1270133648,1270133648
2025-10-22 23:00:00+00:00,2025-10-22 23:00:00+00:00,DATEADDED_UTC,2025-10-22,aninews.in,https://aninews.in/news/world/us/us-strikes-alleged-drug-vessel-in-pacific-killing-2-people-8th-strike-since-sept-220251023040635/,1270134690,PRESIDENT 112 COLOMBIAN,actor1 PRESIDENT actor2 COLOMBIAN event_code 112 event_root_code 11 country CO,112,11,PRESIDENT,COLOMBIAN,CO,-2.0,6,1,6,-11.8,1270134690,1270134690
2025-10-22 23:00:00+00:00,2025-10-22 23:00:00+00:00,DATEADDED_UTC,2025-10-22,kyivpost.com,https://www.kyivpost.com/post/62771,1270135277,WASHINGTON 163 RUSSIA,actor1 WASHINGTON actor2 RUSSIA event_code 163 event_root_code 16 country RS,163,16,WASHINGTON,RUSSIA,RS,-8.0,8,1,8,-5.3921568627451,1270135277,1270135277
2025-10-22 23:15:00+00:00,2025-10-22 23:15:00+00:00,DATEADDED_UTC,2025-10-22,earthisland.org,https://www.earthisland.org/journal/index.php/articles/entry/oil-and-gas-companies-used-banned-toxic-chemicals-near-the-rocky-mountains,1270136139,COMPANIES 130 REGULATOR,actor1 COMPANIES actor2 REGULATOR event_code 130 event_root_code 13 country US,130,13,COMPANIES,REGULATOR,US,-4.4,5,1,5,-1.77394830207806,1270136139,1270136139
2025-10-22 23:15:00+00:00,2025-10-22 23:15:00+00:00,DATEADDED_UTC,2025-10-22,indiablooms.com,https://www.indiablooms.com/news/political-storm-in-bengal-over-alleged-vandalism-of-kali-idol-bjp-attacks-mamata-banerjee-govt/details,1270136617,CONGRESS 112 THE OPPOSITION,actor1 CONGRESS actor2 THE OPPOSITION event_code 112 event_root_code 11 country,112,11,CONGRESS,THE OPPOSITION,,-2.0,5,1,5,-3.71584699453552,1270136617,1270136617
2025-10-22 23:45:00+00:00,2025-10-22 23:45:00+00:00,DATEADDED_UTC,2025-10-22,playbill.com,https://playbill.com/article/u-s-senators-encourage-local-802-and-broadway-league-to-prevent-a-strike,1270139851,ACTOR 143 NEW YORK,actor1 ACTOR actor2 NEW YORK event_code 143 event_root_code 14 country US,143,14,ACTOR,NEW YORK,US,-6.5,8,1,8,-0.89605734767025,1270139851,1270139851
2025-10-23 00:30:00+00:00,2025-10-23 00:30:00+00:00,DATEADDED_UTC,2025-10-23,hometownregister.com,https://www.hometownregister.com/news/national/newsom-bonta-vow-suit-over-national-guard-deployment/article_e0dc52fe-65e9-5968-a1ac-d51ea9ed0f4c.html,1270147497,ATTORNEY GENERAL 154 NATIONAL GUARD,actor1 ATTORNEY GENERAL actor2 NATIONAL GUARD event_code 154 event_root_code 15 country US,154,15,ATTORNEY GENERAL,NATIONAL GUARD,US,-7.2,12,2,12,-5.64334085778781,1270147497,1270147497
2025-10-23 00:45:00+00:00,2025-10-23 00:45:00+00:00,DATEADDED_UTC,2025-10-23,grenadachronicle.com,https://grenadachronicle.com/after-icj-ruling-can-un-relief-agency-unrwa-resume-full-gaza-operations/,1270150594,PALESTINIAN 112 ISRAEL,actor1 PALESTINIAN actor2 ISRAEL event_code 112 event_root_code 11 country IS,112,11,PALESTINIAN,ISRAEL,IS,-2.0,6,1,6,-4.88676996424315,1270150594,1270150594
2025-10-23 01:30:00+00:00,2025-10-23 01:30:00+00:00,DATEADDED_UTC,2025-10-23,amren.com,https://www.amren.com/news/2025/10/denmark-72-of-gang-crime-convicts-have-non-western-background/,1270156540,SOMALIA 173 LEBANON,actor1 SOMALIA actor2 LEBANON event_code 173 event_root_code 17 country SO,173,17,SOMALIA,LEBANON,SO,-5.0,6,1,6,-5.15463917525774,1270156540,1270156540
2025-10-23 03:30:00+00:00,2025-10-23 03:30:00+00:00,DATEADDED_UTC,2025-10-23,kcrg.com,https://www.kcrg.com/2025/10/23/how-candidates-dubuque-mayor-differ-their-vision-citys-future/,1270169307,MAYOR 110,actor1 MAYOR actor2 event_code 110 event_root_code 11 country US,110,11,MAYOR,,US,-2.0,6,1,6,-0.30864197530864,1270169307,1270169307
2025-10-23 03:45:00+00:00,2025-10-23 03:45:00+00:00,DATEADDED_UTC,2025-10-23,indianexpress.com,https://indianexpress.com/article/india/old-enmity-lingering-case-and-2-hired-gunmen-how-police-cracked-bjp-leaders-murder-that-shook-odisha-10321565/,1270171084,GUNMEN 190 POLICE,actor1 GUNMEN actor2 POLICE event_code 190 event_root_code 19 country IN,190,19,GUNMEN,POLICE,IN,-10.0,5,1,5,-9.55284552845525,1270171084,1270171084
2025-10-23 04:30:00+00:00,2025-10-23 04:30:00+00:00,DATEADDED_UTC,2025-10-23,kstatecollegian.com,https://kstatecollegian.com/2025/10/22/protestors-against-trump-gather-on-poyntz-for-no-kings-day/,1270175059,141 PRESIDENT,actor1 actor2 PRESIDENT event_code 141 event_root_code 14 country US,141,14,,PRESIDENT,US,-6.5,6,1,6,-2.7992277992278,1270175059,1270175059
2025-10-23 06:15:00+00:00,2025-10-23 06:15:00+00:00,DATEADDED_UTC,2025-10-23,ewn.co.za,https://www.ewn.co.za/2025/10/23/trump-slaps-tremendous-sanctions-on-russian-oil-for-ukraine-war,1270188403,RUSSIAN 163 UKRAINE,actor1 RUSSIAN actor2 UKRAINE event_code 163 event_root_code 16 country BE,163,16,RUSSIAN,UKRAINE,BE,-8.0,6,1,6,-4.41717791411043,1270188403,1270188403
2025-10-23 07:30:00+00:00,2025-10-23 07:30:00+00:00,DATEADDED_UTC,2025-10-23,ghanaweb.com,https://www.ghanaweb.com/GhanaHomePage/NewsArchive/Dafeamekpor-takes-on-former-UG-VC-over-Rawlings-led-with-anger-comment-2006332,1270198727,MEMBER OF PARLIAMENT 111 CHANCELLOR,actor1 MEMBER OF PARLIAMENT actor2 CHANCELLOR event_code 111 event_root_code 11 country NI,111,11,MEMBER OF PARLIAMENT,CHANCELLOR,NI,-2.0,8,1,8,-2.21774193548387,1270198727,1270198727
2025-10-23 07:45:00+00:00,2025-10-23 07:45:00+00:00,DATEADDED_UTC,2025-10-23,brahmand.com,https://www.brahmand.com/news-detail/21813,1270201019,ARMY 190,actor1 ARMY actor2 event_code 190 event_root_code 19 country IN,190,19,ARMY,,IN,-10.0,5,1,5,-0.93808630393996,1270201019,1270201019
2025-10-23 10:15:00+00:00,2025-10-23 10:15:00+00:00,DATEADDED_UTC,2025-10-23,yahoo.com,https://www.yahoo.com/news/articles/ukraine-war-latest-live-trump-092121724.html,1270223167,KHARKIV 193 RUSSIAN,actor1 KHARKIV actor2 RUSSIAN event_code 193 event_root_code 19 country RS,193,19,KHARKIV,RUSSIAN,RS,-10.0,7,1,7,-8.30601092896175,1270223167,1270223167
2025-10-23 10:45:00+00:00,2025-10-23 10:45:00+00:00,DATEADDED_UTC,2025-10-23,article.wn.com,https://article.wn.com/view/2025/10/23/Rubio_warns_against_West_Bank_annexation_after_Israels_parli/,1270228222,ISRAEL 130 WEST BANK,actor1 ISRAEL actor2 WEST BANK event_code 130 event_root_code 13 country IS,130,13,ISRAEL,WEST BANK,IS,-4.4,10,1,10,-4.54545454545455,1270228222,1270228222
2025-10-23 10:45:00+00:00,2025-10-23 10:45:00+00:00,DATEADDED_UTC,2025-10-23,yahoo.com,https://www.yahoo.com/news/articles/american-missionary-abducted-niger-security-101218326.html,1270228797,AMERICAN 181 NIGER,actor1 AMERICAN actor2 NIGER event_code 181 event_root_code 18 country NG,181,18,AMERICAN,NIGER,NG,-9.0,8,1,8,-3.37662337662337,1270228797,1270228797
2025-10-23 10:45:00+00:00,2025-10-23 10:45:00+00:00,DATEADDED_UTC,2025-10-23,hawaiitribune-herald.com,https://www.hawaiitribune-herald.com/2025/10/23/nation-world-news/with-spacex-behind-schedule-nasa-will-seek-more-moon-lander-ideas/,1270228842,NASA 125,actor1 NASA actor2 event_code 125 event_root_code 12 country CH,125,12,NASA,,CH,-5.0,5,1,5,-0.50847457627119,1270228842,1270228842
2025-10-23 11:15:00+00:00,2025-10-23 11:15:00+00:00,DATEADDED_UTC,2025-10-23,nbcnews.com,https://www.nbcnews.com/world/middle-east/rubio-warns-israels-moves-west-bank-annexation-imperil-peace-talks-rcna239293,1270233751,ISRAEL 124 WEST BANK,actor1 ISRAEL actor2 WEST BANK event_code 124 event_root_code 12 country IS,124,12,ISRAEL,WEST BANK,IS,-4.0,6,1,6,-3.16901408450704,1270233751,1270233751
2025-10-23 11:30:00+00:00,2025-10-23 11:30:00+00:00,DATEADDED_UTC,2025-10-23,dailytrust.com,https://dailytrust.com/iswap-threat-security-forces-comb-ondo-kogi-forests/,1270236859,INTELLIGENCE 190,actor1 INTELLIGENCE actor2 event_code 190 event_root_code 19 country NI,190,19,INTELLIGENCE,,NI,-10.0,12,1,6,-1.37909898866074,1270236859,1270236859
2025-10-23 11:45:00+00:00,2025-10-23 11:45:00+00:00,DATEADDED_UTC,2025-10-23,yahoo.com,https://www.yahoo.com/news/articles/state-department-issues-9-travel-081500780.html,1270238569,BHUTAN 160 SUDAN,actor1 BHUTAN actor2 SUDAN event_code 160 event_root_code 16 country MV,160,16,BHUTAN,SUDAN,MV,-4.0,10,1,10,-12.3314065510597,1270238569,1270238569
2025-10-23 11:45:00+00:00,2025-10-23 11:45:00+00:00,DATEADDED_UTC,2025-10-23,yahoo.com,https://www.yahoo.com/news/articles/hartford-school-board-considers-policy-100016237.html,1270238846,SCHOOL 120 JUDGE,actor1 SCHOOL actor2 JUDGE event_code 120 event_root_code 12 country US,120,12,SCHOOL,JUDGE,US,-4.0,10,1,10,0.39603960396039,1270238846,1270238846
2025-10-23 12:00:00+00:00,2025-10-23 12:00:00+00:00,DATEADDED_UTC,2025-10-23,dailypost.ng,https://dailypost.ng/2025/10/23/five-iswap-commanders-killed-by-nigerian-troops-in-borno-identified/,1270241122,190 TERRORIST,actor1 actor2 TERRORIST event_code 190 event_root_code 19 country NI,190,19,,TERRORIST,NI,-10.0,10,1,10,-10.7954545454546,1270241122,1270241122
2025-10-23 12:00:00+00:00,2025-10-23 12:00:00+00:00,DATEADDED_UTC,2025-10-23,lynnnews.co.uk,https://www.lynnnews.co.uk/national/veteran-soldier-f-not-guilty-of-murders-on-bloody-sunday-157519/,1270241858,REGIMENT 193,actor1 REGIMENT actor2 event_code 193 event_root_code 19 country UK,193,19,REGIMENT,,UK,-10.0,6,1,6,-9.42408376963355,1270241858,1270241858
2025-10-23 12:00:00+00:00,2025-10-23 12:00:00+00:00,DATEADDED_UTC,2025-10-23,rapidcityjournal.com,https://rapidcityjournal.com/opinion/letters/article_1368eb8b-189b-4f2e-9522-51b644fe503b.html,1270242288,JOE BIDEN 1243,actor1 JOE BIDEN actor2 event_code 1243 event_root_code 12 country,1243,12,JOE BIDEN,,,-4.0,10,1,10,-5.55555555555555,1270242288,1270242288
2025-10-23 12:15:00+00:00,2025-10-23 12:15:00+00:00,DATEADDED_UTC,2025-10-23,peoplesdailyng.com,https://peoplesdailyng.com/breaking-kanu-sacks-legal-team-as-agabi-ikpeazu-others-withdraw/,1270244269,ADVOCATE 161,actor1 ADVOCATE actor2 event_code 161 event_root_code 16 country NI,161,16,ADVOCATE,,NI,-4.0,6,1,6,-3.84615384615385,1270244269,1270244269
2025-10-23 12:45:00+00:00,2025-10-23 12:45:00+00:00,DATEADDED_UTC,2024-10-23,gdnonline.com:443,https://www.gdnonline.com:443/Details/1366594,1270248898,ISRAEL 1712 LEBANON,actor1 ISRAEL actor2 LEBANON event_code 1712 event_root_code 17 country IS,1712,17,ISRAEL,LEBANON,IS,-9.2,6,1,6,-4.92125984251968,1270248898,1270248898
2025-10-23 13:15:00+00:00,2025-10-23 13:15:00+00:00,DATEADDED_UTC,2025-10-23,tylerpaper.com,https://tylerpaper.com/2025/10/23/organizers-over-2000-people-joined-together-at-bergfeld-park-for-tylers-no-kings-protest/,1270254413,KING 141 PROTESTER,actor1 KING actor2 PROTESTER event_code 141 event_root_code 14 country US,141,14,KING,PROTESTER,US,-6.5,10,1,10,-3.77867746288799,1270254413,1270254413
2025-10-23 13:30:00+00:00,2025-10-23 13:30:00+00:00,DATEADDED_UTC,2025-10-23,yahoo.com,https://www.yahoo.com/news/articles/bloody-sunday-veteran-not-guilty-113620164.html,1270256859,UNITED KINGDOM 190 JUDGE,actor1 UNITED KINGDOM actor2 JUDGE event_code 190 event_root_code 19 country UK,190,19,UNITED KINGDOM,JUDGE,UK,-10.0,6,1,6,-8.42911877394636,1270256859,1270256859
2025-10-23 13:30:00+00:00,2025-10-23 13:30:00+00:00,DATEADDED_UTC,2025-10-23,israelnationalnews.com,https://www.israelnationalnews.com/news/416706,1270257172,ISRAEL 1383 ISRAELI,actor1 ISRAEL actor2 ISRAELI event_code 1383 event_root_code 13 country IS,1383,13,ISRAEL,ISRAELI,IS,-7.0,10,1,10,-6.68896321070234,1270257172,1270257172
2025-10-23 14:00:00+00:00,2025-10-23 14:00:00+00:00,DATEADDED_UTC,2025-10-23,pakobserver.net,https://pakobserver.net/pakistani-man-loses-rs24-crores-in-shocking-crypto-robbery-at-karachi-airport/,1270262261,AUTHORITIES 110,actor1 AUTHORITIES actor2 event_code 110 event_root_code 11 country PK,110,11,AUTHORITIES,,PK,-2.0,10,1,10,-7.86516853932584,1270262261,1270262261
2025-10-23 14:00:00+00:00,2025-10-23 14:00:00+00:00,DATEADDED_UTC,2025-10-23,lemonde.fr,https://www.lemonde.fr/en/environment/article/2025/10/23/eu-adopts-rules-to-curb-plastic-pellet-pollution_6746712_114.html,1270262266,AUTHORITIES 112,actor1 AUTHORITIES actor2 event_code 112 event_root_code 11 country FR,112,11,AUTHORITIES,,FR,-2.0,5,1,5,-2.61780104712042,1270262266,1270262266
2025-10-23 14:15:00+00:00,2025-10-23 14:15:00+00:00,DATEADDED_UTC,2025-10-23,newindianexpress.com,https://www.newindianexpress.com/nation/2025/Oct/23/defence-ministry-approves-procurement-proposals-worth-rs-79000-crore,1270266357,MINIST OF DEFENCE 190 INTELLIGENCE,actor1 MINIST OF DEFENCE actor2 INTELLIGENCE event_code 190 event_root_code 19 country,190,19,MINIST OF DEFENCE,INTELLIGENCE,,-10.0,10,1,10,1.31004366812227,1270266357,1270266357
2025-10-23 14:15:00+00:00,2025-10-23 14:15:00+00:00,DATEADDED_UTC,2025-10-23,newindianexpress.com,https://www.newindianexpress.com/nation/2025/Oct/23/delhi-court-upholds-civil-judge-order-dismissing-plea-seeking-declaration-of-ayodhya-verdict-as-void,1270266400,DELHI 110 JUDGE,actor1 DELHI actor2 JUDGE event_code 110 event_root_code 11 country IN,110,11,DELHI,JUDGE,IN,-2.0,6,1,6,-5.40540540540541,1270266400,1270266400
2025-10-23 14:15:00+00:00,2025-10-23 14:15:00+00:00,DATEADDED_UTC,2025-10-23,autospies.com,https://www.autospies.com/news/index.aspx?submissionid=127268,1270266761,CARLOS TAVARES 130 THE US,actor1 CARLOS TAVARES actor2 THE US event_code 130 event_root_code 13 country IT,130,13,CARLOS TAVARES,THE US,IT,-4.4,10,1,10,-8.06451612903225,1270266761,1270266761
2025-10-23 14:30:00+00:00,2025-10-23 14:30:00+00:00,DATEADDED_UTC,2025-10-23,sentinelassam.com,https://www.sentinelassam.com/more-news/international/donald-trump-says-he-wants-to-be-nice-to-china-but-slaps-155-tariffs-from-nov-1,1270268653,THE US 120,actor1 THE US actor2 event_code 120 event_root_code 12 country CH,120,12,THE US,,CH,-4.0,5,1,5,-0.53003533568905,1270268653,1270268653
2025-10-23 15:15:00+00:00,2025-10-23 15:15:00+00:00,DATEADDED_UTC,2025-10-23,independent.co.uk,https://www.independent.co.uk/news/world/europe/trump-putin-sanctions-oil-ukraine-b2850710.html,1270276903,RUSSIA 190 UKRAINIAN,actor1 RUSSIA actor2 UKRAINIAN event_code 190 event_root_code 19 country RS,190,19,RUSSIA,UKRAINIAN,RS,-10.0,8,1,8,-4.35280641466209,1270276903,1270276903
2025-10-23 15:30:00+00:00,2025-10-23 15:30:00+00:00,DATEADDED_UTC,2025-10-23,naturalnews.com,https://www.naturalnews.com/2025-10-23-no-kings-protests-trump-administration-mass-opposition.html,1270280989,UNITED STATES 111 DEMONSTRATOR,actor1 UNITED STATES actor2 DEMONSTRATOR event_code 111 event_root_code 11 country US,111,11,UNITED STATES,DEMONSTRATOR,US,-2.0,6,1,6,-5.45454545454545,1270280989,1270280989
2025-10-23 16:00:00+00:00,2025-10-23 16:00:00+00:00,DATEADDED_UTC,2025-10-23,yahoo.com,https://www.yahoo.com/news/articles/op-ed-fda-direction-threatens-143800317.html,1270284968,BUREAUCRAT 110 SCIENTIST,actor1 BUREAUCRAT actor2 SCIENTIST event_code 110 event_root_code 11 country US,110,11,BUREAUCRAT,SCIENTIST,US,-2.0,10,1,10,-3.88571428571429,1270284968,1270284968
2025-10-23 16:00:00+00:00,2025-10-23 16:00:00+00:00,DATEADDED_UTC,2025-10-23,tonyskansascity.com,https://www.tonyskansascity.com/2025/10/conservatives-question-wyco-da-dupree.html,1270285654,UNITED STATES 173 PROSECUTOR,actor1 UNITED STATES actor2 PROSECUTOR event_code 173 event_root_code 17 country US,173,17,UNITED STATES,PROSECUTOR,US,-5.0,8,1,8,-12.3152709359606,1270285654,1270285654
2025-10-23 16:30:00+00:00,2025-10-23 16:30:00+00:00,DATEADDED_UTC,2025-10-23,yahoo.com,https://www.yahoo.com/news/articles/americans-brand-trump-dangerous-dictator-144702003.html,1270289443,DICTATOR 111 RELIGIOUS GROUP,actor1 DICTATOR actor2 RELIGIOUS GROUP event_code 111 event_root_code 11 country US,111,11,DICTATOR,RELIGIOUS GROUP,US,-2.0,10,1,10,-3.16573556797021,1270289443,1270289443
2025-10-23 17:15:00+00:00,2025-10-23 17:15:00+00:00,DATEADDED_UTC,2025-10-23,dailycaller.com,https://dailycaller.com/2025/10/23/public-schoolteacher-faces-doj-probe-over-unhinged-threat-toward-ice/,1270298572,ACTIVIST 124,actor1 ACTIVIST actor2 event_code 124 event_root_code 12 country US,124,12,ACTIVIST,,US,-4.0,6,1,6,-6.26780626780626,1270298572,1270298572
2025-10-23 18:00:00+00:00,2025-10-23 18:00:00+00:00,DATEADDED_UTC,2025-10-23,firstpost.com,https://www.firstpost.com/world/ukraine-should-be-able-to-use-frozen-russian-assets-to-buy-and-make-weapons-says-zelenskyy-13944516.html,1270305599,EUROPEAN COMMISSION 114 RUSSIA,actor1 EUROPEAN COMMISSION actor2 RUSSIA event_code 114 event_root_code 11 country RS,114,11,EUROPEAN COMMISSION,RUSSIA,RS,-2.0,5,1,5,-3.6468330134357,1270305599,1270305599
2025-10-23 18:00:00+00:00,2025-10-23 18:00:00+00:00,DATEADDED_UTC,2025-10-23,thetimes.com,https://www.thetimes.com/world/asia/article/trump-thailand-cambodia-peace-deal-xrkcr09nb,1270305720,CAMBODIA 172 THAILAND,actor1 CAMBODIA actor2 THAILAND event_code 172 event_root_code 17 country CB,172,17,CAMBODIA,THAILAND,CB,-5.0,5,1,5,-3.16455696202532,1270305720,1270305720
2025-10-23 18:45:00+00:00,2025-10-23 18:45:00+00:00,DATEADDED_UTC,2025-10-23,outlookindia.com,https://www.outlookindia.com/national/senior-ias-officers-voluntary-exit-triggers-political-row-in-telangana,1270312826,CONGRESS 120 MINIST,actor1 CONGRESS actor2 MINIST event_code 120 event_root_code 12 country,120,12,CONGRESS,MINIST,,-4.0,5,1,5,-12.3287671232877,1270312826,1270312826
2025-10-23 19:30:00+00:00,2025-10-23 19:30:00+00:00,DATEADDED_UTC,2025-10-23,taipeitimes.com,https://www.taipeitimes.com/News/taiwan/archives/2025/10/24/2003846019,1270320654,LEGISLATOR 112 THE OPPOSITION,actor1 LEGISLATOR actor2 THE OPPOSITION event_code 112 event_root_code 11 country TW,112,11,LEGISLATOR,THE OPPOSITION,TW,-2.0,8,1,8,-5.25451559934319,1270320654,1270320654
2025-10-23 19:45:00+00:00,2025-10-23 19:45:00+00:00,DATEADDED_UTC,2025-10-23,theaviationist.com,https://theaviationist.com/2025/10/23/lithuanian-airspace-violation/,1270323711,TURKISH 193 RUSSIAN,actor1 TURKISH actor2 RUSSIAN event_code 193 event_root_code 19 country TU,193,19,TURKISH,RUSSIAN,TU,-10.0,7,1,7,-5.25714285714285,1270323711,1270323711
2025-10-23 21:15:00+00:00,2025-10-23 21:15:00+00:00,DATEADDED_UTC,2025-10-23,kyivpost.com,https://www.kyivpost.com/post/62851,1270335764,LITHUANIAN 172 BELARUS,actor1 LITHUANIAN actor2 BELARUS event_code 172 event_root_code 17 country BO,172,17,LITHUANIAN,BELARUS,BO,-5.0,6,1,6,-5.72289156626506,1270335764,1270335764
2025-10-23 22:15:00+00:00,2025-10-23 22:15:00+00:00,DATEADDED_UTC,2025-10-23,yahoo.com,https://www.yahoo.com/news/articles/vigo-county-prosecutor-office-plans-204705597.html,1270343314,PROSECUTOR 1384,actor1 PROSECUTOR actor2 event_code 1384 event_root_code 13 country US,1384,13,PROSECUTOR,,US,-7.0,10,1,10,-9.39226519337017,1270343314,1270343314
2025-10-23 23:00:00+00:00,2025-10-23 23:00:00+00:00,DATEADDED_UTC,2025-10-23,rigzone.com,https://www.rigzone.com/news/wire/oil_futures_take_flight_on_russia_sanctions-23-oct-2025-182156-article/,1270348905,THE US 160 RUSSIAN,actor1 THE US actor2 RUSSIAN event_code 160 event_root_code 16 country RS,160,16,THE US,RUSSIAN,RS,-4.0,5,1,5,-5.88832487309644,1270348905,1270348905
2025-10-23 23:15:00+00:00,2025-10-23 23:15:00+00:00,DATEADDED_UTC,2025-10-23,theblaze.com,https://www.theblaze.com/columns/opinion/the-democrats-convenient-case-of-political-amnesia,1270349699,140 PROTESTER,actor1 actor2 PROTESTER event_code 140 event_root_code 14 country US,140,14,,PROTESTER,US,-6.5,5,1,5,-6.78617157490394,1270349699,1270349699
2025-10-23 23:15:00+00:00,2025-10-23 23:15:00+00:00,DATEADDED_UTC,2025-10-23,tpr.org,https://www.tpr.org/border-immigration/2025-10-23/texas-civil-rights-project-challenges-ice-detention-of-iranian-nationals-after-us-strikes,1270350030,ADMINISTRATION 1243 IMMIGRANT,actor1 ADMINISTRATION actor2 IMMIGRANT event_code 1243 event_root_code 12 country US,1243,12,ADMINISTRATION,IMMIGRANT,US,-4.0,5,1,5,-4.06386066763425,1270350030,1270350030
2025-10-23 23:30:00+00:00,2025-10-23 23:30:00+00:00,DATEADDED_UTC,2025-10-23,redstate.com,https://redstate.com/smoosieq/2025/10/23/tn-scores-big-title-ix-win-court-strikes-down-biden-era-redefinition-of-sex-to-include-gender-identity-n2195403,1270351804,ADMINISTRATION 110,actor1 ADMINISTRATION actor2 event_code 110 event_root_code 11 country US,110,11,ADMINISTRATION,,US,-2.0,6,1,6,-3.24675324675324,1270351804,1270351804
2025-10-23 23:45:00+00:00,2025-10-23 23:45:00+00:00,DATEADDED_UTC,2025-10-23,euractiv.com,https://www.euractiv.com/opinion/the-chattering-classes-tinker-tailor-soldier-politico/,1270352968,BELGIAN 173 BEIJING,actor1 BELGIAN actor2 BEIJING event_code 173 event_root_code 17 country BE,173,17,BELGIAN,BEIJING,BE,-5.0,5,1,5,-1.40056022408963,1270352968,1270352968
2025-10-24 00:00:00+00:00,2025-10-24 00:00:00+00:00,DATEADDED_UTC,2025-10-24,nypost.com,https://nypost.com/2025/10/23/opinion/political-response-to-canal-street-raid-devalues-law-abiders/,1270355622,SENATOR 181,actor1 SENATOR actor2 event_code 181 event_root_code 18 country US,181,18,SENATOR,,US,-9.0,8,1,8,-9.1611479028698,1270355622,1270355622
2025-10-24 00:15:00+00:00,2025-10-24 00:15:00+00:00,DATEADDED_UTC,2025-10-24,silive.com,https://www.silive.com/politics/2025/10/top-dem-lawmaker-this-1-word-kamala-harris-insult-of-trump-cost-her-the-white-house.html,1270358980,LAWMAKER 120,actor1 LAWMAKER actor2 event_code 120 event_root_code 12 country US,120,12,LAWMAKER,,US,-4.0,6,1,6,-3.84615384615385,1270358980,1270358980
2025-10-24 01:00:00+00:00,2025-10-24 01:00:00+00:00,DATEADDED_UTC,2025-10-24,dailymail.co.uk,https://www.dailymail.co.uk/news/royals/article-15221385/JAN-MOIR-Queen-blindly-devoted-Prince-Andrew-raised-monster-hate-say-loving-mother-share-blame.html,1270365515,BULGARIA 172 NORWAY,actor1 BULGARIA actor2 NORWAY event_code 172 event_root_code 17 country NO,172,17,BULGARIA,NORWAY,NO,-5.0,6,1,6,-3.81406436233611,1270365515,1270365515
2025-10-24 01:45:00+00:00,2025-10-24 01:45:00+00:00,DATEADDED_UTC,2025-10-24,economictimes.indiatimes.com,https://economictimes.indiatimes.com/news/defence/us-mulls-gaza-aid-plan-that-would-replace-controversial-ghf-aid-operation/articleshow/124774310.cms,1270373514,MILITANT 120 HAMAS,actor1 MILITANT actor2 HAMAS event_code 120 event_root_code 12 country IS,120,12,MILITANT,HAMAS,IS,-4.0,5,1,5,0.42283298097251,1270373514,1270373514
2025-10-24 02:00:00+00:00,2025-10-24 02:00:00+00:00,DATEADDED_UTC,2025-10-24,itemlive.com,https://itemlive.com/2025/10/23/editorial-trump-pressure-helps-kill-u-n-shipping-tax-for-now/,1270374672,PRESIDENT 190,actor1 PRESIDENT actor2 event_code 190 event_root_code 19 country BR,190,19,PRESIDENT,,BR,-10.0,6,1,6,-6.09480812641083,1270374672,1270374672
2025-10-24 02:00:00+00:00,2025-10-24 02:00:00+00:00,DATEADDED_UTC,2025-10-24,eng.kavkaz-uzel.eu,https://www.eng.kavkaz-uzel.eu/articles/69177,1270374966,JOURNALIST 175 LAWYER,actor1 JOURNALIST actor2 LAWYER event_code 175 event_root_code 17 country AJ,175,17,JOURNALIST,LAWYER,AJ,-9.0,5,1,5,-4.10958904109589,1270374966,1270374966
2025-10-24 02:30:00+00:00,2025-10-24 02:30:00+00:00,DATEADDED_UTC,2025-10-24,cubaheadlines.com,https://www.cubaheadlines.com/articles/313451,1270377864,CUBA 180 CUBA,actor1 CUBA actor2 CUBA event_code 180 event_root_code 18 country CU,180,18,CUBA,CUBA,CU,-9.0,7,1,7,-8.50340136054419,1270377864,1270377864
2025-10-24 02:30:00+00:00,2025-10-24 02:30:00+00:00,DATEADDED_UTC,2025-10-24,townhall.com,https://townhall.com/columnists/victordavishanson/2025/10/23/who-are-the-real-kings-n2665415,1270377902,HUNTER 173 INTELLIGENCE,actor1 HUNTER actor2 INTELLIGENCE event_code 173 event_root_code 17 country RS,173,17,HUNTER,INTELLIGENCE,RS,-5.0,8,1,8,-6.70807453416149,1270377902,1270377902
2025-10-24 02:30:00+00:00,2025-10-24 02:30:00+00:00,DATEADDED_UTC,2025-10-24,chattanoogan.com,https://www.chattanoogan.com/2025/10/23/510345/Prosecutors-Ask-Federal-Prison-Time.aspx,1270378339,REPRESENTATIVES 120,actor1 REPRESENTATIVES actor2 event_code 120 event_root_code 12 country US,120,12,REPRESENTATIVES,,US,-4.0,6,1,6,-3.73427672955975,1270378339,1270378339
2025-10-24 03:15:00+00:00,2025-10-24 03:15:00+00:00,DATEADDED_UTC,2025-10-24,tribuneindia.com,https://www.tribuneindia.com/news/delhi/delhis-air-quality-stays-very-poor-for-4th-straight-day/,1270383037,METEOROLOGICAL DEPARTMENT 130 THE POOR,actor1 METEOROLOGICAL DEPARTMENT actor2 THE POOR event_code 130 event_root_code 13 country IN,130,13,METEOROLOGICAL DEPARTMENT,THE POOR,IN,-4.4,10,1,10,-4.95867768595041,1270383037,1270383037
2025-10-24 03:15:00+00:00,2025-10-24 03:15:00+00:00,DATEADDED_UTC,2025-10-24,yahoo.com,https://www.yahoo.com/news/articles/far-left-mk-ofer-cassif-024709323.html,1270383501,TERRORIST 160 PRESIDENT,actor1 TERRORIST actor2 PRESIDENT event_code 160 event_root_code 16 country IS,160,16,TERRORIST,PRESIDENT,IS,-4.0,6,1,6,-5.70824524312897,1270383501,1270383501
2025-10-24 04:15:00+00:00,2025-10-24 04:15:00+00:00,DATEADDED_UTC,2025-10-24,aol.co.uk,https://www.aol.co.uk/articles/putin-says-never-bow-us-171905777.html,1270389626,THE US 120 UKRAINE,actor1 THE US actor2 UKRAINE event_code 120 event_root_code 12 country UP,120,12,THE US,UKRAINE,UP,-4.0,8,1,8,-7.62867647058824,1270389626,1270389626
2025-10-24 05:45:00+00:00,2025-10-24 05:45:00+00:00,DATEADDED_UTC,2025-10-24,tribuneindia.com,https://www.tribuneindia.com/news/delhi/congress-questions-pm-modi-on-caste-and-reservation-ahead-of-bihar-visit/,1270398361,GOVERNMENT 120 PARLIAMENT,actor1 GOVERNMENT actor2 PARLIAMENT event_code 120 event_root_code 12 country,120,12,GOVERNMENT,PARLIAMENT,,-4.0,10,1,10,0.0,1270398361,1270398361
2025-10-24 05:45:00+00:00,2025-10-24 05:45:00+00:00,DATEADDED_UTC,2025-10-24,scroll.in,https://scroll.in/article/1087867/the-united-nations-is-80-it-has-never-been-more-fragile-or-so-necessary,1270398453,THE SECURITY COUNCIL 129,actor1 THE SECURITY COUNCIL actor2 event_code 129 event_root_code 12 country IS,129,12,THE SECURITY COUNCIL,,IS,-5.0,10,1,10,-6.64423885618167,1270398453,1270398453
2025-10-24 06:00:00+00:00,2025-10-24 06:00:00+00:00,DATEADDED_UTC,2025-10-24,myjoyonline.com,https://www.myjoyonline.com/m23-rebels-reject-accusations-of-gold-theft-from-eastern-congo-mine/,1270400161,CONGO 124,actor1 CONGO actor2 event_code 124 event_root_code 12 country CF,124,12,CONGO,,CF,-4.0,10,1,10,-6.9277108433735,1270400161,1270400161
2025-10-24 06:15:00+00:00,2025-10-24 06:15:00+00:00,DATEADDED_UTC,2025-10-24,wftv.com,https://www.wftv.com/news/local/florida-man-pleads-not-guilty-starting-most-destructive-fire-la-history/3GEY6MABKVCFXBQ2P6ZWLRZ2OQ/,1270402539,LOS ANGELES 112 MELBOURNE,actor1 LOS ANGELES actor2 MELBOURNE event_code 112 event_root_code 11 country AS,112,11,LOS ANGELES,MELBOURNE,AS,-2.0,10,1,10,-8.94736842105264,1270402539,1270402539
2025-10-24 06:30:00+00:00,2025-10-24 06:30:00+00:00,DATEADDED_UTC,2025-10-17,yahoo.com,https://www.yahoo.com/news/articles/trump-says-declaration-war-not-024601806.html,1270403287,ADMINISTRATION 151 MILITARY,actor1 ADMINISTRATION actor2 MILITARY event_code 151 event_root_code 15 country VE,151,15,ADMINISTRATION,MILITARY,VE,-7.2,5,1,5,-4.61538461538462,1270403287,1270403287
2025-10-24 07:00:00+00:00,2025-10-24 07:00:00+00:00,DATEADDED_UTC,2025-10-24,daijiworld.com,https://www.daijiworld.com/news/newsDisplay?newsID=1295967,1270407556,AUTHORITIES 173 NEW YORK,actor1 AUTHORITIES actor2 NEW YORK event_code 173 event_root_code 17 country US,173,17,AUTHORITIES,NEW YORK,US,-5.0,6,1,6,-6.83453237410072,1270407556,1270407556
2025-10-24 08:45:00+00:00,2025-10-24 08:45:00+00:00,DATEADDED_UTC,2025-10-24,athens-times.com,https://athens-times.com/politico-how-belgium-torpedoed-the-eus-140-billion-loan-plan-for-ukraine/,1270421749,THE EU 161,actor1 THE EU actor2 event_code 161 event_root_code 16 country UP,161,16,THE EU,,UP,-4.0,5,1,5,-7.23270440251572,1270421749,1270421749
2025-10-24 09:30:00+00:00,2025-10-24 09:30:00+00:00,DATEADDED_UTC,2025-10-24,english.elpais.com,https://english.elpais.com/international/2025-10-24/mexico-hands-over-chinese-fentanyl-kingpin-zhi-dong-zhang-to-the-us.html,1270428259,RUSSIA 120 CUBA,actor1 RUSSIA actor2 CUBA event_code 120 event_root_code 12 country RS,120,12,RUSSIA,CUBA,RS,-4.0,10,1,10,-4.6218487394958,1270428259,1270428259
2025-10-24 09:45:00+00:00,2025-10-24 09:45:00+00:00,DATEADDED_UTC,2025-10-24,thestar.com.my,https://www.thestar.com.my/tech/tech-news/2025/10/24/americans-have-lost-billions-to-online-scams-how-is-that-possible,1270430961,AMERICAN 163 CAMBODIAN,actor1 AMERICAN actor2 CAMBODIAN event_code 163 event_root_code 16 country UK,163,16,AMERICAN,CAMBODIAN,UK,-8.0,6,1,6,-7.74336283185838,1270430961,1270430961
2025-10-24 10:15:00+00:00,2025-10-24 10:15:00+00:00,DATEADDED_UTC,2025-10-24,eyeradio.org,https://www.eyeradio.org/south-sudan-cybercrime-bill-poses-rights-risk-warns-network/,1270435578,JUBA 130 PARLIAMENT,actor1 JUBA actor2 PARLIAMENT event_code 130 event_root_code 13 country OD,130,13,JUBA,PARLIAMENT,OD,-4.4,10,1,10,-6.00858369098712,1270435578,1270435578
2025-10-24 11:15:00+00:00,2025-10-24 11:15:00+00:00,DATEADDED_UTC,2025-10-24,defensenews.com,https://www.defensenews.com/air/2017/03/16/taiwan-to-upgrade-f-16-jets-seek-stealth-capability/,1270444228,CHINA 138 MILITARY,actor1 CHINA actor2 MILITARY event_code 138 event_root_code 13 country CH,138,13,CHINA,MILITARY,CH,-7.0,10,1,10,-2.90697674418605,1270444228,1270444228
2025-10-24 11:15:00+00:00,2025-10-24 11:15:00+00:00,DATEADDED_UTC,2025-10-24,nursinginpractice.com,https://www.nursinginpractice.com/community-nursing/cqc-issues-warning-over-shortage-of-district-nurses/,1270444473,CHIEF EXECUTIVE 100 COMMUNITY,actor1 CHIEF EXECUTIVE actor2 COMMUNITY event_code 100 event_root_code 10 country,100,10,CHIEF EXECUTIVE,COMMUNITY,,-5.0,10,1,10,-2.27464195450716,1270444473,1270444473
2025-10-24 11:15:00+00:00,2025-10-24 11:15:00+00:00,DATEADDED_UTC,2025-10-24,businessghana.com,"http://www.businessghana.com/site/news/general/336938/NAIMOS-raids-Tano-Anwia-Forest-Reserve,-arrests-armed-galamsey-syndicate-and-Chinese-operator",1270444901,INTELLIGENCE 192 ASANTE,actor1 INTELLIGENCE actor2 ASANTE event_code 192 event_root_code 19 country GH,192,19,INTELLIGENCE,ASANTE,GH,-9.5,6,1,6,-5.77889447236181,1270444901,1270444901
2025-10-24 11:30:00+00:00,2025-10-24 11:30:00+00:00,DATEADDED_UTC,2025-10-24,racingpost.com,https://www.racingpost.com/bloodstock/news/foal-registrations-in-britain-and-ireland-decline-once-more-as-affinisea-returns-to-top-spot-as8Kl0M9I8vJ/,1270446463,BRITAIN 120 IRELAND,actor1 BRITAIN actor2 IRELAND event_code 120 event_root_code 12 country UK,120,12,BRITAIN,IRELAND,UK,-4.0,10,1,10,0.847457627118646,1270446463,1270446463
2025-10-24 11:45:00+00:00,2025-10-24 11:45:00+00:00,DATEADDED_UTC,2025-10-24,intergameonline.com,https://www.intergameonline.com/casino/news/pennsylvania-gaming-terminal-operator-fined,1270449007,REGULATOR 172 PENNSYLVANIA,actor1 REGULATOR actor2 PENNSYLVANIA event_code 172 event_root_code 17 country US,172,17,REGULATOR,PENNSYLVANIA,US,-5.0,5,1,5,-1.2987012987013,1270449007,1270449007
2025-10-24 11:45:00+00:00,2025-10-24 11:45:00+00:00,DATEADDED_UTC,2025-10-24,citizen.co.za,https://www.citizen.co.za/lifestyle/rainbow-washing-conflict-within-lgbtqia-community-stains-pride-celebrations/,1270449674,JOHANNESBURG 173 AFRICA,actor1 JOHANNESBURG actor2 AFRICA event_code 173 event_root_code 17 country SF,173,17,JOHANNESBURG,AFRICA,SF,-5.0,6,1,6,2.65625,1270449674,1270449674
2025-10-24 12:15:00+00:00,2025-10-24 12:15:00+00:00,DATEADDED_UTC,2025-10-23,thejournal.ie,https://www.thejournal.ie/british-and-irish-front-pages-soldier-f-trial-verdict-6854140-Oct2025/,1270453120,BRITISH 110 IRISH,actor1 BRITISH actor2 IRISH event_code 110 event_root_code 11 country UK,110,11,BRITISH,IRISH,UK,-2.0,6,1,6,-5.48245614035087,1270453120,1270453120
2025-10-24 13:00:00+00:00,2025-10-24 13:00:00+00:00,DATEADDED_UTC,2025-10-24,dw.com,https://www.dw.com/en/ukraine-zelenskyy-in-uk-for-talks-with-allies-on-missiles/live-74479752,1270462370,UNITED KINGDOM 100 EUROPE,actor1 UNITED KINGDOM actor2 EUROPE event_code 100 event_root_code 10 country UK,100,10,UNITED KINGDOM,EUROPE,UK,-5.0,6,1,6,-1.53274500696703,1270462370,1270462370
2025-10-24 13:00:00+00:00,2025-10-24 13:00:00+00:00,DATEADDED_UTC,2025-10-24,yahoo.com,https://www.yahoo.com/news/articles/arizona-law-protects-first-amendment-120153385.html,1270462725,ATTORNEY 120,actor1 ATTORNEY actor2 event_code 120 event_root_code 12 country US,120,12,ATTORNEY,,US,-4.0,6,1,6,-7.83545543584724,1270462725,1270462725
2025-10-24 13:15:00+00:00,2025-10-24 13:15:00+00:00,DATEADDED_UTC,2025-10-24,fox32chicago.com,https://www.fox32chicago.com/news/broadview-ice-protests-live-coverage,1270463460,100 ACTIVIST,actor1 actor2 ACTIVIST event_code 100 event_root_code 10 country US,100,10,,ACTIVIST,US,-5.0,10,1,10,-9.58605664488016,1270463460,1270463460
2025-10-24 13:45:00+00:00,2025-10-24 13:45:00+00:00,DATEADDED_UTC,2025-10-24,cbsnews.com,https://www.cbsnews.com/news/ukraine-russia-war-zelenskyy-eu-nato-partners-london-putin-missiles-sanctions/,1270469543,UKRAINE 100 RUSSIA,actor1 UKRAINE actor2 RUSSIA event_code 100 event_root_code 10 country UP,100,10,UKRAINE,RUSSIA,UP,-5.0,8,1,8,-3.22274881516587,1270469543,1270469543
2025-10-24 14:30:00+00:00,2025-10-24 14:30:00+00:00,DATEADDED_UTC,2025-10-24,justsecurity.org,https://www.justsecurity.org/123144/supreme-court-trump-military-police-state/,1270477402,CONGRESS 172,actor1 CONGRESS actor2 event_code 172 event_root_code 17 country US,172,17,CONGRESS,,US,-5.0,10,1,10,-3.30827067669173,1270477402,1270477402
2025-10-24 15:15:00+00:00,2025-10-24 15:15:00+00:00,DATEADDED_UTC,2025-10-24,perthnow.com.au,https://www.perthnow.com.au/news/crime/man-who-dumped-uk-couple-in-suitcases-given-42-years-c-20461376,1270485834,COLOMBIAN 190 LONDON,actor1 COLOMBIAN actor2 LONDON event_code 190 event_root_code 19 country UK,190,19,COLOMBIAN,LONDON,UK,-10.0,30,3,30,-15.3433057071626,1270485834,1270485834
2025-10-24 15:30:00+00:00,2025-10-24 15:30:00+00:00,DATEADDED_UTC,2025-10-24,dailymail.co.uk,https://www.dailymail.co.uk/sciencetech/article-15224301/What-REALLY-killed-Napoleons-army-fled-Russia-Study-soldiers-teeth-finds-two-deadly-pathogens-ravaged-French-troops-amid-doomed-invasion.html,1270489380,RUSSIAN 190 FRENCH,actor1 RUSSIAN actor2 FRENCH event_code 190 event_root_code 19 country RS,190,19,RUSSIAN,FRENCH,RS,-10.0,8,1,8,-12.542372881356,1270489380,1270489380
2025-10-24 16:45:00+00:00,2025-10-24 16:45:00+00:00,DATEADDED_UTC,2025-10-24,news.webindia123.com,https://news.webindia123.com/news/Articles/World/20251024/4376109.html,1270501204,DEPARTMENT OF DEFENSE 138,actor1 DEPARTMENT OF DEFENSE actor2 event_code 138 event_root_code 13 country CH,138,13,DEPARTMENT OF DEFENSE,,CH,-7.0,10,1,10,-0.28901734104046,1270501204,1270501204
2025-10-24 16:45:00+00:00,2025-10-24 16:45:00+00:00,DATEADDED_UTC,2025-10-24,yahoo.com,https://www.yahoo.com/news/articles/blood-tests-show-highest-levels-162046899.html,1270501547,AIR FORCE 190,actor1 AIR FORCE actor2 event_code 190 event_root_code 19 country US,190,19,AIR FORCE,,US,-10.0,6,2,6,-2.21477607061131,1270501547,1270501547
2025-10-24 17:15:00+00:00,2025-10-24 17:15:00+00:00,DATEADDED_UTC,2025-10-24,thehoya.com,https://thehoya.com/news/nato-diplomat-advocates-cooperation-amid-global-conflicts/,1270505633,112 NATO,actor1 actor2 NATO event_code 112 event_root_code 11 country US,112,11,,NATO,US,-2.0,6,1,6,-2.18023255813953,1270505633,1270505633
2025-10-24 17:30:00+00:00,2025-10-24 17:30:00+00:00,DATEADDED_UTC,2025-10-24,arabnews.com,https://www.arabnews.com/node/2620124/world,1270508577,LONDON 193 UNITED KINGDOM,actor1 LONDON actor2 UNITED KINGDOM event_code 193 event_root_code 19 country UK,193,19,LONDON,UNITED KINGDOM,UK,-10.0,10,1,10,-6.58227848101265,1270508577,1270508577
2025-10-24 17:30:00+00:00,2025-10-24 17:30:00+00:00,DATEADDED_UTC,2025-10-24,wbt.com,https://wbt.com/1521968/federal-judges-overseeing-nc-redistricting-lawsuits-seek-information-about-new-map/,1270508961,HIGH COURT 114,actor1 HIGH COURT actor2 event_code 114 event_root_code 11 country US,114,11,HIGH COURT,,US,-2.0,10,1,10,-6.55430711610487,1270508961,1270508961
2025-10-24 17:30:00+00:00,2025-10-24 17:30:00+00:00,DATEADDED_UTC,2025-10-24,yahoo.com,https://www.yahoo.com/news/articles/know-donald-trump-immigration-enforcement-165000087.html,1270509769,CHICAGO 193 PROTESTER,actor1 CHICAGO actor2 PROTESTER event_code 193 event_root_code 19 country US,193,19,CHICAGO,PROTESTER,US,-10.0,8,1,8,-4.38092502154553,1270509769,1270509769
2025-10-24 17:45:00+00:00,2025-10-24 17:45:00+00:00,DATEADDED_UTC,2025-10-24,thisislocallondon.co.uk,https://www.thisislocallondon.co.uk/news/25570531.catford-stabbings-sadiq-khan-questions-man-left-dead/,1270510790,100 MAYOR,actor1 actor2 MAYOR event_code 100 event_root_code 10 country UK,100,10,,MAYOR,UK,-5.0,10,1,10,-5.90551181102362,1270510790,1270510790
2025-10-24 18:30:00+00:00,2025-10-24 18:30:00+00:00,DATEADDED_UTC,2025-10-24,yahoo.com,https://www.yahoo.com/news/articles/why-jess-phillips-must-resign-162251469.html,1270518953,MEMBER OF PARLIAMENT 1821 GANG,actor1 MEMBER OF PARLIAMENT actor2 GANG event_code 1821 event_root_code 18 country UK,1821,18,MEMBER OF PARLIAMENT,GANG,UK,-9.0,10,1,10,-8.86699507389161,1270518953,1270518953
2025-10-24 18:45:00+00:00,2025-10-24 18:45:00+00:00,DATEADDED_UTC,2025-10-24,asbarez.com,https://asbarez.com/dozens-protesting-gyumri-mayors-arrest-prosecuted/,1270520854,PROTESTER 175,actor1 PROTESTER actor2 event_code 175 event_root_code 17 country AM,175,17,PROTESTER,,AM,-9.0,10,1,10,-10.0511073253833,1270520854,1270520854
2025-10-24 19:45:00+00:00,2025-10-24 19:45:00+00:00,DATEADDED_UTC,2025-10-24,torontosun.com,https://torontosun.com/news/local-news/exclusive-alleged-brampton-killer-gofundme,1270529900,TORONTO 193 GUNMAN,actor1 TORONTO actor2 GUNMAN event_code 193 event_root_code 19 country CA,193,19,TORONTO,GUNMAN,CA,-10.0,7,1,7,-2.24719101123596,1270529900,1270529900
2025-10-24 20:00:00+00:00,2025-10-24 20:00:00+00:00,DATEADDED_UTC,2025-10-24,k97fm.iheart.com,https://k97fm.iheart.com/content/2025-10-24-wells-fargo-to-pay-85m-for-alleged-fake-interviews-with-diverse-candidates/,1270533397,CALIFORNIA 120 WELLS FARGO,actor1 CALIFORNIA actor2 WELLS FARGO event_code 120 event_root_code 12 country,120,12,CALIFORNIA,WELLS FARGO,,-4.0,10,1,10,-6.48148148148148,1270533397,1270533397
2025-10-24 20:30:00+00:00,2025-10-24 20:30:00+00:00,DATEADDED_UTC,2025-10-24,winknews.com,https://www.winknews.com/wink_investigations/funding-questions-raised-after-homeowners-denied-for-elevate-florida-program/article_085445ca-8a74-4d16-899b-4a1989a14efb.html,1270536474,GOVERNMENT 160 FLORIDA,actor1 GOVERNMENT actor2 FLORIDA event_code 160 event_root_code 16 country US,160,16,GOVERNMENT,FLORIDA,US,-4.0,5,1,5,-1.17340286831812,1270536474,1270536474
2025-10-24 20:45:00+00:00,2025-10-24 20:45:00+00:00,DATEADDED_UTC,2025-10-24,news18.com,https://www.news18.com/agency-feeds/us-says-it-now-plans-to-deport-abrego-garcia-to-liberia-as-soon-as-oct-31-9657245.html,1270539408,THE US 130 LIBERIA,actor1 THE US actor2 LIBERIA event_code 130 event_root_code 13 country LI,130,13,THE US,LIBERIA,LI,-4.4,7,2,7,-5.42962492821955,1270539408,1270539408
2025-10-24 21:00:00+00:00,2025-10-24 21:00:00+00:00,DATEADDED_UTC,2025-10-24,yahoo.com,https://www.yahoo.com/news/articles/trump-using-130-million-anonymous-202930288.html,1270540615,ARMY 110,actor1 ARMY actor2 event_code 110 event_root_code 11 country US,110,11,ARMY,,US,-2.0,10,1,10,0.81967213114754,1270540615,1270540615
2025-10-24 21:30:00+00:00,2025-10-24 21:30:00+00:00,DATEADDED_UTC,2025-10-24,nbcconnecticut.com,https://www.nbcconnecticut.com/news/national-international/us-aircraft-carrier-strike-group-caribbean/3656156/,1270543692,AIRCRAFT CARRIER 195,actor1 AIRCRAFT CARRIER actor2 event_code 195 event_root_code 19 country US,195,19,AIRCRAFT CARRIER,,US,-10.0,5,1,5,-5.15463917525773,1270543692,1270543692
2025-10-24 23:00:00+00:00,2025-10-24 23:00:00+00:00,DATEADDED_UTC,2025-10-24,bostonherald.com,https://www.bostonherald.com/2025/10/24/indicted-suffolk-county-sheriff-steven-tompkins-wants-evidence-tossed-in-pot-extortion-case/,1270553652,ATTORNEY 110 ATTORNEY,actor1 ATTORNEY actor2 ATTORNEY event_code 110 event_root_code 11 country US,110,11,ATTORNEY,ATTORNEY,US,-2.0,6,1,6,-7.63473053892216,1270553652,1270553652
2025-10-25 00:00:00+00:00,2025-10-25 00:00:00+00:00,DATEADDED_UTC,2025-10-25,790waeb.iheart.com,https://790waeb.iheart.com/content/2025-10-24-pentagon-to-use-130-million-anonymous-donation-to-pay-military-members/,1270559773,ROMINA 100 CONGRESS,actor1 ROMINA actor2 CONGRESS event_code 100 event_root_code 10 country,100,10,ROMINA,CONGRESS,,-5.0,15,1,15,2.15517241379311,1270559773,1270559773
2025-10-25 00:00:00+00:00,2025-10-25 00:00:00+00:00,DATEADDED_UTC,2025-10-25,haitisun.com,http://www.haitisun.com/news/278654993/trumps-war-on-drugs-could-flood-eu-with-narcotics-german-official,1270560026,AMERICAN 190 COLOMBIA,actor1 AMERICAN actor2 COLOMBIA event_code 190 event_root_code 19 country US,190,19,AMERICAN,COLOMBIA,US,-10.0,16,1,16,-14.1623229083133,1270560026,1270560026
2025-10-25 00:15:00+00:00,2025-10-25 00:15:00+00:00,DATEADDED_UTC,2025-10-25,thereporter.com,https://www.thereporter.com/2025/10/24/government-shutdown-federal-employee-worries/,1270561264,EMPLOYEE 100 ADMINISTRATION,actor1 EMPLOYEE actor2 ADMINISTRATION event_code 100 event_root_code 10 country US,100,10,EMPLOYEE,ADMINISTRATION,US,-5.0,10,1,10,-3.4957627118644,1270561264,1270561264
2025-10-25 01:45:00+00:00,2025-10-25 01:45:00+00:00,DATEADDED_UTC,2025-10-25,stripes.com,https://www.stripes.com/branches/air_force/2025-10-24/fe-warren-afb-death-identified-19532553.html,1270572968,190 AIRMAN,actor1 actor2 AIRMAN event_code 190 event_root_code 19 country US,190,19,,AIRMAN,US,-10.0,10,1,10,-8.93141945773525,1270572968,1270572968
2025-10-25 01:45:00+00:00,2025-10-25 01:45:00+00:00,DATEADDED_UTC,2025-10-25,myfox28columbus.com,https://myfox28columbus.com/news/local/dc-police-detained-man-for-protesting-ohio-national-guard-with-darth-vader-song-lawsuit,1270574065,OHIO 140 POLICE,actor1 OHIO actor2 POLICE event_code 140 event_root_code 14 country US,140,14,OHIO,POLICE,US,-6.5,6,1,6,-4.53172205438067,1270574065,1270574065
2025-10-25 02:00:00+00:00,2025-10-25 02:00:00+00:00,DATEADDED_UTC,2025-10-25,cbsnews.com,https://www.cbsnews.com/news/trump-offshore-oil-leases-us-coastlines/,1270574813,ADMINISTRATION 172,actor1 ADMINISTRATION actor2 event_code 172 event_root_code 17 country US,172,17,ADMINISTRATION,,US,-5.0,8,1,8,-2.46768507638073,1270574813,1270574813
2025-10-25 02:00:00+00:00,2025-10-25 02:00:00+00:00,DATEADDED_UTC,2025-10-25,newkerala.com,https://www.newkerala.com/news/o/17th-national-rozgar-mela-51000-candidates-receive-appointment-letters-592,1270574829,MINIST 173 AHMEDABAD,actor1 MINIST actor2 AHMEDABAD event_code 173 event_root_code 17 country IN,173,17,MINIST,AHMEDABAD,IN,-5.0,6,1,6,4.67032967032967,1270574829,1270574829
2025-10-25 02:00:00+00:00,2025-10-25 02:00:00+00:00,DATEADDED_UTC,2025-10-25,pjmedia.com,https://pjmedia.com/david-solway-2/2025/10/24/doug-ford-ontarios-albatross-n4945235,1270574862,INDUSTRY MINIST 1383 COMPANY,actor1 INDUSTRY MINIST actor2 COMPANY event_code 1383 event_root_code 13 country US,1383,13,INDUSTRY MINIST,COMPANY,US,-7.0,6,1,6,-4.52586206896552,1270574862,1270574862
2025-10-25 02:15:00+00:00,2025-10-25 02:15:00+00:00,DATEADDED_UTC,2025-10-25,wcbm.com,https://wcbm.com/national-headline/pakistani-national-sentenced-to-40-years-for-smuggling-cruise-missiles-warhead/,1270576415,THE US 100 NAVY,actor1 THE US actor2 NAVY event_code 100 event_root_code 10 country US,100,10,THE US,NAVY,US,-5.0,10,1,10,-4.39330543933055,1270576415,1270576415
2025-10-25 03:15:00+00:00,2025-10-25 03:15:00+00:00,DATEADDED_UTC,2025-10-25,timesofsandiego.com,https://timesofsandiego.com/crime/2025/10/24/poway-councilman-recall-election-charged-bribery-perjury/,1270580832,PROSECUTOR 173 UNITED STATES,actor1 PROSECUTOR actor2 UNITED STATES event_code 173 event_root_code 17 country US,173,17,PROSECUTOR,UNITED STATES,US,-5.0,6,1,6,-7.08154506437768,1270580832,1270580832
2025-10-25 03:30:00+00:00,2025-10-25 03:30:00+00:00,DATEADDED_UTC,2025-10-25,aliran.com,https://aliran.com/civil-society-voices/protest-trumps-attendance-at-asean-summit-and-condemn-us-imperialism,1270581875,INTERNATIONAL MONETARY FUND 150 MILITARY,actor1 INTERNATIONAL MONETARY FUND actor2 MILITARY event_code 150 event_root_code 15 country BX,150,15,INTERNATIONAL MONETARY FUND,MILITARY,BX,-7.2,8,1,8,-4.30958663148636,1270581875,1270581875
2025-10-25 05:15:00+00:00,2025-10-25 05:15:00+00:00,DATEADDED_UTC,2025-10-25,klif.com,https://www.klif.com/news/maduro-us-fabricating-war-amid-carrier-deployment/,1270590413,VENEZUELAN 112 UNITED STATES,actor1 VENEZUELAN actor2 UNITED STATES event_code 112 event_root_code 11 country US,112,11,VENEZUELAN,UNITED STATES,US,-2.0,6,1,6,-6.15384615384615,1270590413,1270590413
2025-10-25 05:30:00+00:00,2025-10-25 05:30:00+00:00,DATEADDED_UTC,2025-10-25,tribune.com.pk,https://tribune.com.pk/story/2574120/gunmen-abduct-18-labourers-in-khuzdar,1270591847,ARMED MEN 190 COMPANY,actor1 ARMED MEN actor2 COMPANY event_code 190 event_root_code 19 country,190,19,ARMED MEN,COMPANY,,-10.0,10,1,10,-8.2039911308204,1270591847,1270591847
2025-10-25 07:15:00+00:00,2025-10-25 07:15:00+00:00,DATEADDED_UTC,2025-10-25,ynetnews.com,https://www.ynetnews.com/magazine/article/hjtltatrll,1270601675,TERRORIST 180,actor1 TERRORIST actor2 event_code 180 event_root_code 18 country IS,180,18,TERRORIST,,IS,-9.0,8,1,8,-5.62378797672915,1270601675,1270601675
2025-10-25 08:15:00+00:00,2025-10-25 08:15:00+00:00,DATEADDED_UTC,2025-10-25,newsday.co.tt,https://newsday.co.tt/2025/10/25/protesters-condemn-us-imperial-arrogance-in-caribbean/,1270606990,THE US 141 THE US,actor1 THE US actor2 THE US event_code 141 event_root_code 14 country SP,141,14,THE US,THE US,SP,-6.5,5,1,5,-7.81841109709962,1270606990,1270606990
2025-10-25 09:45:00+00:00,2025-10-25 09:45:00+00:00,DATEADDED_UTC,2025-10-25,birminghammail.co.uk,https://www.birminghammail.co.uk/news/uk-news/two-migrants-sent-france-government-32747971,1270616058,HIGH COURT 190 MIGRANT,actor1 HIGH COURT actor2 MIGRANT event_code 190 event_root_code 19 country FR,190,19,HIGH COURT,MIGRANT,FR,-10.0,20,1,10,-3.78548895899054,1270616058,1270616058
2025-10-25 10:00:00+00:00,2025-10-25 10:00:00+00:00,DATEADDED_UTC,2025-10-25,kotatv.com,https://www.kotatv.com/2025/10/25/oglala-sioux-tribe-files-suit-against-federal-government/,1270618044,SIOUX 115 GOVERNMENT,actor1 SIOUX actor2 GOVERNMENT event_code 115 event_root_code 11 country,115,11,SIOUX,GOVERNMENT,,-2.0,10,1,10,-3.77358490566037,1270618044,1270618044
2025-10-25 11:30:00+00:00,2025-10-25 11:30:00+00:00,DATEADDED_UTC,2025-10-25,metro.co.uk,https://metro.co.uk/2025/10/25/prince-andrews-past-catching-him-amid-palace-pressure-royal-lodge-24521902/,1270626650,PRINCE 111,actor1 PRINCE actor2 event_code 111 event_root_code 11 country US,111,11,PRINCE,,US,-2.0,5,1,5,-0.76263107721639,1270626650,1270626650
2025-10-25 11:30:00+00:00,2025-10-25 11:30:00+00:00,DATEADDED_UTC,2025-10-25,yahoo.com,https://www.yahoo.com/news/articles/us-china-seek-avoid-trade-101703943.html,1270626931,KUALA LUMPUR 164 CHINA,actor1 KUALA LUMPUR actor2 CHINA event_code 164 event_root_code 16 country CH,164,16,KUALA LUMPUR,CHINA,CH,-7.0,5,1,5,-1.43295803480041,1270626931,1270626931
2025-10-25 11:45:00+00:00,2025-10-25 11:45:00+00:00,DATEADDED_UTC,2025-10-25,bankingnews.gr,https://www.bankingnews.gr/index.php?id=834043,1270628608,UKRAINE 120 NATO,actor1 UKRAINE actor2 NATO event_code 120 event_root_code 12 country UP,120,12,UKRAINE,NATO,UP,-4.0,6,1,6,0.0939849624060205,1270628608,1270628608
2025-10-25 12:00:00+00:00,2025-10-25 12:00:00+00:00,DATEADDED_UTC,2025-10-25,irishexaminer.com,https://www.irishexaminer.com/world/arid-41730594.html,1270629719,THE EU 172 AIRLINE,actor1 THE EU actor2 AIRLINE event_code 172 event_root_code 17 country UK,172,17,THE EU,AIRLINE,UK,-5.0,10,1,10,-9.47368421052632,1270629719,1270629719
2025-10-25 12:15:00+00:00,2025-10-25 12:15:00+00:00,DATEADDED_UTC,2025-10-25,newsweek.com,https://www.newsweek.com/who-is-winning-new-jersey-election-what-polls-show-10-days-out-10926460,1270631170,GOVERNOR 173,actor1 GOVERNOR actor2 event_code 173 event_root_code 17 country US,173,17,GOVERNOR,,US,-5.0,8,1,8,-0.2749770852429,1270631170,1270631170
2025-10-25 12:15:00+00:00,2025-10-25 12:15:00+00:00,DATEADDED_UTC,2025-10-25,punchng.com,https://punchng.com/photos-protest-rocks-apc-headquarters-over-kayode-ojos-ekiti-primary-exclusion/,1270631424,CONGRESS 111 NIGERIA,actor1 CONGRESS actor2 NIGERIA event_code 111 event_root_code 11 country NI,111,11,CONGRESS,NIGERIA,NI,-2.0,8,1,8,-0.21505376344086,1270631424,1270631424
2025-10-25 12:30:00+00:00,2025-10-25 12:30:00+00:00,DATEADDED_UTC,2025-10-25,yahoo.com,https://www.yahoo.com/news/articles/trumps-federal-crackdown-looks-5-100146212.html,1270632931,PRESIDENT 154,actor1 PRESIDENT actor2 event_code 154 event_root_code 15 country US,154,15,PRESIDENT,,US,-7.2,8,1,8,-5.48159749412686,1270632931,1270632931
2025-10-25 13:00:00+00:00,2025-10-25 13:00:00+00:00,DATEADDED_UTC,2025-10-25,motor1.com:443,https://www.motor1.com:443/news/776922/denver-cop-misreads-plates-gives-ticket/,1270635946,JUDGE 100,actor1 JUDGE actor2 event_code 100 event_root_code 10 country US,100,10,JUDGE,,US,-5.0,5,1,5,-4.69543147208122,1270635946,1270635946
2025-10-25 13:30:00+00:00,2025-10-25 13:30:00+00:00,DATEADDED_UTC,2025-10-25,en.tempo.co,https://en.tempo.co/read/2060300/us-sanctions-colombian-president-citing-failure-in-drug-war,1270638718,112 MILITARY,actor1 actor2 MILITARY event_code 112 event_root_code 11 country US,112,11,,MILITARY,US,-2.0,6,1,6,-6.31136044880786,1270638718,1270638718
2025-10-25 14:45:00+00:00,2025-10-25 14:45:00+00:00,DATEADDED_UTC,2025-10-25,globalsecurity.org,https://www.globalsecurity.org/wmd/library/news/pakistan/2025/pakistan-251024-pakistan-mfab01.htm,1270647179,EMBASSY 161,actor1 EMBASSY actor2 event_code 161 event_root_code 16 country AF,161,16,EMBASSY,,AF,-4.0,8,1,8,0.0846740050804402,1270647179,1270647179
2025-10-25 16:15:00+00:00,2025-10-25 16:15:00+00:00,DATEADDED_UTC,2025-10-25,freemalaysiatoday.com,https://www.freemalaysiatoday.com/category/nation/2025/10/25/what-to-expect-at-the-asean-summit,1270656376,ASEAN 112 MALAYSIA,actor1 ASEAN actor2 MALAYSIA event_code 112 event_root_code 11 country MY,112,11,ASEAN,MALAYSIA,MY,-2.0,8,1,8,0.50761421319797,1270656376,1270656376
2025-10-25 16:15:00+00:00,2025-10-25 16:15:00+00:00,DATEADDED_UTC,2025-10-25,dailypost.ng,https://dailypost.ng/2025/10/25/police-nab-suspected-kidnapper-rescue-two-abducted-children-in-bauchi/,1270656609,INTELLIGENCE 192 DETECTIVE,actor1 INTELLIGENCE actor2 DETECTIVE event_code 192 event_root_code 19 country,192,19,INTELLIGENCE,DETECTIVE,,-9.5,15,2,15,-6.87413782520345,1270656609,1270656609
2025-10-25 17:45:00+00:00,2025-10-25 17:45:00+00:00,DATEADDED_UTC,2025-10-25,islamicinvitationturkey.com,https://www.islamicinvitationturkey.com/venezuelas-black-gold-hidden-motive-behind-washingtons-pressure-on-caracas/,1270665927,VENEZUELA 1384 PRESIDENT,actor1 VENEZUELA actor2 PRESIDENT event_code 1384 event_root_code 13 country US,1384,13,VENEZUELA,PRESIDENT,US,-7.0,8,1,8,-3.41880341880342,1270665927,1270665927
2025-10-25 18:15:00+00:00,2025-10-25 18:15:00+00:00,DATEADDED_UTC,2025-10-25,thehindu.com,https://www.thehindu.com/news/cities/Delhi/court-slaps-6-lakh-fine-on-litigant-dismisses-over-ex-cjis-comments/article70202383.ece,1270668701,RANA 130 JUDGE,actor1 RANA actor2 JUDGE event_code 130 event_root_code 13 country,130,13,RANA,JUDGE,,-4.4,10,1,10,-4.67836257309942,1270668701,1270668701
2025-10-25 18:30:00+00:00,2025-10-25 18:30:00+00:00,DATEADDED_UTC,2025-10-25,palsolidarity.org,https://palsolidarity.org/2025/10/62444/,1270669655,ARMY 139 SETTLER,actor1 ARMY actor2 SETTLER event_code 139 event_root_code 13 country IS,139,13,ARMY,SETTLER,IS,-7.0,8,1,8,-11.0086767895879,1270669655,1270669655
2025-10-25 19:00:00+00:00,2025-10-25 19:00:00+00:00,DATEADDED_UTC,2025-10-25,upi.com,https://www.upi.com/Top_News/World-News/2025/10/25/ukraine-russian-air-assault/7361761414508/,1270671841,THE EUROPEAN UNION 163 RUSSIAN,actor1 THE EUROPEAN UNION actor2 RUSSIAN event_code 163 event_root_code 16 country RS,163,16,THE EUROPEAN UNION,RUSSIAN,RS,-8.0,8,1,8,-7.22891566265061,1270671841,1270671841
2025-10-25 22:15:00+00:00,2025-10-25 22:15:00+00:00,DATEADDED_UTC,2025-10-25,1057thehawk.com,https://1057thehawk.com/ixp/385/p/nj-sig-sauer-lawsuit/,1270686580,POLICE 190 LIEUTENANT,actor1 POLICE actor2 LIEUTENANT event_code 190 event_root_code 19 country US,190,19,POLICE,LIEUTENANT,US,-10.0,5,1,5,-3.62622036262204,1270686580,1270686580
2025-10-25 23:15:00+00:00,2025-10-25 23:15:00+00:00,DATEADDED_UTC,2025-10-25,yahoo.com,https://www.yahoo.com/news/articles/ken-la-bastide-column-national-221800641.html,1270689834,COMMENTATOR 130 INDIANA,actor1 COMMENTATOR actor2 INDIANA event_code 130 event_root_code 13 country US,130,13,COMMENTATOR,INDIANA,US,-4.4,6,1,6,-0.879120879120881,1270689834,1270689834
2025-10-26 00:00:00+00:00,2025-10-26 00:00:00+00:00,DATEADDED_UTC,2025-10-26,northern-times.co.uk,https://www.northern-times.co.uk/news/national/article/labour-not-bold-enough-says-powell-as-she-becomes-deputy-leader-143641/,1270691901,110 GOVERNMENT,actor1 actor2 GOVERNMENT event_code 110 event_root_code 11 country UK,110,11,,GOVERNMENT,UK,-2.0,10,1,10,-2.834008097166,1270691901,1270691901
2025-10-26 00:00:00+00:00,2025-10-26 00:00:00+00:00,DATEADDED_UTC,2025-10-26,foxreno.com,https://foxreno.com/news/nation-world/mass-shooing-robeson-county-maxton-saturday-morning-dixon-drive-victims-suspect-injured-mug-shot-tips-update,1270692302,AUTHORITIES 193,actor1 AUTHORITIES actor2 event_code 193 event_root_code 19 country,193,19,AUTHORITIES,,,-10.0,5,1,5,-8.13008130081301,1270692302,1270692302
2025-10-26 00:00:00+00:00,2025-10-26 00:00:00+00:00,DATEADDED_UTC,2025-10-26,thedailystar.net,https://www.thedailystar.net/business/global-economy/news/india-can-switch-russian-crude-cost-analysts-4018951,1270692358,MINIST 163 WASHINGTON,actor1 MINIST actor2 WASHINGTON event_code 163 event_root_code 16 country US,163,16,MINIST,WASHINGTON,US,-8.0,5,1,5,-3.08943089430895,1270692358,1270692358
2025-10-26 00:45:00+00:00,2025-10-26 00:45:00+00:00,DATEADDED_UTC,2025-10-26,hindustantimes.com,https://www.hindustantimes.com/trending/us/timothy-mellon-5-facts-about-mystery-donor-who-gave-130-million-to-support-us-military-101761418002670.html,1270696316,114 DEFENSE SECRETARY,actor1 actor2 DEFENSE SECRETARY event_code 114 event_root_code 11 country US,114,11,,DEFENSE SECRETARY,US,-2.0,6,1,6,1.95694716242661,1270696316,1270696316
2025-10-26 02:15:00+00:00,2025-10-26 02:15:00+00:00,DATEADDED_UTC,2025-10-26,ynetnews.com,https://www.ynetnews.com/culture/article/rjtw7eiree,1270702937,ISRAEL 141 GOVERNMENT,actor1 ISRAEL actor2 GOVERNMENT event_code 141 event_root_code 14 country IS,141,14,ISRAEL,GOVERNMENT,IS,-6.5,7,1,7,-1.84696569920844,1270702937,1270702937
2025-10-26 05:30:00+00:00,2025-10-26 05:30:00+00:00,DATEADDED_UTC,2025-10-26,spacewar.com,https://www.spacewar.com/reports/US_deploys_carrier_strike_group_to_the_Caribbean_999.html,1270714833,PRESIDENT 131 VENEZUELA,actor1 PRESIDENT actor2 VENEZUELA event_code 131 event_root_code 13 country VE,131,13,PRESIDENT,VENEZUELA,VE,-5.8,6,1,6,-7.57894736842102,1270714833,1270714833
2025-10-26 05:30:00+00:00,2025-10-26 05:30:00+00:00,DATEADDED_UTC,2025-10-26,en.vietnamplus.vn,https://en.vietnamplus.vn/indonesia-urges-stronger-asean-cooperation-to-combat-cybercrime-post331251.vnp,1270714857,INDONESIA 190 ASEAN,actor1 INDONESIA actor2 ASEAN event_code 190 event_root_code 19 country ID,190,19,INDONESIA,ASEAN,ID,-10.0,10,1,10,0.35211267605633,1270714857,1270714857
2025-10-26 06:00:00+00:00,2025-10-26 06:00:00+00:00,DATEADDED_UTC,2025-10-26,yahoo.com,https://www.yahoo.com/news/articles/shooting-university-pennsylvania-leaves-least-053345059.html,1270717348,PENNSYLVANIA 182 AUTHORITIES,actor1 PENNSYLVANIA actor2 AUTHORITIES event_code 182 event_root_code 18 country US,182,18,PENNSYLVANIA,AUTHORITIES,US,-9.5,20,2,20,-6.61157024793388,1270717348,1270717348
2025-10-26 09:45:00+00:00,2025-10-26 09:45:00+00:00,DATEADDED_UTC,2025-10-26,thedailystar.net,https://www.thedailystar.net/slow-reads/focus/news/sher-e-bangla-and-his-political-rivals-4018756,1270737836,CHIEF MINISTER 160 ABDULLAH,actor1 CHIEF MINISTER actor2 ABDULLAH event_code 160 event_root_code 16 country IN,160,16,CHIEF MINISTER,ABDULLAH,IN,-4.0,6,1,6,-0.67969413763806,1270737836,1270737836
2025-10-26 10:45:00+00:00,2025-10-26 10:45:00+00:00,DATEADDED_UTC,2025-10-26,tribune.com.pk,https://tribune.com.pk/story/2574188/the-upcoming-gsp-plus-assessment,1270744530,PAKISTAN 190 EUROPE,actor1 PAKISTAN actor2 EUROPE event_code 190 event_root_code 19 country IN,190,19,PAKISTAN,EUROPE,IN,-10.0,10,1,10,-0.98591549295775,1270744530,1270744530
2025-10-26 11:45:00+00:00,2025-10-26 11:45:00+00:00,DATEADDED_UTC,2025-10-26,imemc.org,https://imemc.org/article/israeli-troops-continue-attacks-throughout-west-bank/,1270751020,WEST BANK 100 ISRAEL,actor1 WEST BANK actor2 ISRAEL event_code 100 event_root_code 10 country IS,100,10,WEST BANK,ISRAEL,IS,-5.0,5,1,5,-9.23566878980892,1270751020,1270751020
2025-10-26 13:15:00+00:00,2025-10-26 13:15:00+00:00,DATEADDED_UTC,2025-10-26,english.news.cn,https://english.news.cn/20251026/bceb9b988a4f448f9c476d3beb7b0d8b/c.html,1270759860,KHARTOUM 173 SUDANESE,actor1 KHARTOUM actor2 SUDANESE event_code 173 event_root_code 17 country SU,173,17,KHARTOUM,SUDANESE,SU,-5.0,16,1,16,-5.06329113924051,1270759860,1270759860
2025-10-26 14:30:00+00:00,2025-10-26 14:30:00+00:00,DATEADDED_UTC,2025-10-26,colombogazette.com,http://colombogazette.com/2025/10/26/one-more-killing-and-where-is-the-nation-heading,1270766591,RULER 120,actor1 RULER actor2 event_code 120 event_root_code 12 country CE,120,12,RULER,,CE,-4.0,6,1,6,-3.59231411862991,1270766591,1270766591
2025-10-26 18:30:00+00:00,2025-10-26 18:30:00+00:00,DATEADDED_UTC,2025-10-26,webpronews.com,https://www.webpronews.com/myanmar-military-raids-kk-park-cybercrime-hub-detains-2000/,1270791121,MYANMAR 170 SOUTHEAST ASIA,actor1 MYANMAR actor2 SOUTHEAST ASIA event_code 170 event_root_code 17 country CH,170,17,MYANMAR,SOUTHEAST ASIA,CH,-7.0,10,1,10,-12.6394052044609,1270791121,1270791121
2025-10-26 19:15:00+00:00,2025-10-26 19:15:00+00:00,DATEADDED_UTC,2025-10-26,weeklyblitz.net,https://weeklyblitz.net/2025/10/27/how-starmers-deregulation-agenda-betrays-britains-working-class/,1270794959,ADVOCATE 111 BRITON,actor1 ADVOCATE actor2 BRITON event_code 111 event_root_code 11 country UK,111,11,ADVOCATE,BRITON,UK,-2.0,10,1,10,-0.83125519534498,1270794959,1270794959
2025-10-26 19:30:00+00:00,2025-10-26 19:30:00+00:00,DATEADDED_UTC,2025-10-26,yahoo.com,https://www.yahoo.com/news/articles/worst-british-military-aircraft-ever-190143849.html,1270795948,190 NAVY,actor1 actor2 NAVY event_code 190 event_root_code 19 country UK,190,19,,NAVY,UK,-10.0,10,1,10,-5.33391153512576,1270795948,1270795948
2025-10-26 22:00:00+00:00,2025-10-26 22:00:00+00:00,DATEADDED_UTC,2025-10-26,yahoo.com,https://www.yahoo.com/news/articles/westerly-motorcyclist-killed-connecticut-crash-205548602.html,1270807896,CONNECTICUT 190 WATERFORD,actor1 CONNECTICUT actor2 WATERFORD event_code 190 event_root_code 19 country US,190,19,CONNECTICUT,WATERFORD,US,-10.0,10,1,10,-2.76243093922652,1270807896,1270807896
2025-10-26 22:15:00+00:00,2025-10-26 22:15:00+00:00,DATEADDED_UTC,2025-10-26,kyma.com,https://kyma.com/decision-2024/national-politics/2025/10/26/house-minority-leader-on-government-shutdown-healthcare-premiums-and-mandami-endorsement/,1270808600,CIVIL SERVANT 110 EMPLOYEE,actor1 CIVIL SERVANT actor2 EMPLOYEE event_code 110 event_root_code 11 country US,110,11,CIVIL SERVANT,EMPLOYEE,US,-2.0,5,1,5,1.96629213483146,1270808600,1270808600
2025-10-26 23:00:00+00:00,2025-10-26 23:00:00+00:00,DATEADDED_UTC,2025-10-26,oregonlive.com,https://www.oregonlive.com/news/2025/10/portland-fire-investigate-possible-arson-after-fire-damages-portland-city-councilors-home-car-and-carport.html,1270811643,FIREFIGHTER 190 PORTLAND,actor1 FIREFIGHTER actor2 PORTLAND event_code 190 event_root_code 19 country,190,19,FIREFIGHTER,PORTLAND,,-10.0,10,1,10,-2.79503105590062,1270811643,1270811643
2025-10-27 00:00:00+00:00,2025-10-27 00:00:00+00:00,DATEADDED_UTC,2025-10-27,guampdn.com,https://www.guampdn.com/news/national/sudans-rsf-claims-control-of-last-army-stronghold-in-darfur/article_c756c652-72cc-5ad2-ab13-45a315be1917.html,1270815922,SUDAN 194 ARMY,actor1 SUDAN actor2 ARMY event_code 194 event_root_code 19 country SU,194,19,SUDAN,ARMY,SU,-10.0,12,2,12,-3.45285524568393,1270815922,1270815922
2025-10-27 00:15:00+00:00,2025-10-27 00:15:00+00:00,DATEADDED_UTC,2025-10-27,lbc.co.uk,https://www.lbc.co.uk/article/nato-closes-vilnius-airport-belarus-5HjdFtf_2/,1270817174,PRESIDENT 111,actor1 PRESIDENT actor2 event_code 111 event_root_code 11 country RS,111,11,PRESIDENT,,RS,-2.0,10,1,10,-3.40501792114696,1270817174,1270817174
2025-10-27 00:15:00+00:00,2025-10-27 00:15:00+00:00,DATEADDED_UTC,2025-10-27,business.scoop.co.nz,https://business.scoop.co.nz/2025/10/27/marine-and-coastal-area-takutai-moana-customary-marine-title-amendment-bill-third-reading/,1270817188,GOVERNMENT 190,actor1 GOVERNMENT actor2 event_code 190 event_root_code 19 country NZ,190,19,GOVERNMENT,,NZ,-10.0,6,1,6,-0.5231037489102,1270817188,1270817188
2025-10-27 01:00:00+00:00,2025-10-27 01:00:00+00:00,DATEADDED_UTC,2025-10-27,news9.com,http://www.news9.com/story/68fe8de06eb9d9b32c8322ab/choctaw-barn-crash-after-medical-episode-causes-truck-fire-police-say,1270822483,AUTHORITIES 190 CHOCTAW,actor1 AUTHORITIES actor2 CHOCTAW event_code 190 event_root_code 19 country,190,19,AUTHORITIES,CHOCTAW,,-10.0,10,1,10,-6.20689655172414,1270822483,1270822483
2025-10-27 02:15:00+00:00,2025-10-27 02:15:00+00:00,DATEADDED_UTC,2025-10-27,yahoo.com,https://www.yahoo.com/news/articles/no-snap-benefits-issued-nov-233052855.html,1270829104,WEBSITE 112 SENATE,actor1 WEBSITE actor2 SENATE event_code 112 event_root_code 11 country US,112,11,WEBSITE,SENATE,US,-2.0,10,1,10,-0.82644628099174,1270829104,1270829104
2025-10-27 03:15:00+00:00,2025-10-27 03:15:00+00:00,DATEADDED_UTC,2025-10-27,indianexpress.com,https://indianexpress.com/article/india/mere-presence-of-few-transient-tigers-no-reason-to-declare-tiger-reserve-goa-govt-to-sc-panel-10328599/,1270833460,GOVERNMENT 112,actor1 GOVERNMENT actor2 event_code 112 event_root_code 11 country IN,112,11,GOVERNMENT,,IN,-2.0,10,1,10,-1.21836925960637,1270833460,1270833460
2025-10-27 04:00:00+00:00,2025-10-27 04:00:00+00:00,DATEADDED_UTC,2025-10-27,asianews.network,https://asianews.network/un-at-80-imperfect-but-indispensable/,1270837389,THE SECURITY COUNCIL 129 RUSSIA,actor1 THE SECURITY COUNCIL actor2 RUSSIA event_code 129 event_root_code 12 country RS,129,12,THE SECURITY COUNCIL,RUSSIA,RS,-5.0,5,1,5,-5.41484716157205,1270837389,1270837389
2025-10-27 04:15:00+00:00,2025-10-27 04:15:00+00:00,DATEADDED_UTC,2025-10-27,china.org.cn,http://www.china.org.cn/2025-10/27/content_118143424.shtml,1270838919,VENEZUELAN 111 WASHINGTON,actor1 VENEZUELAN actor2 WASHINGTON event_code 111 event_root_code 11 country US,111,11,VENEZUELAN,WASHINGTON,US,-2.0,6,1,6,-5.71428571428572,1270838919,1270838919
2025-10-27 05:30:00+00:00,2025-10-27 05:30:00+00:00,DATEADDED_UTC,2025-10-27,irishmirror.ie,https://www.irishmirror.ie/news/irish-news/irish-grandmother-who-died-crash-36137050,1270844441,MASSACHUSETTS 182 DUBLIN,actor1 MASSACHUSETTS actor2 DUBLIN event_code 182 event_root_code 18 country US,182,18,MASSACHUSETTS,DUBLIN,US,-9.5,6,1,6,-4.36241610738255,1270844441,1270844441
2025-10-27 06:00:00+00:00,2025-10-27 06:00:00+00:00,DATEADDED_UTC,2025-10-27,businessinsider.com,https://www.businessinsider.com/front-line-nato-ally-lithuania-belarus-sending-balloons-smuggle-airport-2025-10,1270846748,AUTHORITIES 160 VILNIUS,actor1 AUTHORITIES actor2 VILNIUS event_code 160 event_root_code 16 country KS,160,16,AUTHORITIES,VILNIUS,KS,-4.0,6,1,6,-2.73109243697479,1270846748,1270846748
2025-10-27 06:15:00+00:00,2025-10-27 06:15:00+00:00,DATEADDED_UTC,2025-10-27,gazette-news.co.uk,https://www.gazette-news.co.uk/news/25569307.colchester-mini-dealership-former-worker-loses-tribunal/,1270848394,TRIBUNAL 141,actor1 TRIBUNAL actor2 event_code 141 event_root_code 14 country UK,141,14,TRIBUNAL,,UK,-6.5,8,1,8,-4.31309904153354,1270848394,1270848394
2025-10-27 06:30:00+00:00,2025-10-27 06:30:00+00:00,DATEADDED_UTC,2025-10-27,bbc.com,https://www.bbc.com/news/articles/cge5ngz11xpo,1270849913,PRESIDENT 160 GAZA,actor1 PRESIDENT actor2 GAZA event_code 160 event_root_code 16 country IS,160,16,PRESIDENT,GAZA,IS,-4.0,5,1,5,-4.41988950276243,1270849913,1270849913
2025-10-27 06:45:00+00:00,2025-10-27 06:45:00+00:00,DATEADDED_UTC,2025-10-27,mirror.co.uk,https://www.mirror.co.uk/news/politics/king-charles-attend-dedication-first-36137134,1270851527,KING 172,actor1 KING actor2 event_code 172 event_root_code 17 country UK,172,17,KING,,UK,-5.0,12,1,6,-3.33863275039746,1270851527,1270851527
2025-10-27 06:45:00+00:00,2025-10-27 06:45:00+00:00,DATEADDED_UTC,2025-10-27,ibtimes.co.uk,https://www.ibtimes.co.uk/iryna-zarutskas-tragic-death-inspires-new-butterfly-why-did-scientist-harry-pavulaan-choose-1750211,1270851858,UKRAINIAN 190 NORTH CAROLINA,actor1 UKRAINIAN actor2 NORTH CAROLINA event_code 190 event_root_code 19 country UP,190,19,UKRAINIAN,NORTH CAROLINA,UP,-10.0,6,1,6,-1.13207547169811,1270851858,1270851858
2025-10-27 07:30:00+00:00,2025-10-27 07:30:00+00:00,DATEADDED_UTC,2025-10-27,ynetnews.com,https://www.ynetnews.com/article/bkjmwdhrll,1270857391,TERRORIST 128,actor1 TERRORIST actor2 event_code 128 event_root_code 12 country,128,12,TERRORIST,,,-5.0,5,1,5,-4.55104551045511,1270857391,1270857391
2025-10-27 08:45:00+00:00,2025-10-27 08:45:00+00:00,DATEADDED_UTC,2025-10-27,prokerala.com,https://www.prokerala.com/news/articles/a1690277.html,1270865783,141 AUTHORITIES,actor1 actor2 AUTHORITIES event_code 141 event_root_code 14 country IN,141,14,,AUTHORITIES,IN,-6.5,10,1,10,-4.57038391224863,1270865783,1270865783
2025-10-27 08:45:00+00:00,2025-10-27 08:45:00+00:00,DATEADDED_UTC,2025-10-27,abc7amarillo.com,https://abc7amarillo.com/newsletter-daily/toddler-among-3-found-dead-outside-texas-house-in-suspected-murder-suicide-authorities-3-year-old-boy-child-killed-death-crime-scene-investigator-evidence-motive,1270866451,AUTHORITIES 182 TEXAS,actor1 AUTHORITIES actor2 TEXAS event_code 182 event_root_code 18 country US,182,18,AUTHORITIES,TEXAS,US,-9.5,5,1,5,-4.16666666666667,1270866451,1270866451
2025-10-27 09:00:00+00:00,2025-10-27 09:00:00+00:00,DATEADDED_UTC,2025-10-27,cruxnow.com,https://cruxnow.com/church-in-the-americas/2025/10/church-objects-licensing-of-oil-exploration-project-in-amazon-river-of-brazil,1270868204,130 AUTHORITIES,actor1 actor2 AUTHORITIES event_code 130 event_root_code 13 country BR,130,13,,AUTHORITIES,BR,-4.4,10,1,10,-3.15682281059063,1270868204,1270868204
2025-10-27 09:15:00+00:00,2025-10-27 09:15:00+00:00,DATEADDED_UTC,2025-10-27,wowo.com,https://wowo.com/prosecutors-officer-acted-to-protect-others/,1270870784,PROSECUTOR 193 POLICE OFFICER,actor1 PROSECUTOR actor2 POLICE OFFICER event_code 193 event_root_code 19 country,193,19,PROSECUTOR,POLICE OFFICER,,-10.0,5,1,5,-7.29166666666667,1270870784,1270870784
2025-10-27 09:45:00+00:00,2025-10-27 09:45:00+00:00,DATEADDED_UTC,2025-10-27,bnn-news.com,https://bnn-news.com/lithuanian-arms-manufacturers-criticize-government-weapons-should-be-purchased-locally-273503,1270875308,LITHUANIAN 111 GOVERNMENT,actor1 LITHUANIAN actor2 GOVERNMENT event_code 111 event_root_code 11 country LH,111,11,LITHUANIAN,GOVERNMENT,LH,-2.0,8,1,8,-2.57142857142857,1270875308,1270875308
2025-10-27 11:15:00+00:00,2025-10-27 11:15:00+00:00,DATEADDED_UTC,2025-10-27,nationalpost.com,https://nationalpost.com/opinion/ivison-dead-comrades-no-ammo-and-surrounded-by-russians-canadian-forces-vet-on-the-war-in-ukraine,1270887879,CANADIAN 190 RUSSIAN,actor1 CANADIAN actor2 RUSSIAN event_code 190 event_root_code 19 country UP,190,19,CANADIAN,RUSSIAN,UP,-10.0,8,1,8,-1.15979381443299,1270887879,1270887879
2025-10-27 11:30:00+00:00,2025-10-27 11:30:00+00:00,DATEADDED_UTC,2025-10-27,kyivpost.com,https://www.kyivpost.com/post/63025,1270891109,MOSCOW 111 BERLIN,actor1 MOSCOW actor2 BERLIN event_code 111 event_root_code 11 country GM,111,11,MOSCOW,BERLIN,GM,-2.0,6,1,6,-9.95024875621891,1270891109,1270891109
2025-10-27 11:30:00+00:00,2025-10-27 11:30:00+00:00,DATEADDED_UTC,2025-10-27,biztoc.com,https://biztoc.com/x/0a78d91c7db86b6e,1270891315,LAWRENCE 180 GOVERNMENT,actor1 LAWRENCE actor2 GOVERNMENT event_code 180 event_root_code 18 country,180,18,LAWRENCE,GOVERNMENT,,-9.0,5,1,5,-9.43396226415094,1270891315,1270891315
2025-10-27 13:45:00+00:00,2025-10-27 13:45:00+00:00,DATEADDED_UTC,2025-10-27,yahoo.com,https://www.yahoo.com/news/articles/david-lammy-worst-person-worst-121316309.html,1270912145,BRITAIN 173 ETHIOPIAN,actor1 BRITAIN actor2 ETHIOPIAN event_code 173 event_root_code 17 country ET,173,17,BRITAIN,ETHIOPIAN,ET,-5.0,8,1,8,-0.60240963855422,1270912145,1270912145
2025-10-27 13:45:00+00:00,2025-10-27 13:45:00+00:00,DATEADDED_UTC,2025-10-27,dailysabah.com,https://www.dailysabah.com/world/africa/civilians-in-limbo-after-rsf-claims-control-of-sudans-el-fasher,1270912684,SUDAN 194 ARMY,actor1 SUDAN actor2 ARMY event_code 194 event_root_code 19 country SU,194,19,SUDAN,ARMY,SU,-10.0,6,1,6,-5.78616352201258,1270912684,1270912684
2025-10-27 14:00:00+00:00,2025-10-27 14:00:00+00:00,DATEADDED_UTC,2025-10-27,sofrep.com,https://sofrep.com/news/sofrep-daily-2025-oct-27-am/,1270915200,RUSSIA 180 KYIV,actor1 RUSSIA actor2 KYIV event_code 180 event_root_code 18 country UP,180,18,RUSSIA,KYIV,UP,-9.0,8,1,8,-5.28,1270915200,1270915200
2025-10-27 14:15:00+00:00,2025-10-27 14:15:00+00:00,DATEADDED_UTC,2025-10-27,clevelandjewishnews.com,https://www.clevelandjewishnews.com/jns/unifil-downs-idf-intelligence-drone-over-southern-lebanon/article_902f9e8e-0cbf-5438-adb3-4c7a4e8574ea.html,1270917839,UNITED NATIONS 190 ISRAEL,actor1 UNITED NATIONS actor2 ISRAEL event_code 190 event_root_code 19 country LE,190,19,UNITED NATIONS,ISRAEL,LE,-10.0,10,1,10,-4.84330484330484,1270917839,1270917839
2025-10-27 15:30:00+00:00,2025-10-27 15:30:00+00:00,DATEADDED_UTC,2025-10-27,thehindu.com,https://www.thehindu.com/news/national/kerala/haste-in-signing-pm-shri-pact-hints-at-ulterior-motives-says-venugopal/article70208998.ece,1270932939,CONGRESS 112 GOVERNMENT,actor1 CONGRESS actor2 GOVERNMENT event_code 112 event_root_code 11 country IN,112,11,CONGRESS,GOVERNMENT,IN,-2.0,10,1,10,-3.46320346320347,1270932939,1270932939
2025-10-27 16:00:00+00:00,2025-10-27 16:00:00+00:00,DATEADDED_UTC,2025-10-27,wral.com,https://www.wral.com/story/hyundai-hoped-to-return-skilled-south-korean-workers-to-the-us-after-the-ice-raid-trump-just-opened-the-door/22217958/,1270938254,HYUNDAI 190 THE US,actor1 HYUNDAI actor2 THE US event_code 190 event_root_code 19 country KS,190,19,HYUNDAI,THE US,KS,-10.0,8,1,8,-2.78810408921933,1270938254,1270938254
2025-10-27 16:30:00+00:00,2025-10-27 16:30:00+00:00,DATEADDED_UTC,2025-10-27,fdiintelligence.com,https://www.fdiintelligence.com/content/e5ad7633-70f6-41f4-805a-70084ea0cf6e,1270942634,PRESIDENT 100 COMPANY,actor1 PRESIDENT actor2 COMPANY event_code 100 event_root_code 10 country CH,100,10,PRESIDENT,COMPANY,CH,-5.0,5,1,5,-2.54010695187166,1270942634,1270942634
2025-10-27 16:30:00+00:00,2025-10-27 16:30:00+00:00,DATEADDED_UTC,2025-10-27,patch.com,https://patch.com/illinois/elmhurst/oak-brook-agency-stands-falsehood-criminal-penalties,1270942843,LAWYER 130 CHICAGO,actor1 LAWYER actor2 CHICAGO event_code 130 event_root_code 13 country,130,13,LAWYER,CHICAGO,,-4.4,5,1,5,-5.75079872204473,1270942843,1270942843
2025-10-27 16:45:00+00:00,2025-10-27 16:45:00+00:00,DATEADDED_UTC,2025-10-27,prokerala.com,https://www.prokerala.com/news/articles/a1690541.html,1270946576,SECURITY PERSONNEL 153,actor1 SECURITY PERSONNEL actor2 event_code 153 event_root_code 15 country IN,153,15,SECURITY PERSONNEL,,IN,-7.2,8,1,8,4.32900432900432,1270946576,1270946576
2025-10-27 17:15:00+00:00,2025-10-27 17:15:00+00:00,DATEADDED_UTC,2025-10-27,aol.co.uk,https://www.aol.co.uk/news/china-spy-scandal-tearing-westminster-164506403.html,1270950628,CHINA 111 PARLIAMENT,actor1 CHINA actor2 PARLIAMENT event_code 111 event_root_code 11 country CH,111,11,CHINA,PARLIAMENT,CH,-2.0,10,1,10,-6.37362637362637,1270950628,1270950628
2025-10-27 17:30:00+00:00,2025-10-27 17:30:00+00:00,DATEADDED_UTC,2025-10-27,haaretz.com,https://www.haaretz.com/gaza/2025-10-27/ty-article/.premium/israel-wont-accept-turkish-armed-forces-in-gaza-foreign-minister-says/0000019a-25fb-d856-a9ff-6ffb074a0000,1270954746,GIDEON SAAR 110 TURKISH,actor1 GIDEON SAAR actor2 TURKISH event_code 110 event_root_code 11 country TU,110,11,GIDEON SAAR,TURKISH,TU,-2.0,6,1,6,-2.89855072463768,1270954746,1270954746
2025-10-27 18:30:00+00:00,2025-10-27 18:30:00+00:00,DATEADDED_UTC,2025-10-27,borehamwoodtimes.co.uk,https://www.borehamwoodtimes.co.uk/news/national/25574495.king-heckled-prince-andrews-relationship-epstein-greets-crowds/,1270964209,PRINCE 111,actor1 PRINCE actor2 event_code 111 event_root_code 11 country UK,111,11,PRINCE,,UK,-2.0,50,5,50,0.3338898163606,1270964209,1270964209
2025-10-27 18:30:00+00:00,2025-10-27 18:30:00+00:00,DATEADDED_UTC,2025-10-27,yahoo.com,https://www.yahoo.com/news/articles/ouattara-wins-landslide-fourth-term-175239936.html,1270964219,ELECTORAL COMMISSION 172 ALASSANE OUATTARA,actor1 ELECTORAL COMMISSION actor2 ALASSANE OUATTARA event_code 172 event_root_code 17 country IV,172,17,ELECTORAL COMMISSION,ALASSANE OUATTARA,IV,-5.0,8,1,8,-4.52961672473867,1270964219,1270964219
2025-10-27 18:30:00+00:00,2025-10-27 18:30:00+00:00,DATEADDED_UTC,2025-10-27,yahoo.com,https://www.yahoo.com/news/articles/ukraine-rescues-17-children-occupation-175206418.html,1270964853,RUSSIA 190 OCCUPIED TERRITORIES,actor1 RUSSIA actor2 OCCUPIED TERRITORIES event_code 190 event_root_code 19 country UP,190,19,RUSSIA,OCCUPIED TERRITORIES,UP,-10.0,7,1,7,-4.59770114942529,1270964853,1270964853
2025-10-27 18:45:00+00:00,2025-10-27 18:45:00+00:00,DATEADDED_UTC,2025-10-27,express.co.uk,https://www.express.co.uk/news/world/2126588/russian-general-lies-vladimir-putin-ukraine-war,1270967289,RUSSIA 190 VLADIMIR PUTIN,actor1 RUSSIA actor2 VLADIMIR PUTIN event_code 190 event_root_code 19 country RS,190,19,RUSSIA,VLADIMIR PUTIN,RS,-10.0,10,1,10,-6.01503759398496,1270967289,1270967289
2025-10-27 18:45:00+00:00,2025-10-27 18:45:00+00:00,DATEADDED_UTC,2025-10-27,northcountrypublicradio.org,https://www.northcountrypublicradio.org/news/npr/nx-s1-5587665/trapped-and-terrified-genocide-warnings-after-rsf-s-darfur-advance,1270967309,SAUDI ARABIA 112 IRAN,actor1 SAUDI ARABIA actor2 IRAN event_code 112 event_root_code 11 country AE,112,11,SAUDI ARABIA,IRAN,AE,-2.0,6,1,6,-7.89163722025913,1270967309,1270967309
2025-10-27 19:30:00+00:00,2025-10-27 19:30:00+00:00,DATEADDED_UTC,2025-10-27,tribune.com.pk,https://tribune.com.pk/story/2574472/karachi-police-say-killers-of-journalist-imtiaz-mir-arrested,1270974093,AUTHORITIES 173,actor1 AUTHORITIES actor2 event_code 173 event_root_code 17 country PK,173,17,AUTHORITIES,,PK,-5.0,10,1,10,-7.77202072538857,1270974093,1270974093
2025-10-27 19:45:00+00:00,2025-10-27 19:45:00+00:00,DATEADDED_UTC,2025-10-27,thehindu.com,https://www.thehindu.com/news/national/bjp-hits-out-at-opposition-over-its-stand-on-sir-20/article70210084.ece,1270976873,THE OPPOSITION 100 MAHARASHTRA,actor1 THE OPPOSITION actor2 MAHARASHTRA event_code 100 event_root_code 10 country BG,100,10,THE OPPOSITION,MAHARASHTRA,BG,-5.0,10,1,10,-4.80225988700565,1270976873,1270976873
2025-10-27 20:45:00+00:00,2025-10-27 20:45:00+00:00,DATEADDED_UTC,2025-10-27,tass.com,https://tass.com/world/2035839,1270985539,HUNGARIAN 120 RUSSIA,actor1 HUNGARIAN actor2 RUSSIA event_code 120 event_root_code 12 country RS,120,12,HUNGARIAN,RUSSIA,RS,-4.0,6,1,6,-4.29042904290429,1270985539,1270985539
2025-10-27 21:00:00+00:00,2025-10-27 21:00:00+00:00,DATEADDED_UTC,2025-10-27,hindustantimes.com,https://www.hindustantimes.com/world-news/us-news/charlie-kirk-case-tyler-robinson-scores-big-win-in-court-judge-tony-graf-rules-on-assassination-suspects-request-101761592642344.html,1270987702,100 JUDGE,actor1 actor2 JUDGE event_code 100 event_root_code 10 country US,100,10,,JUDGE,US,-5.0,6,1,6,-7.39726027397256,1270987702,1270987702
2025-10-27 21:45:00+00:00,2025-10-27 21:45:00+00:00,DATEADDED_UTC,2025-10-20,promptnewsonline.com,https://promptnewsonline.com/breaking-sowore-kanus-lawyer-younger-brother-others-regain-freedom/,1270993645,OPERATIVE 141 ABUJA,actor1 OPERATIVE actor2 ABUJA event_code 141 event_root_code 14 country NI,141,14,OPERATIVE,ABUJA,NI,-6.5,6,1,6,-4.46927374301677,1270993645,1270993645
2025-10-27 22:00:00+00:00,2025-10-27 22:00:00+00:00,DATEADDED_UTC,2025-10-27,bridgemi.com,https://bridgemi.com/michigan-government/michigan-court-house-gop-must-send-blocked-bills-to-whitmer/,1270996848,HOUSE SPEAKER 124,actor1 HOUSE SPEAKER actor2 event_code 124 event_root_code 12 country US,124,12,HOUSE SPEAKER,,US,-4.0,6,1,6,-0.16722408026755,1270996848,1270996848
2025-10-27 22:15:00+00:00,2025-10-27 22:15:00+00:00,DATEADDED_UTC,2025-10-27,theglobeandmail.com,https://www.theglobeandmail.com/investing/markets/inside-the-market/article-descartes-systems-group-tariffs-stock/,1270998298,WORLD TRADE ORGANIZATION 120,actor1 WORLD TRADE ORGANIZATION actor2 event_code 120 event_root_code 12 country CA,120,12,WORLD TRADE ORGANIZATION,,CA,-4.0,10,1,10,-0.39292730844794,1270998298,1270998298
2025-10-27 22:45:00+00:00,2025-10-27 22:45:00+00:00,DATEADDED_UTC,2025-10-27,bakercityherald.com,https://bakercityherald.com/2025/10/27/baker-high-school-career-conference-spans-entire-day/,1271000897,SCHOOL 190 MILITARY,actor1 SCHOOL actor2 MILITARY event_code 190 event_root_code 19 country US,190,19,SCHOOL,MILITARY,US,-10.0,5,1,5,1.67173252279635,1271000897,1271000897
2025-10-27 22:45:00+00:00,2025-10-27 22:45:00+00:00,DATEADDED_UTC,2025-10-27,thegazette.com,https://www.thegazette.com/state-government/capitol-notebook-federal-judge-allows-trump-to-dismiss-federal-suit-vs-iowa-pollster-shift-focus/,1271001168,COURT OF APPEALS 110,actor1 COURT OF APPEALS actor2 event_code 110 event_root_code 11 country US,110,11,COURT OF APPEALS,,US,-2.0,6,1,6,2.71270036991369,1271001168,1271001168
2025-10-27 23:00:00+00:00,2025-10-27 23:00:00+00:00,DATEADDED_UTC,2025-10-27,abc7amarillo.com,https://abc7amarillo.com/news/local/volunteer-firefighters-resign-in-spearman-over-department-leadership-issues-christina-drettmer-justin-parker-city-of-spearman-volunteer-fire-department,1271003094,FIREFIGHTER 114,actor1 FIREFIGHTER actor2 event_code 114 event_root_code 11 country US,114,11,FIREFIGHTER,,US,-2.0,10,1,10,-3.26409495548962,1271003094,1271003094
2025-10-27 23:30:00+00:00,2025-10-27 23:30:00+00:00,DATEADDED_UTC,2025-10-27,lex18.com,https://www.lex18.com/news/covering-kentucky/madison-county-judge-rules-death-penalty-remains-option-for-shannon-gilday,1271006320,JORDAN 173 JUDGE,actor1 JORDAN actor2 JUDGE event_code 173 event_root_code 17 country JO,173,17,JORDAN,JUDGE,JO,-5.0,6,1,6,-6.02006688963211,1271006320,1271006320
2025-10-28 00:15:00+00:00,2025-10-28 00:15:00+00:00,DATEADDED_UTC,2025-10-28,dailypost.vu,https://www.dailypost.vu/news/man-gets-3-years-in-jail-for-nightclub-fatal-assault/article_d014942b-8748-573d-a723-48edddf94d39.html,1271013567,JUDGE 173,actor1 JUDGE actor2 event_code 173 event_root_code 17 country,173,17,JUDGE,,,-5.0,20,1,10,-7.30088495575221,1271013567,1271013567
2025-10-28 00:15:00+00:00,2025-10-28 00:15:00+00:00,DATEADDED_UTC,2025-10-28,iraqsun.com,http://www.iraqsun.com/news/278659638/isalex-30-exercise-launches-in-bahrain,1271013755,SPECIAL FORCES 180,actor1 SPECIAL FORCES actor2 event_code 180 event_root_code 18 country SN,180,18,SPECIAL FORCES,,SN,-9.0,5,1,5,3.49206349206349,1271013755,1271013755
2025-10-28 00:15:00+00:00,2025-10-28 00:15:00+00:00,DATEADDED_UTC,2025-10-28,vindy.com,http://www.vindy.com/wire/?category=5&ID=373198,1271013756,CRUISER 193,actor1 CRUISER actor2 event_code 193 event_root_code 19 country DJ,193,19,CRUISER,,DJ,-10.0,20,2,20,-3.83961943594971,1271013756,1271013756
2025-10-28 00:15:00+00:00,2025-10-28 00:15:00+00:00,DATEADDED_UTC,2025-10-28,aol.com,https://www.aol.com/articles/california-election-could-tip-congress-203356016.html,1271014412,CALIFORNIA 111 GOVERNOR,actor1 CALIFORNIA actor2 GOVERNOR event_code 111 event_root_code 11 country US,111,11,CALIFORNIA,GOVERNOR,US,-2.0,6,1,6,-1.13851992409867,1271014412,1271014412
2025-10-28 00:30:00+00:00,2025-10-28 00:30:00+00:00,DATEADDED_UTC,2025-10-28,investinglive.com:443,https://investinglive.com:443/news/beijing-and-berlin-play-down-diplomatic-rift-after-german-minister-cancels-china-trip-20251027/,1271016051,BERLIN 161 GERMAN,actor1 BERLIN actor2 GERMAN event_code 161 event_root_code 16 country CH,161,16,BERLIN,GERMAN,CH,-4.0,8,1,8,-4.37158469945355,1271016051,1271016051
2025-10-28 00:30:00+00:00,2025-10-28 00:30:00+00:00,DATEADDED_UTC,2025-10-28,kpbs.org,https://www.kpbs.org/news/politics/2025/10/27/local-congressional-delegation-again-denied-entry-to-ice-detention-facility,1271016581,LEGISLATOR 160 UNITED STATES,actor1 LEGISLATOR actor2 UNITED STATES event_code 160 event_root_code 16 country US,160,16,LEGISLATOR,UNITED STATES,US,-4.0,5,1,5,-4.93827160493827,1271016581,1271016581
2025-10-28 01:00:00+00:00,2025-10-28 01:00:00+00:00,DATEADDED_UTC,2025-10-28,gdnonline.com:443,https://www.gdnonline.com:443/Details/1367006/Trump-leaves-door-open-to-third-term,1271020406,SCHOLAR 172 PRESIDENT,actor1 SCHOLAR actor2 PRESIDENT event_code 172 event_root_code 17 country US,172,17,SCHOLAR,PRESIDENT,US,-5.0,6,1,6,2.41635687732342,1271020406,1271020406
2025-10-28 02:30:00+00:00,2025-10-28 02:30:00+00:00,DATEADDED_UTC,2025-10-28,wvmetronews.com,https://wvmetronews.com/2025/10/27/west-virginia-braces-for-disruption-of-food-assistance-benefits/,1271032358,WEBSITE 112 SENATE,actor1 WEBSITE actor2 SENATE event_code 112 event_root_code 11 country US,112,11,WEBSITE,SENATE,US,-2.0,10,1,10,-0.38461538461538,1271032358,1271032358
2025-10-28 03:15:00+00:00,2025-10-28 03:15:00+00:00,DATEADDED_UTC,2025-10-28,kvia.com,https://kvia.com/news/border/2025/10/27/el-paso-sector-sees-decrease-in-migrant-encounters-along-the-border/,1271036757,ADMINISTRATION 173,actor1 ADMINISTRATION actor2 event_code 173 event_root_code 17 country US,173,17,ADMINISTRATION,,US,-5.0,5,1,5,-3.36391437308869,1271036757,1271036757
2025-10-28 03:45:00+00:00,2025-10-28 03:45:00+00:00,DATEADDED_UTC,2025-10-28,patheos.com,https://www.patheos.com/blogs/faith4today/2025/10/cashless-bail-policies-and-their-consequences/,1271039776,AUTHORITIES 111 ORLANDO,actor1 AUTHORITIES actor2 ORLANDO event_code 111 event_root_code 11 country US,111,11,AUTHORITIES,ORLANDO,US,-2.0,5,1,5,-11.307901907357,1271039776,1271039776
2025-10-28 06:00:00+00:00,2025-10-28 06:00:00+00:00,DATEADDED_UTC,2025-10-28,portnews.com.au,https://www.portnews.com.au/story/9099302/top-court-fight-looms-over-womans-terror-flag-charge/,1271052648,AUSTRALIA 110 TERRORIST,actor1 AUSTRALIA actor2 TERRORIST event_code 110 event_root_code 11 country AS,110,11,AUSTRALIA,TERRORIST,AS,-2.0,48,6,24,-8.26340936641838,1271052648,1271052648
2025-10-28 06:00:00+00:00,2025-10-28 06:00:00+00:00,DATEADDED_UTC,2025-10-28,economictimes.indiatimes.com,https://economictimes.indiatimes.com/news/international/global-trends/us-news-zohran-mamdani-lied-about-the-9/11-story-about-his-muslim-aunt-how-nyc-mayoral-candidates-false-claim-was-busted-by-the-internet/articleshow/124864823.cms,1271053156,TERRORIST 190 NEW YORK,actor1 TERRORIST actor2 NEW YORK event_code 190 event_root_code 19 country US,190,19,TERRORIST,NEW YORK,US,-10.0,10,1,10,-6.78851174934726,1271053156,1271053156
2025-10-28 06:45:00+00:00,2025-10-28 06:45:00+00:00,DATEADDED_UTC,2025-10-28,blog.playstation.com,https://blog.playstation.com/2025/10/27/loulan-the-cursed-sand-is-coming-to-ps5/,1271057945,190 KINGDOM,actor1 actor2 KINGDOM event_code 190 event_root_code 19 country CH,190,19,,KINGDOM,CH,-10.0,10,1,10,0.97087378640777,1271057945,1271057945
2025-10-28 08:00:00+00:00,2025-10-28 08:00:00+00:00,DATEADDED_UTC,2025-10-28,wtmj.com,https://wtmj.com/news/2025/10/24/white-house-denies-federal-disaster-request-for-6-wisconsin-counties-impacted-by-august-floods/,1271068542,MILWAUKEE 110 GOVERNMENT,actor1 MILWAUKEE actor2 GOVERNMENT event_code 110 event_root_code 11 country US,110,11,MILWAUKEE,GOVERNMENT,US,-2.0,10,1,10,-4.56140350877193,1271068542,1271068542
2025-10-28 08:45:00+00:00,2025-10-28 08:45:00+00:00,DATEADDED_UTC,2025-10-28,glasgowtimes.co.uk,https://www.glasgowtimes.co.uk/news/scottish-news/25575169.american-man-sexually-assaulted-sleeping-woman-glasgow/,1271073869,GLASGOW 173 NEW JERSEY,actor1 GLASGOW actor2 NEW JERSEY event_code 173 event_root_code 17 country UK,173,17,GLASGOW,NEW JERSEY,UK,-5.0,5,1,5,-3.13111545988259,1271073869,1271073869
2025-10-28 09:30:00+00:00,2025-10-28 09:30:00+00:00,DATEADDED_UTC,2025-10-28,imemc.org,https://imemc.org/article/palestinian-farmers-attacked-during-olive-harvest/,1271080244,WEST BANK 172 ISRAEL,actor1 WEST BANK actor2 ISRAEL event_code 172 event_root_code 17 country IS,172,17,WEST BANK,ISRAEL,IS,-5.0,6,1,6,-8.80681818181818,1271080244,1271080244
2025-10-28 11:00:00+00:00,2025-10-28 11:00:00+00:00,DATEADDED_UTC,2025-10-28,bjreview.com,http://www.bjreview.com/World/202510/t20251028_800420320.html,1271093749,130 WORLD TRADE ORGANIZATION,actor1 actor2 WORLD TRADE ORGANIZATION event_code 130 event_root_code 13 country IN,130,13,,WORLD TRADE ORGANIZATION,IN,-4.4,6,1,6,2.3719165085389,1271093749,1271093749
2025-10-28 12:00:00+00:00,2025-10-28 12:00:00+00:00,DATEADDED_UTC,2025-10-28,keranews.org,https://www.keranews.org/government/2025-10-28/texas-supreme-court-judges-gay-marriage-weddings-religion-rule-change-brian-umphress-dianne-hensley-jack-county-waco,1271105176,JUDGE 110,actor1 JUDGE actor2 event_code 110 event_root_code 11 country US,110,11,JUDGE,,US,-2.0,8,1,8,2.04582651391162,1271105176,1271105176
2025-10-28 12:45:00+00:00,2025-10-28 12:45:00+00:00,DATEADDED_UTC,2025-10-28,bromsgroveadvertiser.co.uk,https://www.bromsgroveadvertiser.co.uk/news/national/25577508.protests-palestine-action-ban-planned-18-uk-towns-cities/,1271112168,ISRAEL 172 UNITED KINGDOM,actor1 ISRAEL actor2 UNITED KINGDOM event_code 172 event_root_code 17 country UK,172,17,ISRAEL,UNITED KINGDOM,UK,-5.0,26,13,26,-10.6669868935703,1271112168,1271112168
2025-10-28 12:45:00+00:00,2025-10-28 12:45:00+00:00,DATEADDED_UTC,2025-10-28,scmp.com,https://www.scmp.com/news/world/middle-east/article/3330657/netanyahu-says-hamas-returned-remains-previously-retrieved-body-clear-violation,1271112518,HAMAS 196,actor1 HAMAS actor2 event_code 196 event_root_code 19 country IS,196,19,HAMAS,,IS,-9.5,6,1,6,-6.43564356435643,1271112518,1271112518
2025-10-28 13:15:00+00:00,2025-10-28 13:15:00+00:00,DATEADDED_UTC,2024-10-28,cbc.ca,https://www.cbc.ca/news/canada/british-columbia/artificial-intelligence-appeal-property-9.6950415,1271116125,SUPREME COURT 1043 LAWYER,actor1 SUPREME COURT actor2 LAWYER event_code 1043 event_root_code 10 country UK,1043,10,SUPREME COURT,LAWYER,UK,-5.0,10,1,10,-2.05587770163416,1271116125,1271116125
2025-10-28 13:15:00+00:00,2025-10-28 13:15:00+00:00,DATEADDED_UTC,2025-10-28,timesofindia.indiatimes.com,https://timesofindia.indiatimes.com/world/europe/burevestnik-n-powered-missile-hype-or-tech-breakthrough/articleshow/124874073.cms,1271117789,RUSSIA 111 RUSSIA,actor1 RUSSIA actor2 RUSSIA event_code 111 event_root_code 11 country RS,111,11,RUSSIA,RUSSIA,RS,-2.0,6,1,6,-0.78636959370904,1271117789,1271117789
2025-10-28 13:45:00+00:00,2025-10-28 13:45:00+00:00,DATEADDED_UTC,2025-10-28,clevelandjewishnews.com,https://www.clevelandjewishnews.com/jns/jerusalem-won-t-accept-turkish-armed-forces-in-gaza-says-israeli-fm/article_24825362-9a01-5227-9bad-e7d97e77a719.html,1271122612,ISRAELI 120 TURKISH,actor1 ISRAELI actor2 TURKISH event_code 120 event_root_code 12 country IS,120,12,ISRAELI,TURKISH,IS,-4.0,6,1,6,-0.83857442348008,1271122612,1271122612
2025-10-28 14:30:00+00:00,2025-10-28 14:30:00+00:00,DATEADDED_UTC,2025-10-28,city-countyobserver.com,https://city-countyobserver.com/amid-cuts-indiana-child-care-providers-mobilize/,1271129972,112 ADMINISTRATION,actor1 actor2 ADMINISTRATION event_code 112 event_root_code 11 country US,112,11,,ADMINISTRATION,US,-2.0,6,1,6,-0.63583815028902,1271129972,1271129972
2025-10-28 15:45:00+00:00,2025-10-28 15:45:00+00:00,DATEADDED_UTC,2025-10-28,horizonweekly.ca,https://horizonweekly.ca/en/anca-endorses-abigail-spanberger-for-virginia-governor/,1271142793,AZERBAIJAN 1053 ARMENIAN,actor1 AZERBAIJAN actor2 ARMENIAN event_code 1053 event_root_code 10 country AJ,1053,10,AZERBAIJAN,ARMENIAN,AJ,-5.0,12,1,6,-1.83171150543789,1271142793,1271142793
2025-10-28 16:15:00+00:00,2025-10-28 16:15:00+00:00,DATEADDED_UTC,2025-10-28,ibcworldnews.com,https://ibcworldnews.com/2025/10/28/bomb-threats-to-rajinikanth-dhanush-homes-declared-hoax/,1271148791,AUTHORITIES 1383 TAMIL NADU,actor1 AUTHORITIES actor2 TAMIL NADU event_code 1383 event_root_code 13 country,1383,13,AUTHORITIES,TAMIL NADU,,-7.0,10,1,10,-8.71559633027522,1271148791,1271148791
2025-10-28 16:15:00+00:00,2025-10-28 16:15:00+00:00,DATEADDED_UTC,2025-10-28,indianexpress.com,https://indianexpress.com/article/world/netanyahu-slams-hamas-for-returning-remains-of-already-buried-hostage-says-agreement-breached-10332333/,1271148796,PRIME MINISTER 180 ISRAEL,actor1 PRIME MINISTER actor2 ISRAEL event_code 180 event_root_code 18 country IS,180,18,PRIME MINISTER,ISRAEL,IS,-9.0,10,1,10,-10.6100795755968,1271148796,1271148796
2025-10-28 17:30:00+00:00,2025-10-28 17:30:00+00:00,DATEADDED_UTC,2025-10-28,bignewsnetwork.com,http://www.bignewsnetwork.com/news/278661501/full-text-remarks-by-chinese-premier-li-qiang-at-the-28th-china-asean-summit,1271161526,CHINA 190 SOUTHEAST ASIAN NATIONS,actor1 CHINA actor2 SOUTHEAST ASIAN NATIONS event_code 190 event_root_code 19 country CH,190,19,CHINA,SOUTHEAST ASIAN NATIONS,CH,-10.0,5,1,5,4.95780590717299,1271161526,1271161526
2025-10-28 17:45:00+00:00,2025-10-28 17:45:00+00:00,DATEADDED_UTC,2025-10-28,english.mathrubhumi.com,https://english.mathrubhumi.com/news/world/israel-gaza-strikes-ceasefire-threat-p2g7bif3,1271164584,ISRAELI 190 ISRAEL,actor1 ISRAELI actor2 ISRAEL event_code 190 event_root_code 19 country IS,190,19,ISRAELI,ISRAEL,IS,-10.0,8,1,8,-9.57943925233648,1271164584,1271164584
2025-10-28 18:15:00+00:00,2025-10-28 18:15:00+00:00,DATEADDED_UTC,2025-10-28,bbc.co.uk,https://www.bbc.co.uk/news/live/c891ex72nj7t,1271169554,GAZA 130 ISRAELI,actor1 GAZA actor2 ISRAELI event_code 130 event_root_code 13 country IS,130,13,GAZA,ISRAELI,IS,-4.4,6,1,6,-7.21649484536083,1271169554,1271169554
2025-10-28 18:30:00+00:00,2025-10-28 18:30:00+00:00,DATEADDED_UTC,2025-10-28,el-balad.com,https://www.el-balad.com/6747356,1271173018,MILITARY 141,actor1 MILITARY actor2 event_code 141 event_root_code 14 country VE,141,14,MILITARY,,VE,-6.5,10,1,10,-4.46650124069479,1271173018,1271173018
2025-10-28 19:00:00+00:00,2025-10-28 19:00:00+00:00,DATEADDED_UTC,2025-10-28,milawyersweekly.com,https://milawyersweekly.com/news/2025/10/28/hillsdale-college-vppa-lawsuit-meta-tracking/,1271178211,JUDGE 110 UNITED STATES,actor1 JUDGE actor2 UNITED STATES event_code 110 event_root_code 11 country US,110,11,JUDGE,UNITED STATES,US,-2.0,6,1,6,-6.06796116504854,1271178211,1271178211
2025-10-28 19:45:00+00:00,2025-10-28 19:45:00+00:00,DATEADDED_UTC,2025-10-28,gna.org.gh,https://gna.org.gh/2025/10/minority-accuses-a-g-of-engaging-in-media-trial-of-suspects-in-pending-criminal-cases/,1271185099,ACCRA 111 ATTORNEY GENERAL,actor1 ACCRA actor2 ATTORNEY GENERAL event_code 111 event_root_code 11 country GH,111,11,ACCRA,ATTORNEY GENERAL,GH,-2.0,10,1,10,-7.7777777777778,1271185099,1271185099
2025-10-28 19:45:00+00:00,2025-10-28 19:45:00+00:00,DATEADDED_UTC,2025-10-28,thechronicle.com.gh,https://thechronicle.com.gh/ghana-armed-forces-to-conduct-military-exercise-at-bundase/,1271185780,ARMED FORCE 190,actor1 ARMED FORCE actor2 event_code 190 event_root_code 19 country GH,190,19,ARMED FORCE,,GH,-10.0,10,1,10,-4.7808764940239,1271185780,1271185780
2025-10-28 20:00:00+00:00,2025-10-28 20:00:00+00:00,DATEADDED_UTC,2025-10-28,yahoo.com,https://www.yahoo.com/news/articles/snap-risk-nov-1-michigan-185651381.html,1271188490,CHARLOTTE 120 GOVERNMENT,actor1 CHARLOTTE actor2 GOVERNMENT event_code 120 event_root_code 12 country US,120,12,CHARLOTTE,GOVERNMENT,US,-4.0,5,1,5,-2.66666666666666,1271188490,1271188490
2025-10-28 20:15:00+00:00,2025-10-28 20:15:00+00:00,DATEADDED_UTC,2025-10-28,kfoxtv.com,https://kfoxtv.com/news/nation-world/judge-extends-order-blocking-trump-admin-firing-federal-workers-president-donald-trump-russell-vought-reduction-forces-government-shutdown,1271189430,FEDERAL JUDGE 160 WORKER,actor1 FEDERAL JUDGE actor2 WORKER event_code 160 event_root_code 16 country US,160,16,FEDERAL JUDGE,WORKER,US,-4.0,70,7,70,-4.75343625822421,1271189430,1271189430
2025-10-28 20:30:00+00:00,2025-10-28 20:30:00+00:00,DATEADDED_UTC,2025-10-28,centralchronicle.com,https://www.centralchronicle.com/renault-india-to-brand-its-suv-as-duster/,1271192235,CHENNAI 111 FRENCH,actor1 CHENNAI actor2 FRENCH event_code 111 event_root_code 11 country IN,111,11,CHENNAI,FRENCH,IN,-2.0,6,1,6,4.4776119402985,1271192235,1271192235
2025-10-28 21:30:00+00:00,2025-10-28 21:30:00+00:00,DATEADDED_UTC,2025-10-28,news3lv.com,https://news3lv.com/news/local/competency-hearing-sought-las-vegas-man-charged-crash-killed-12-year-old-ohryan-brooks-cristofer-suarez-hit-and-run-las-vegas-lvmpd-crime-rancho-high-school,1271201079,ATTORNEY 112 LAS VEGAS,actor1 ATTORNEY actor2 LAS VEGAS event_code 112 event_root_code 11 country US,112,11,ATTORNEY,LAS VEGAS,US,-2.0,10,1,10,-7.23404255319148,1271201079,1271201079
2025-10-28 21:30:00+00:00,2025-10-28 21:30:00+00:00,DATEADDED_UTC,2025-10-28,nbcsandiego.com,https://www.nbcsandiego.com/news/local/sd-county-confirms-calfresh-benefits-will-be-delayed-for-395000-in-november/3922741/,1271201216,NATIONAL GUARD 110,actor1 NATIONAL GUARD actor2 event_code 110 event_root_code 11 country US,110,11,NATIONAL GUARD,,US,-2.0,8,1,8,-2.04962243797195,1271201216,1271201216
2025-10-29 00:00:00+00:00,2025-10-29 00:00:00+00:00,DATEADDED_UTC,2025-10-29,yahoo.com,https://www.yahoo.com/news/articles/iraq-says-185-antiquities-seized-231230929.html,1271219060,IRAQ 145 BRITAIN,actor1 IRAQ actor2 BRITAIN event_code 145 event_root_code 14 country IZ,145,14,IRAQ,BRITAIN,IZ,-7.5,6,1,6,-4.0,1271219060,1271219060
2025-10-29 00:45:00+00:00,2025-10-29 00:45:00+00:00,DATEADDED_UTC,2025-10-29,thehindu.com,https://www.thehindu.com/news/national/tamil-nadu/memories-of-the-mid-1960s-rice-shortageintamil-nadu/article70214229.ece,1271227161,CHIEF MINISTER 112,actor1 CHIEF MINISTER actor2 event_code 112 event_root_code 11 country IN,112,11,CHIEF MINISTER,,IN,-2.0,10,1,10,-3.18066157760814,1271227161,1271227161
2025-10-29 01:00:00+00:00,2025-10-29 01:00:00+00:00,DATEADDED_UTC,2025-10-29,eurasiareview.com,https://www.eurasiareview.com/29102025-eu-parliament-paid-thousands-to-greek-neo-nazi-mep-after-criminal-conviction/,1271229923,PARLIAMENT 120 LAGOS,actor1 PARLIAMENT actor2 LAGOS event_code 120 event_root_code 12 country NI,120,12,PARLIAMENT,LAGOS,NI,-4.0,7,1,7,-4.92880613362541,1271229923,1271229923
2025-10-29 01:15:00+00:00,2025-10-29 01:15:00+00:00,DATEADDED_UTC,2025-10-29,stripes.com,https://www.stripes.com/branches/army/2025-10-28/fort-hood-medical-provider-investigation-19576820.html,1271232186,ARMY 173 PRISON,actor1 ARMY actor2 PRISON event_code 173 event_root_code 17 country US,173,17,ARMY,PRISON,US,-5.0,5,1,5,-3.72670807453416,1271232186,1271232186
2025-10-29 01:30:00+00:00,2025-10-29 01:30:00+00:00,DATEADDED_UTC,2025-10-29,iranherald.com,http://www.iranherald.com/news/278662015/why-israel-cant-stop-fighting-everyone,1271234007,ADMINISTRATION 130,actor1 ADMINISTRATION actor2 event_code 130 event_root_code 13 country IS,130,13,ADMINISTRATION,,IS,-4.4,12,2,12,-2.75066548358474,1271234007,1271234007
2025-10-29 01:30:00+00:00,2025-10-29 01:30:00+00:00,DATEADDED_UTC,2025-10-29,newstalkzb.co.nz,https://www.newstalkzb.co.nz/news/national/waikato-concreter-and-fraud-accused-jason-lambert-cleared-of-most-charges/,1271234323,JUDGE 173 WAIKATO,actor1 JUDGE actor2 WAIKATO event_code 173 event_root_code 17 country NZ,173,17,JUDGE,WAIKATO,NZ,-5.0,7,1,7,-6.49926144756278,1271234323,1271234323
2025-10-29 03:45:00+00:00,2025-10-29 03:45:00+00:00,DATEADDED_UTC,2025-10-29,omakchronicle.com,https://www.omakchronicle.com/obituaries/david-allen-stansbury/article_92e07a40-80e7-4f53-a90d-3c30a4d969bd.html,1271249087,CAPTAIN 190 RETIRED,actor1 CAPTAIN actor2 RETIRED event_code 190 event_root_code 19 country,190,19,CAPTAIN,RETIRED,,-10.0,5,1,5,0.63291139240506,1271249087,1271249087
2025-10-29 04:15:00+00:00,2025-10-29 04:15:00+00:00,DATEADDED_UTC,2025-10-29,kcbd.com,https://www.kcbd.com/2025/10/29/tenant-troubles-thunder-sun-homes-files-bankruptcy/,1271252054,JUDGE 110 AUSTIN,actor1 JUDGE actor2 AUSTIN event_code 110 event_root_code 11 country US,110,11,JUDGE,AUSTIN,US,-2.0,8,1,8,-8.31509846827133,1271252054,1271252054
2025-10-29 04:30:00+00:00,2025-10-29 04:30:00+00:00,DATEADDED_UTC,2025-10-29,independent.ie,https://www.independent.ie/regionals/louth/news/jennies-law-is-critical-step-in-breaking-the-cycle-of-violence-and-protecting-women-and-families/a132957580.html,1271253578,MINIST 173 CRIMINAL,actor1 MINIST actor2 CRIMINAL event_code 173 event_root_code 17 country,173,17,MINIST,CRIMINAL,,-5.0,5,1,5,0.74812967581047,1271253578,1271253578
2025-10-29 04:30:00+00:00,2025-10-29 04:30:00+00:00,DATEADDED_UTC,2025-10-29,myjoyonline.com,https://www.myjoyonline.com/two-arraigned-for-alleged-visa-fraud-involving-gh%C2%A245000/,1271253784,JUDGE 112,actor1 JUDGE actor2 event_code 112 event_root_code 11 country CA,112,11,JUDGE,,CA,-2.0,6,1,6,-7.11864406779661,1271253784,1271253784
2025-10-29 05:30:00+00:00,2025-10-29 05:30:00+00:00,DATEADDED_UTC,2025-10-29,jamaicaobserver.com,https://www.jamaicaobserver.com/2025/10/29/7air-rallies-partners-relief-aid-effort/,1271260221,BOEING 192 JAMAICA,actor1 BOEING actor2 JAMAICA event_code 192 event_root_code 19 country JM,192,19,BOEING,JAMAICA,JM,-9.5,5,1,5,4.4392523364486,1271260221,1271260221
2025-10-29 06:00:00+00:00,2025-10-29 06:00:00+00:00,DATEADDED_UTC,2025-10-29,theguardian.com,https://www.theguardian.com/politics/2025/oct/29/boris-johnson-approved-chinas-super-embassy-proposal-in-2018,1271263552,THERESA MAY 141 BEIJING,actor1 THERESA MAY actor2 BEIJING event_code 141 event_root_code 14 country UK,141,14,THERESA MAY,BEIJING,UK,-6.5,10,1,10,-0.89058524173028,1271263552,1271263552
2025-10-29 08:15:00+00:00,2025-10-29 08:15:00+00:00,DATEADDED_UTC,2025-10-29,english.almanar.com.lb,https://english.almanar.com.lb/2525206,1271280412,ISRAELI 196 PALESTINIAN,actor1 ISRAELI actor2 PALESTINIAN event_code 196 event_root_code 19 country GZ,196,19,ISRAELI,PALESTINIAN,GZ,-9.5,8,1,8,-7.981220657277,1271280412,1271280412
2025-10-29 09:30:00+00:00,2025-10-29 09:30:00+00:00,DATEADDED_UTC,2025-10-29,dw.com,https://www.dw.com/en/middle-east-israel-to-renew-ceasefire-after-targets-hit/live-74524474,1271290527,ISRAELI 190 WEST BANK,actor1 ISRAELI actor2 WEST BANK event_code 190 event_root_code 19 country IS,190,19,ISRAELI,WEST BANK,IS,-10.0,5,1,5,-7.12777191129884,1271290527,1271290527
2025-10-29 10:45:00+00:00,2025-10-29 10:45:00+00:00,DATEADDED_UTC,2025-10-29,premiumtimesng.com,https://www.premiumtimesng.com/news/headlines/831521-nigerian-lawmakers-raise-alarm-over-terrorists-threats-to-bomb-national-assembly-complex.html,1271303802,UNITED NATIONS 190 ABUJA,actor1 UNITED NATIONS actor2 ABUJA event_code 190 event_root_code 19 country NI,190,19,UNITED NATIONS,ABUJA,NI,-10.0,10,1,10,-9.3360995850622,1271303802,1271303802
2025-10-29 11:45:00+00:00,2025-10-29 11:45:00+00:00,DATEADDED_UTC,2025-10-29,dailymail.co.uk,https://www.dailymail.co.uk/news/article-15237537/Crystal-Beale-Brisbane-Queensland.html,1271313243,GOOGLE 190 BRISBANE,actor1 GOOGLE actor2 BRISBANE event_code 190 event_root_code 19 country AS,190,19,GOOGLE,BRISBANE,AS,-10.0,10,1,10,-7.18562874251499,1271313243,1271313243
2025-10-29 12:00:00+00:00,2025-10-29 12:00:00+00:00,DATEADDED_UTC,2025-10-29,yahoo.com,https://www.yahoo.com/news/articles/4-legislative-races-western-wa-110109556.html,1271315914,190 SENATE,actor1 actor2 SENATE event_code 190 event_root_code 19 country US,190,19,,SENATE,US,-10.0,10,1,10,-1.05820105820105,1271315914,1271315914
2025-10-29 12:30:00+00:00,2025-10-29 12:30:00+00:00,DATEADDED_UTC,2025-10-29,power-technology.com,https://www.power-technology.com/news/companies-in-all-sectors-should-pay-constant-attention-to-geopolitics-analysis/,1271320106,CHINA 100 THE US,actor1 CHINA actor2 THE US event_code 100 event_root_code 10 country IR,100,10,CHINA,THE US,IR,-5.0,20,2,20,-5.33618537349881,1271320106,1271320106
2025-10-29 12:45:00+00:00,2025-10-29 12:45:00+00:00,DATEADDED_UTC,2025-10-29,sltrib.com,https://www.sltrib.com/news/politics/2025/10/29/utah-supreme-court-decide-if-vote/,1271323391,LAWMAKER 139 LANDOWNER,actor1 LAWMAKER actor2 LANDOWNER event_code 139 event_root_code 13 country US,139,13,LAWMAKER,LANDOWNER,US,-7.0,8,1,8,-4.31596091205211,1271323391,1271323391
2025-10-29 13:15:00+00:00,2025-10-29 13:15:00+00:00,DATEADDED_UTC,2025-10-29,scmp.com,https://www.scmp.com/news/asia/southeast-asia/article/3330795/myanmar-rebels-agree-china-brokered-pull-out-ruby-mining-town,1271328821,REBEL 181,actor1 REBEL actor2 event_code 181 event_root_code 18 country CH,181,18,REBEL,,CH,-9.0,10,1,10,-3.24324324324325,1271328821,1271328821
2025-10-29 13:45:00+00:00,2025-10-29 13:45:00+00:00,DATEADDED_UTC,2025-10-29,thehindu.com,https://www.thehindu.com/news/national/kerala/kerala-cabinet-to-convene-all-party-meeting-on-november-5-to-discuss-special-intensive-revision-of-electoral-rolls/article70217024.ece,1271333751,CHIEF MINISTER 111,actor1 CHIEF MINISTER actor2 event_code 111 event_root_code 11 country IN,111,11,CHIEF MINISTER,,IN,-2.0,6,1,6,-1.3029315960912,1271333751,1271333751
2025-10-29 14:00:00+00:00,2025-10-29 14:00:00+00:00,DATEADDED_UTC,2025-10-29,washingtonexaminer.com,https://www.washingtonexaminer.com/opinion/beltway-confidential/3866314/refugee-admissions-program-afghanistan/,1271337670,HUMAN RIGHTS ACTIVIST 174 AMERICAN,actor1 HUMAN RIGHTS ACTIVIST actor2 AMERICAN event_code 174 event_root_code 17 country AF,174,17,HUMAN RIGHTS ACTIVIST,AMERICAN,AF,-5.0,5,1,5,-3.01075268817204,1271337670,1271337670
2025-10-29 14:00:00+00:00,2025-10-29 14:00:00+00:00,DATEADDED_UTC,2025-10-29,alternet.org,https://www.alternet.org/ken-paxton-trump-cornyn/,1271338204,TEXAS 112 COMPANIES,actor1 TEXAS actor2 COMPANIES event_code 112 event_root_code 11 country US,112,11,TEXAS,COMPANIES,US,-2.0,6,1,6,-3.38983050847457,1271338204,1271338204
2025-10-29 14:45:00+00:00,2025-10-29 14:45:00+00:00,DATEADDED_UTC,2025-10-29,ukrinform.net,https://www.ukrinform.net/rubric-polytics/4052830-juozas-olekas-speaker-of-the-seimas-of-lithuania.html,1271345045,GOVERNMENT 193,actor1 GOVERNMENT actor2 event_code 193 event_root_code 19 country RS,193,19,GOVERNMENT,,RS,-10.0,10,1,10,-0.4599211563732,1271345045,1271345045
2025-10-29 15:15:00+00:00,2025-10-29 15:15:00+00:00,DATEADDED_UTC,2025-10-29,yahoo.com,https://www.yahoo.com/news/articles/over-1-200-residents-remain-140500240.html,1271351328,RUSSIAN 193 RUSSIAN,actor1 RUSSIAN actor2 RUSSIAN event_code 193 event_root_code 19 country RS,193,19,RUSSIAN,RUSSIAN,RS,-10.0,6,1,6,-5.21739130434783,1271351328,1271351328
2025-10-29 15:30:00+00:00,2025-10-29 15:30:00+00:00,DATEADDED_UTC,2024-10-29,wislawjournal.com,https://wislawjournal.com/2025/10/29/evers-prison-overhaul-plan-advances-with-bipartisan-support/,1271352783,GOVERNOR 120,actor1 GOVERNOR actor2 event_code 120 event_root_code 12 country US,120,12,GOVERNOR,,US,-4.0,6,1,6,-5.59875583203733,1271352783,1271352783
2025-10-29 15:30:00+00:00,2025-10-29 15:30:00+00:00,DATEADDED_UTC,2025-10-29,elciudadano.com,https://www.elciudadano.com/en/over-20-states-sue-trump-administration-to-protect-42-million-from-food-stamp-cuts/10/29/,1271353498,PRESIDENT 115,actor1 PRESIDENT actor2 event_code 115 event_root_code 11 country US,115,11,PRESIDENT,,US,-2.0,6,1,6,-4.73186119873817,1271353498,1271353498
2025-10-29 16:00:00+00:00,2025-10-29 16:00:00+00:00,DATEADDED_UTC,2025-10-29,mykxlg.com,https://www.mykxlg.com/news/local/south-dakota-bridges-to-be-dedicated-in-honor-of-six-world-war-ii-veterans/article_1830dcf3-2d51-4752-8684-bf3a1a79987c.html,1271359402,MINDANAO 190 ARMY,actor1 MINDANAO actor2 ARMY event_code 190 event_root_code 19 country RP,190,19,MINDANAO,ARMY,RP,-10.0,8,1,8,0.19801980198019,1271359402,1271359402
2025-10-29 16:15:00+00:00,2025-10-29 16:15:00+00:00,DATEADDED_UTC,2025-10-29,irishexaminer.com,https://www.irishexaminer.com/property/developmentconstruction/arid-41732739.html,1271361737,CORK 120 PLANNING COMMISSION,actor1 CORK actor2 PLANNING COMMISSION event_code 120 event_root_code 12 country EI,120,12,CORK,PLANNING COMMISSION,EI,-4.0,8,1,8,0.0,1271361737,1271361737
2025-10-29 16:45:00+00:00,2025-10-29 16:45:00+00:00,DATEADDED_UTC,2025-10-29,kkoh.com,https://www.kkoh.com/2025/10/29/when-democrats-tell-you-who-they-are-believe-them/,1271367396,CHICAGO 120,actor1 CHICAGO actor2 event_code 120 event_root_code 12 country US,120,12,CHICAGO,,US,-4.0,12,2,12,-7.03517587939698,1271367396,1271367396
2025-10-29 17:00:00+00:00,2025-10-29 17:00:00+00:00,DATEADDED_UTC,2025-10-29,koat.com,https://www.koat.com/article/albuquerque-police-dwi-bribery-scandal-stalls/69185348,1271370700,FEDERAL COURT 173,actor1 FEDERAL COURT actor2 event_code 173 event_root_code 17 country US,173,17,FEDERAL COURT,,US,-5.0,5,1,5,-6.95695695695696,1271370700,1271370700
2025-10-29 17:00:00+00:00,2025-10-29 17:00:00+00:00,DATEADDED_UTC,2025-10-29,deccanchronicle.com,https://www.deccanchronicle.com/southern-states/karnataka/rape-convict-gets-3-years-rigorous-imprisonment-in-bengaluru-1913442,1271370711,SPECIAL COURT 1821 POLICE,actor1 SPECIAL COURT actor2 POLICE event_code 1821 event_root_code 18 country IN,1821,18,SPECIAL COURT,POLICE,IN,-9.0,5,1,5,-11.8918918918919,1271370711,1271370711
2025-10-29 17:00:00+00:00,2025-10-29 17:00:00+00:00,DATEADDED_UTC,2025-10-29,rozanaspokesman.com,https://www.rozanaspokesman.com/opinion/291025/rozana-spokesman-editorial-the-vote-reform-campaign-is-essential-for.html,1271371028,OPPOSITION PARTIES 120 BIHAR,actor1 OPPOSITION PARTIES actor2 BIHAR event_code 120 event_root_code 12 country IN,120,12,OPPOSITION PARTIES,BIHAR,IN,-4.0,6,1,6,1.18577075098815,1271371028,1271371028
2025-10-29 17:00:00+00:00,2025-10-29 17:00:00+00:00,DATEADDED_UTC,2025-10-29,thedailyblog.co.nz,https://thedailyblog.co.nz/2025/10/30/in-occupied-palestine-27-october-2025/,1271371081,WEST BANK 190 ISRAEL,actor1 WEST BANK actor2 ISRAEL event_code 190 event_root_code 19 country IS,190,19,WEST BANK,ISRAEL,IS,-10.0,5,1,5,-11.5877437325905,1271371081,1271371081
2025-10-29 17:15:00+00:00,2025-10-29 17:15:00+00:00,DATEADDED_UTC,2025-10-29,thevermilion.com,https://www.thevermilion.com/be-indignant-at-the-beaten-policemen-nordio-and-prodi-are-right-therefore-today/article_15978/,1271372199,STUDENT 141 MILITANT,actor1 STUDENT actor2 MILITANT event_code 141 event_root_code 14 country IT,141,14,STUDENT,MILITANT,IT,-6.5,10,1,10,-4.61847389558233,1271372199,1271372199
2025-10-29 17:30:00+00:00,2025-10-29 17:30:00+00:00,DATEADDED_UTC,2025-10-29,washingtonexaminer.com,https://www.washingtonexaminer.com/news/justice/3867617/full-appeals-court-review-paused-trump-national-guard-deployment-portland/,1271375647,OREGON 154 PORTLAND,actor1 OREGON actor2 PORTLAND event_code 154 event_root_code 15 country US,154,15,OREGON,PORTLAND,US,-7.2,6,1,6,-1.98019801980198,1271375647,1271375647
2025-10-29 17:45:00+00:00,2025-10-29 17:45:00+00:00,DATEADDED_UTC,2025-10-29,pakistanpressfoundation.org,http://pakistanpressfoundation.org/reports-of-matiullah-jans-upcoming-indictment-on-narcotics-charges-are-cause-for-serious-concern-says-ppf/,1271377535,SUPREME COURT 173 PRESS ASSOCIATION,actor1 SUPREME COURT actor2 PRESS ASSOCIATION event_code 173 event_root_code 17 country PK,173,17,SUPREME COURT,PRESS ASSOCIATION,PK,-5.0,10,1,10,-6.64556962025316,1271377535,1271377535
2025-10-29 17:45:00+00:00,2025-10-29 17:45:00+00:00,DATEADDED_UTC,2025-10-29,cnn.com,https://www.cnn.com/2025/10/29/business/boeing-china-deal,1271378298,THE US 174 CHINESE,actor1 THE US actor2 CHINESE event_code 174 event_root_code 17 country CH,174,17,THE US,CHINESE,CH,-5.0,6,1,6,-2.1505376344086,1271378298,1271378298
2025-10-29 18:00:00+00:00,2025-10-29 18:00:00+00:00,DATEADDED_UTC,2025-10-29,nbcnewyork.com,https://www.nbcnewyork.com/news/national-international/bill-de-blasio-mamdani-quotes-fabricated-times-of-london/6411345/,1271380097,BRITISH 111 NEW YORK CITY,actor1 BRITISH actor2 NEW YORK CITY event_code 111 event_root_code 11 country UK,111,11,BRITISH,NEW YORK CITY,UK,-2.0,12,2,12,-1.2987012987013,1271380097,1271380097
2025-10-29 18:30:00+00:00,2025-10-29 18:30:00+00:00,DATEADDED_UTC,2025-10-29,whittierdailynews.com,https://www.whittierdailynews.com/2025/10/29/sami-hamdi-detention-challenge/,1271386150,UNITED STATES 111 UNITED KINGDOM,actor1 UNITED STATES actor2 UNITED KINGDOM event_code 111 event_root_code 11 country US,111,11,UNITED STATES,UNITED KINGDOM,US,-2.0,8,8,8,-5.55208746797532,1271386150,1271386150
2025-10-29 19:30:00+00:00,2025-10-29 19:30:00+00:00,DATEADDED_UTC,2025-10-29,yahoo.com,https://www.yahoo.com/news/articles/battle-gaza-healthy-again-175833943.html,1271395390,THE UN 162 AUTHORITIES,actor1 THE UN actor2 AUTHORITIES event_code 162 event_root_code 16 country IS,162,16,THE UN,AUTHORITIES,IS,-5.6,5,1,5,-0.81967213114755,1271395390,1271395390
2025-10-29 19:30:00+00:00,2025-10-29 19:30:00+00:00,DATEADDED_UTC,2025-10-29,yahoo.com,https://www.yahoo.com/news/articles/woman-pleads-no-contest-youngstown-175640204.html,1271395506,JUDGE 173 KANO,actor1 JUDGE actor2 KANO event_code 173 event_root_code 17 country US,173,17,JUDGE,KANO,US,-5.0,6,1,6,-7.04225352112676,1271395506,1271395506
2025-10-29 19:45:00+00:00,2025-10-29 19:45:00+00:00,DATEADDED_UTC,2025-10-29,carolinajournal.com,https://www.carolinajournal.com/parents-battle-with-charlotte-private-school-reaches-top-nc-court/,1271397687,JUDGE 110,actor1 JUDGE actor2 event_code 110 event_root_code 11 country US,110,11,JUDGE,,US,-2.0,10,1,10,-4.15690866510539,1271397687,1271397687
2025-10-29 20:00:00+00:00,2025-10-29 20:00:00+00:00,DATEADDED_UTC,2025-10-29,livelaw.in,https://www.livelaw.in/high-court/madras-high-court/madras-high-court-plea-challenging-ordnance-factory-conversion-dismissed-308216,1271400781,EMPLOYEE 143 GOVERNMENT,actor1 EMPLOYEE actor2 GOVERNMENT event_code 143 event_root_code 14 country IN,143,14,EMPLOYEE,GOVERNMENT,IN,-6.5,10,1,10,-2.62725779967159,1271400781,1271400781
2025-10-29 20:00:00+00:00,2025-10-29 20:00:00+00:00,DATEADDED_UTC,2025-10-29,livelaw.in,https://www.livelaw.in/high-court/madras-high-court/madras-high-court-plea-challenging-ordnance-factory-conversion-dismissed-308216,1271400782,EMPLOYEE 190 GOVERNMENT,actor1 EMPLOYEE actor2 GOVERNMENT event_code 190 event_root_code 19 country IN,190,19,EMPLOYEE,GOVERNMENT,IN,-10.0,10,1,10,-2.62725779967159,1271400782,1271400782
2025-10-29 21:15:00+00:00,2025-10-29 21:15:00+00:00,DATEADDED_UTC,2025-10-29,yahoo.com,https://www.yahoo.com/news/articles/quebec-revolt-over-mass-migration-192945042.html,1271410594,FRENCH 130 CANADIAN,actor1 FRENCH actor2 CANADIAN event_code 130 event_root_code 13 country CA,130,13,FRENCH,CANADIAN,CA,-4.4,6,1,6,-3.7037037037037,1271410594,1271410594
2025-10-29 21:15:00+00:00,2025-10-29 21:15:00+00:00,DATEADDED_UTC,2025-10-29,oregonlive.com,https://www.oregonlive.com/crime/2025/10/national-guard-troops-were-at-portland-ice-building-despite-court-ban-feds-admit.html,1271411104,NATIONAL GUARD 172 PORTLAND,actor1 NATIONAL GUARD actor2 PORTLAND event_code 172 event_root_code 17 country US,172,17,NATIONAL GUARD,PORTLAND,US,-5.0,6,1,6,-5.11322132943754,1271411104,1271411104
2025-10-29 21:45:00+00:00,2025-10-29 21:45:00+00:00,DATEADDED_UTC,2025-10-29,maravipost.com,https://www.maravipost.com/tensions-escalate-in-tanzania-amid-election-day-unrest-curfews/,1271414707,AUTHORITIES 1723 AFRICA,actor1 AUTHORITIES actor2 AFRICA event_code 1723 event_root_code 17 country TZ,1723,17,AUTHORITIES,AFRICA,TZ,-5.0,5,1,5,-16.0714285714286,1271414707,1271414707
2025-10-29 22:00:00+00:00,2025-10-29 22:00:00+00:00,DATEADDED_UTC,2025-10-29,tribune.com.pk,https://tribune.com.pk/story/2574823/woman-killed-three-children-injured-as-mortar-shell-hits-house-in-tirah,1271416541,SECURITY FORCE 190 TERRORIST,actor1 SECURITY FORCE actor2 TERRORIST event_code 190 event_root_code 19 country PK,190,19,SECURITY FORCE,TERRORIST,PK,-10.0,6,1,6,-11.5727002967359,1271416541,1271416541
2025-10-29 22:15:00+00:00,2025-10-29 22:15:00+00:00,DATEADDED_UTC,2025-10-29,chalkbeat.org,https://www.chalkbeat.org/indiana/2025/10/29/indianapolis-public-schools-changes-racial-equity-office-amid-dei-backlash/,1271418682,SCHOOL 130 ADMINISTRATION,actor1 SCHOOL actor2 ADMINISTRATION event_code 130 event_root_code 13 country US,130,13,SCHOOL,ADMINISTRATION,US,-4.4,10,1,10,1.32450331125827,1271418682,1271418682
2025-10-29 22:45:00+00:00,2025-10-29 22:45:00+00:00,DATEADDED_UTC,2025-10-29,bearingarms.com,https://bearingarms.com/camedwards/2025/10/29/cook-countys-defense-of-assault-weapon-ban-would-void-2a-protections-for-most-long-guns-n1230427,1271423147,UNITED STATES 110 ATTORNEY,actor1 UNITED STATES actor2 ATTORNEY event_code 110 event_root_code 11 country US,110,11,UNITED STATES,ATTORNEY,US,-2.0,8,1,8,-5.24967989756722,1271423147,1271423147
2025-10-30 00:00:00+00:00,2025-10-30 00:00:00+00:00,DATEADDED_UTC,2025-10-30,greekherald.com,http://www.greekherald.com/news/278663656/un-human-rights-chief-holds-israel-accountable-for-killing-100-palestinians-overnight,1271431670,ISRAELI 190 PALESTINIAN,actor1 ISRAELI actor2 PALESTINIAN event_code 190 event_root_code 19 country IS,190,19,ISRAELI,PALESTINIAN,IS,-10.0,10,1,10,-5.12820512820513,1271431670,1271431670
2025-10-30 00:30:00+00:00,2025-10-30 00:30:00+00:00,DATEADDED_UTC,2025-10-30,yahoo.com,https://www.yahoo.com/news/articles/fact-check-man-jailed-tennessee-234200205.html,1271438121,AUTHORITIES 173 UNITED STATES,actor1 AUTHORITIES actor2 UNITED STATES event_code 173 event_root_code 17 country US,173,17,AUTHORITIES,UNITED STATES,US,-5.0,6,1,6,-5.46762589928058,1271438121,1271438121
2025-10-30 00:45:00+00:00,2025-10-30 00:45:00+00:00,DATEADDED_UTC,2025-10-30,wltx.com,https://www.wltx.com/article/news/local/street-squad/lexington/lexington-county-man-sentenced-burglary-domestic-violence/101-ca2c080c-b194-488d-8bcf-d07e4f8ae431,1271440070,PROSECUTOR 180,actor1 PROSECUTOR actor2 event_code 180 event_root_code 18 country US,180,18,PROSECUTOR,,US,-9.0,20,1,10,-15.6028368794326,1271440070,1271440070
2025-10-30 02:00:00+00:00,2025-10-30 02:00:00+00:00,DATEADDED_UTC,2025-10-30,yahoo.com,https://www.yahoo.com/news/articles/universal-music-settles-copyright-dispute-012049275.html,1271451190,FEDERAL JUDGE 110,actor1 FEDERAL JUDGE actor2 event_code 110 event_root_code 11 country IN,110,11,FEDERAL JUDGE,,IN,-2.0,10,1,10,-1.52671755725191,1271451190,1271451190
2025-10-30 02:00:00+00:00,2025-10-30 02:00:00+00:00,DATEADDED_UTC,2025-10-30,sandiegouniontribune.com,https://www.sandiegouniontribune.com/2025/10/29/county-will-pay-16m-over-22-year-olds-death-in-san-diego-jail-its-biggest-such-settlement-ever/,1271451755,SAN DIEGO 110,actor1 SAN DIEGO actor2 event_code 110 event_root_code 11 country US,110,11,SAN DIEGO,,US,-2.0,6,1,6,-6.10252237591537,1271451755,1271451755
2025-10-30 02:30:00+00:00,2025-10-30 02:30:00+00:00,DATEADDED_UTC,2025-10-30,dailymail.co.uk,https://www.dailymail.co.uk/news/article-15240449/Rachel-Reeves-tax-raid-Tories-Chancellor-sacked.html,1271454311,CHANCELLOR 110,actor1 CHANCELLOR actor2 event_code 110 event_root_code 11 country UK,110,11,CHANCELLOR,,UK,-2.0,5,1,5,-6.19684082624545,1271454311,1271454311
2025-10-30 02:30:00+00:00,2025-10-30 02:30:00+00:00,DATEADDED_UTC,2025-10-30,ksnblocal4.com,https://www.ksnblocal4.com/2025/10/29/grand-island-incest-case-moves-forward-into-district-court/,1271454457,DISTRICT COURT 192,actor1 DISTRICT COURT actor2 event_code 192 event_root_code 19 country,192,19,DISTRICT COURT,,,-9.5,10,1,10,-11.2068965517242,1271454457,1271454457
2025-10-30 03:00:00+00:00,2025-10-30 03:00:00+00:00,DATEADDED_UTC,2025-10-30,nbcnews.com,https://www.nbcnews.com/politics/national-security/pete-hegseth-says-us-military-carried-another-strike-alleged-drug-boat-rcna240671,1271457628,DEFENSE SECRETARY 1123 PRESIDENT,actor1 DEFENSE SECRETARY actor2 PRESIDENT event_code 1123 event_root_code 11 country US,1123,11,DEFENSE SECRETARY,PRESIDENT,US,-2.0,6,1,6,-7.45501285347044,1271457628,1271457628
2025-10-30 03:15:00+00:00,2025-10-30 03:15:00+00:00,DATEADDED_UTC,2025-10-30,island.lk,https://island.lk/a-star-on-stageradio-and-tv/,1271459291,ISRAELI 160 HAMAS,actor1 ISRAELI actor2 HAMAS event_code 160 event_root_code 16 country IS,160,16,ISRAELI,HAMAS,IS,-4.0,6,1,6,-0.37037037037037,1271459291,1271459291
2025-10-30 04:00:00+00:00,2025-10-30 04:00:00+00:00,DATEADDED_UTC,2025-10-30,newstalk.com,https://www.newstalk.com/podcasts/newstalk-daily/zohran-mamdani-the-socialist-shaking-up-new-york,1271464199,INSURGENT 112,actor1 INSURGENT actor2 event_code 112 event_root_code 11 country US,112,11,INSURGENT,,US,-2.0,5,1,5,-1.75438596491228,1271464199,1271464199
2025-10-30 04:15:00+00:00,2025-10-30 04:15:00+00:00,DATEADDED_UTC,2025-10-30,actionnews5.com,https://www.actionnews5.com/2025/10/30/vp-vance-erika-kirk-speak-ole-miss-turning-point-usa-event/,1271465865,NATIONAL GUARD 154 MEMPHIS,actor1 NATIONAL GUARD actor2 MEMPHIS event_code 154 event_root_code 15 country US,154,15,NATIONAL GUARD,MEMPHIS,US,-7.2,10,1,10,-1.14678899082569,1271465865,1271465865
2025-10-30 04:15:00+00:00,2025-10-30 04:15:00+00:00,DATEADDED_UTC,2025-10-30,yahoo.com,https://www.yahoo.com/news/articles/protesters-rally-outside-little-rock-025702927.html,1271465915,PROTESTER 141 UNITED STATES,actor1 PROTESTER actor2 UNITED STATES event_code 141 event_root_code 14 country US,141,14,PROTESTER,UNITED STATES,US,-6.5,6,1,6,-5.04731861198738,1271465915,1271465915
2025-10-30 05:00:00+00:00,2025-10-30 05:00:00+00:00,DATEADDED_UTC,2025-10-30,fltimes.com,https://www.fltimes.com/news/former-geneva-police-officer-indicted-on-drug-charges-joins-three-others-already-indicted-in-related/article_51b0d46c-32fb-49ac-b830-fd882a544a45.html,1271469842,ONTARIO 173 GENEVA,actor1 ONTARIO actor2 GENEVA event_code 173 event_root_code 17 country SZ,173,17,ONTARIO,GENEVA,SZ,-5.0,6,1,6,-9.47368421052629,1271469842,1271469842
2025-10-30 05:30:00+00:00,2025-10-30 05:30:00+00:00,DATEADDED_UTC,2025-10-30,enca.com,https://www.enca.com/opinion/sudans-shifting-battlefield-what-we-know,1271473342,ARMY 110 DARFUR,actor1 ARMY actor2 DARFUR event_code 110 event_root_code 11 country SU,110,11,ARMY,DARFUR,SU,-2.0,10,1,10,-5.95533498759305,1271473342,1271473342
2025-10-30 08:00:00+00:00,2025-10-30 08:00:00+00:00,DATEADDED_UTC,2025-10-30,yahoo.com,https://www.yahoo.com/news/articles/britain-urged-stop-selling-weapons-060000943.html,1271490309,LABOUR MINIST 112,actor1 LABOUR MINIST actor2 event_code 112 event_root_code 11 country UK,112,11,LABOUR MINIST,,UK,-2.0,10,1,10,-3.60655737704918,1271490309,1271490309
2025-10-30 08:00:00+00:00,2025-10-30 08:00:00+00:00,DATEADDED_UTC,2025-10-30,khaama.com,https://www.khaama.com/six-pakistani-soldiers-including-army-captain-killed-in-clash-near-afghanistan-border/,1271490688,INTELLIGENCE 190 CAPTAIN,actor1 INTELLIGENCE actor2 CAPTAIN event_code 190 event_root_code 19 country PK,190,19,INTELLIGENCE,CAPTAIN,PK,-10.0,6,1,6,-6.79012345679013,1271490688,1271490688
2025-10-30 08:30:00+00:00,2025-10-30 08:30:00+00:00,DATEADDED_UTC,2025-10-30,thestar.com.my,https://www.thestar.com.my/news/world/2025/10/30/five-new-suspects-arrested-over-louvre-robbery-french-radio-reports,1271494119,PARIS 124,actor1 PARIS actor2 event_code 124 event_root_code 12 country FR,124,12,PARIS,,FR,-4.0,6,1,6,-10.2564102564103,1271494119,1271494119
2025-10-30 08:45:00+00:00,2025-10-30 08:45:00+00:00,DATEADDED_UTC,2025-10-30,moneycontrol.com,https://www.moneycontrol.com/world/us-analyst-says-collapse-of-pakistan-afghanistan-talks-comes-as-no-surprise-explains-taliban-s-logic-article-13641894.html,1271496094,AFGHANISTAN 164 PAKISTAN,actor1 AFGHANISTAN actor2 PAKISTAN event_code 164 event_root_code 16 country PK,164,16,AFGHANISTAN,PAKISTAN,PK,-7.0,8,1,8,-6.69014084507043,1271496094,1271496094
2025-10-30 08:45:00+00:00,2025-10-30 08:45:00+00:00,DATEADDED_UTC,2025-10-30,mvariety.com,https://www.mvariety.com/regional_world/regional-world-us-military-project-must-benefit-local-community-not-just-damage-it-angaur-state-l45owa0u/article_56273fe9-6d91-4838-8629-2ef965a07414.html,1271497197,PALAU 112 MILITARY,actor1 PALAU actor2 MILITARY event_code 112 event_root_code 11 country PS,112,11,PALAU,MILITARY,PS,-2.0,6,1,6,-0.3030303030303,1271497197,1271497197
2025-10-30 09:15:00+00:00,2025-10-30 09:15:00+00:00,DATEADDED_UTC,2025-10-30,israelnationalnews.com,https://www.israelnationalnews.com/news/417051,1271500779,POLICE 173 TERRORIST,actor1 POLICE actor2 TERRORIST event_code 173 event_root_code 17 country IS,173,17,POLICE,TERRORIST,IS,-5.0,10,1,10,-17.6829268292683,1271500779,1271500779
2025-10-30 09:45:00+00:00,2025-10-30 09:45:00+00:00,DATEADDED_UTC,2025-10-30,timesofindia.indiatimes.com,https://timesofindia.indiatimes.com/city/nagpur/hc-directs-authorities-to-prevent-disruption-ensure-citizens-safety-amid-farmers-protests/articleshow/124943706.cms,1271505728,AUTHORITIES 1721,actor1 AUTHORITIES actor2 event_code 1721 event_root_code 17 country IN,1721,17,AUTHORITIES,,IN,-5.0,10,1,5,-3.65853658536586,1271505728,1271505728
2025-10-30 09:45:00+00:00,2025-10-30 09:45:00+00:00,DATEADDED_UTC,2025-10-30,finance.yahoo.com,https://finance.yahoo.com/news/china-sanctioned-yulong-thrives-russian-230000968.html,1271506143,RUSSIA 120 CHINA,actor1 RUSSIA actor2 CHINA event_code 120 event_root_code 12 country CH,120,12,RUSSIA,CHINA,CH,-4.0,8,1,8,-3.97489539748955,1271506143,1271506143
2025-10-30 10:00:00+00:00,2025-10-30 10:00:00+00:00,DATEADDED_UTC,2025-10-30,postcourier.com.pg,https://www.postcourier.com.pg/marape-shielded-speaker-rejects-new-vonc-motion/,1271508269,PRIME MINISTER 120 SPEAKER OF PARLIAMENT,actor1 PRIME MINISTER actor2 SPEAKER OF PARLIAMENT event_code 120 event_root_code 12 country,120,12,PRIME MINISTER,SPEAKER OF PARLIAMENT,,-4.0,10,1,10,1.42857142857143,1271508269,1271508269
2025-10-30 10:00:00+00:00,2025-10-30 10:00:00+00:00,DATEADDED_UTC,2025-10-30,globalsecurity.org,https://www.globalsecurity.org/military/library/news/2025/10/mil-251029-presstv03.htm,1271508539,IRANIAN 111 GAZA,actor1 IRANIAN actor2 GAZA event_code 111 event_root_code 11 country IS,111,11,IRANIAN,GAZA,IS,-2.0,6,1,6,-10.8695652173913,1271508539,1271508539
2025-10-30 11:00:00+00:00,2025-10-30 11:00:00+00:00,DATEADDED_UTC,2025-10-30,europapress.es,https://www.europapress.es/comunicados/internacional-00907/noticia-comunicado-the-global-vapers-alliance-denounce-the-unholy-alliance-between-the-who-and-the-european-commission-20251030100449.html,1271518834,THE EU 120,actor1 THE EU actor2 event_code 120 event_root_code 12 country SZ,120,12,THE EU,,SZ,-4.0,5,1,5,-6.71834625323,1271518834,1271518834
2025-10-30 11:15:00+00:00,2025-10-30 11:15:00+00:00,DATEADDED_UTC,2025-10-30,sentinelassam.com,https://www.sentinelassam.com/more-news/international/india-rejects-biased-un-report-claiming-pahalgam-massacre-influenced-treatment-of-rohingya-refugees,1271521094,HINDU 190 TERRORIST,actor1 HINDU actor2 TERRORIST event_code 190 event_root_code 19 country IN,190,19,HINDU,TERRORIST,IN,-10.0,10,1,10,-8.4942084942085,1271521094,1271521094
2025-10-30 11:45:00+00:00,2025-10-30 11:45:00+00:00,DATEADDED_UTC,2025-10-30,sofiaglobe.com,https://sofiaglobe.com/2025/10/30/bulgarias-parliament-overturns-president-radevs-vetoes-of-bills-on-security-agencies-chiefs/,1271525639,BULGARIA 129 PRESIDENT,actor1 BULGARIA actor2 PRESIDENT event_code 129 event_root_code 12 country BU,129,12,BULGARIA,PRESIDENT,BU,-5.0,11,1,8,-6.2043795620438,1271525639,1271525639
2025-10-30 11:45:00+00:00,2025-10-30 11:45:00+00:00,DATEADDED_UTC,2025-10-30,redditchstandard.co.uk,https://redditchstandard.co.uk/news/chancellor-rachel-reeves-admits-breaching-labour-councils-landlord-licensing-rule-national-news-58747/,1271526248,CHANCELLOR 128 UNITED KINGDOM,actor1 CHANCELLOR actor2 UNITED KINGDOM event_code 128 event_root_code 12 country UK,128,12,CHANCELLOR,UNITED KINGDOM,UK,-5.0,16,2,16,-4.11764705882353,1271526248,1271526248
2025-10-30 12:15:00+00:00,2025-10-30 12:15:00+00:00,DATEADDED_UTC,2025-10-30,charter97.org,https://charter97.org/en/news/2025/10/30/661137/,1271532090,RUSSIAN FEDERATION 190 UKRAINIAN,actor1 RUSSIAN FEDERATION actor2 UKRAINIAN event_code 190 event_root_code 19 country UP,190,19,RUSSIAN FEDERATION,UKRAINIAN,UP,-10.0,8,1,8,-2.97397769516729,1271532090,1271532090
2025-10-30 12:30:00+00:00,2025-10-30 12:30:00+00:00,DATEADDED_UTC,2025-10-30,politico.eu,https://www.politico.eu/article/lukoil-sells-off-foreign-assets-after-punishing-us-sanctions/,1271534146,PRESIDENT 163,actor1 PRESIDENT actor2 event_code 163 event_root_code 16 country SZ,163,16,PRESIDENT,,SZ,-8.0,5,1,5,-4.89795918367347,1271534146,1271534146
2025-10-30 13:30:00+00:00,2025-10-30 13:30:00+00:00,DATEADDED_UTC,2025-10-30,trend.az,https://www.trend.az/azerbaijan/society/4110918.html,1271544696,ARMENIA 180 ARMENIA,actor1 ARMENIA actor2 ARMENIA event_code 180 event_root_code 18 country AM,180,18,ARMENIA,ARMENIA,AM,-9.0,10,1,10,-7.24233983286908,1271544696,1271544696
2025-10-30 13:30:00+00:00,2025-10-30 13:30:00+00:00,DATEADDED_UTC,2025-10-30,trbusiness.com,https://www.trbusiness.com/regional-news/asia-pacific/gulf-pacific-launches-nana-jacqueline-brand-with-wangfujing-duty-free/271735,1271545817,LOS ANGELES 111 CHINA,actor1 LOS ANGELES actor2 CHINA event_code 111 event_root_code 11 country CH,111,11,LOS ANGELES,CHINA,CH,-2.0,6,1,6,3.05343511450382,1271545817,1271545817
2025-10-30 13:45:00+00:00,2025-10-30 13:45:00+00:00,DATEADDED_UTC,2025-10-30,ianslive.in,https://ianslive.in/pak-afg-trade-accusations-while-ignoring-isis-k-threat-raising-global-alarm--20251030160915,1271548077,AFGHANISTAN 190 PESHAWAR,actor1 AFGHANISTAN actor2 PESHAWAR event_code 190 event_root_code 19 country AF,190,19,AFGHANISTAN,PESHAWAR,AF,-10.0,5,1,5,-6.14173228346457,1271548077,1271548077
2025-10-30 13:45:00+00:00,2025-10-30 13:45:00+00:00,DATEADDED_UTC,2025-10-30,en.tempo.co,https://en.tempo.co/read/2061673/indonesias-nike-manufacturer-lays-off-1800-workers-union-demands-accountability,1271548553,GOVERNMENT 110,actor1 GOVERNMENT actor2 event_code 110 event_root_code 11 country ID,110,11,GOVERNMENT,,ID,-2.0,5,1,5,-5.40540540540541,1271548553,1271548553
2025-10-30 13:45:00+00:00,2025-10-30 13:45:00+00:00,DATEADDED_UTC,2025-10-30,ianslive.in,https://ianslive.in/pak-afg-trade-accusations-while-ignoring-isis-k-threat-raising-global-alarm--20251030160915,1271549148,KARACHI 190 KABUL,actor1 KARACHI actor2 KABUL event_code 190 event_root_code 19 country PK,190,19,KARACHI,KABUL,PK,-10.0,7,1,7,-6.14173228346457,1271549148,1271549148
2025-10-30 14:15:00+00:00,2025-10-30 14:15:00+00:00,DATEADDED_UTC,2025-10-30,chroniclelive.co.uk,https://www.chroniclelive.co.uk/news/north-east-news/mayor-bans-junk-food-ads-32781584,1271554042,MAYOR 160 LONDON,actor1 MAYOR actor2 LONDON event_code 160 event_root_code 16 country UK,160,16,MAYOR,LONDON,UK,-4.0,5,1,5,-0.35026269702276,1271554042,1271554042
2025-10-30 14:15:00+00:00,2025-10-30 14:15:00+00:00,DATEADDED_UTC,2025-10-30,themoscowtimes.com,https://www.themoscowtimes.com/2025/10/30/russias-system-is-beginning-to-eat-its-own-a90993,1271554277,JUDGE 173 DEPUTY,actor1 JUDGE actor2 DEPUTY event_code 173 event_root_code 17 country RS,173,17,JUDGE,DEPUTY,RS,-5.0,5,1,5,-5.09225092250923,1271554277,1271554277
2025-10-30 14:30:00+00:00,2025-10-30 14:30:00+00:00,DATEADDED_UTC,2025-10-30,dailyrecord.co.uk,https://www.dailyrecord.co.uk/news/uk-world-news/prince-wales-wins-legal-battle-36158412,1271555101,190 WALES,actor1 actor2 WALES event_code 190 event_root_code 19 country FR,190,19,,WALES,FR,-10.0,20,1,10,-0.204081632653059,1271555101,1271555101
2025-10-30 14:45:00+00:00,2025-10-30 14:45:00+00:00,DATEADDED_UTC,2025-10-30,siasat.com,https://www.siasat.com/reports-examine-uae-links-to-sudans-rsf-as-conflict-escalates-3289584/,1271560194,SUDAN 112 INTERNATIONAL COURT OF JUSTICE,actor1 SUDAN actor2 INTERNATIONAL COURT OF JUSTICE event_code 112 event_root_code 11 country SU,112,11,SUDAN,INTERNATIONAL COURT OF JUSTICE,SU,-2.0,10,1,10,-4.6267087276551,1271560194,1271560194
2025-10-30 14:45:00+00:00,2025-10-30 14:45:00+00:00,DATEADDED_UTC,2025-10-30,insurancenewsnet.com,https://insurancenewsnet.com/oarticle/affordable-care-act-premiums-set-to-rise-hundreds-a-month275k-in-wisconsin-would-see-costs-increase-if-congress-allows-tax-credits-to-expire,1271560457,WISCONSIN 111 LAWMAKER,actor1 WISCONSIN actor2 LAWMAKER event_code 111 event_root_code 11 country US,111,11,WISCONSIN,LAWMAKER,US,-2.0,10,1,10,1.69014084507043,1271560457,1271560457
2025-10-30 15:15:00+00:00,2025-10-30 15:15:00+00:00,DATEADDED_UTC,2025-10-30,i24news.tv,https://www.i24news.tv/en/news/international/americas/artc-ex-nyc-hate-crimes-director-i-was-fired-for-being-muslim,1271564235,HASSAN 115 NEW YORK STATE,actor1 HASSAN actor2 NEW YORK STATE event_code 115 event_root_code 11 country US,115,11,HASSAN,NEW YORK STATE,US,-2.0,6,1,6,-11.2462006079028,1271564235,1271564235
2025-10-30 16:15:00+00:00,2025-10-30 16:15:00+00:00,DATEADDED_UTC,2025-10-30,tamilguardian.com,https://www.tamilguardian.com/content/remembering-jaffna-exodus-500000-displaced-5,1271575952,TAMIL 190 MILITARY,actor1 TAMIL actor2 MILITARY event_code 190 event_root_code 19 country CE,190,19,TAMIL,MILITARY,CE,-10.0,10,1,10,-4.77001703577513,1271575952,1271575952
2025-10-30 16:30:00+00:00,2025-10-30 16:30:00+00:00,DATEADDED_UTC,2025-10-30,the-star.co.ke,https://www.the-star.co.ke/news/2025-10-30-nps-asks-dpp-to-explain-how-it-concluded-police-killed-rex-masai,1271578056,DEMONSTRATOR 190 POLICE,actor1 DEMONSTRATOR actor2 POLICE event_code 190 event_root_code 19 country KE,190,19,DEMONSTRATOR,POLICE,KE,-10.0,8,1,8,-3.84615384615385,1271578056,1271578056
2025-10-30 17:00:00+00:00,2025-10-30 17:00:00+00:00,DATEADDED_UTC,2025-10-30,en.apa.az,https://en.apa.az/cis-countries/zakharova-spoke-about-arrest-of-mayor-of-gyumri-eu-is-not-treated-same-482319,1271582192,ARMENIA 110 RUSSIA,actor1 ARMENIA actor2 RUSSIA event_code 110 event_root_code 11 country AM,110,11,ARMENIA,RUSSIA,AM,-2.0,10,1,10,-3.24324324324324,1271582192,1271582192
2025-10-30 17:00:00+00:00,2025-10-30 17:00:00+00:00,DATEADDED_UTC,2025-10-30,eng.kavkaz-uzel.eu,https://www.eng.kavkaz-uzel.eu/articles/69322,1271582441,CRIMINAL 173 SERVICEMAN,actor1 CRIMINAL actor2 SERVICEMAN event_code 173 event_root_code 17 country RS,173,17,CRIMINAL,SERVICEMAN,RS,-5.0,10,1,10,-7.66773162939297,1271582441,1271582441
2025-10-30 17:30:00+00:00,2025-10-30 17:30:00+00:00,DATEADDED_UTC,2025-10-30,niagarafallsreview.ca,https://www.niagarafallsreview.ca/news/world/united-states/trump-sets-7-500-annual-limit-for-refugees-entering-us-itll-be-mostly-white-south/article_36310eae-d3cb-58b3-b3c6-e7c5982d06c2.html,1271589182,GOVERNMENT 120,actor1 GOVERNMENT actor2 event_code 120 event_root_code 12 country SF,120,12,GOVERNMENT,,SF,-4.0,70,7,70,-4.76223451793752,1271589182,1271589182
2025-10-30 17:45:00+00:00,2025-10-30 17:45:00+00:00,DATEADDED_UTC,2025-10-30,yahoo.com,https://www.yahoo.com/news/articles/trumps-doe-lgbtq-nonprofit-workers-171414507.html,1271590653,STUDENT 141 ADMINISTRATION,actor1 STUDENT actor2 ADMINISTRATION event_code 141 event_root_code 14 country US,141,14,STUDENT,ADMINISTRATION,US,-6.5,10,1,10,-2.40963855421686,1271590653,1271590653
2025-10-30 18:00:00+00:00,2025-10-30 18:00:00+00:00,DATEADDED_UTC,2025-10-30,bostonglobe.com,https://www.bostonglobe.com/2025/10/30/metro/lamar-cook-charged-cocaine/,1271593294,DISTRICT COURT 173,actor1 DISTRICT COURT actor2 event_code 173 event_root_code 17 country US,173,17,DISTRICT COURT,,US,-5.0,6,1,6,-3.24165029469549,1271593294,1271593294
2025-10-30 18:30:00+00:00,2025-10-30 18:30:00+00:00,DATEADDED_UTC,2025-10-30,autoexpress.co.uk,https://www.autoexpress.co.uk/zeekr/361070/zeekr-9x-has-landed-chinese-suv-hits-london-ahead-brands-2026-launch,1271598049,CHINESE 111 LONDON,actor1 CHINESE actor2 LONDON event_code 111 event_root_code 11 country CH,111,11,CHINESE,LONDON,CH,-2.0,10,1,10,-0.37950664136622,1271598049,1271598049
2025-10-30 18:45:00+00:00,2025-10-30 18:45:00+00:00,DATEADDED_UTC,2025-10-30,express.co.uk,https://www.express.co.uk/news/world/2128005/sudan-maternity-hospital-massacre,1271601930,MILITARY GROUP 1121 CIVILIAN,actor1 MILITARY GROUP actor2 CIVILIAN event_code 1121 event_root_code 11 country SU,1121,11,MILITARY GROUP,CIVILIAN,SU,-2.0,5,1,5,-8.92193308550181,1271601930,1271601930
2025-10-30 18:45:00+00:00,2025-10-30 18:45:00+00:00,DATEADDED_UTC,2025-10-30,taipeitimes.com,https://www.taipeitimes.com/News/editorials/archives/2025/10/31/2003846386,1271602138,TAIWAN 130 EUROPEAN,actor1 TAIWAN actor2 EUROPEAN event_code 130 event_root_code 13 country TW,130,13,TAIWAN,EUROPEAN,TW,-4.4,10,1,10,-2.83159463487332,1271602138,1271602138
2025-10-30 18:45:00+00:00,2025-10-30 18:45:00+00:00,DATEADDED_UTC,2025-10-30,taipeitimes.com,https://www.taipeitimes.com/News/editorials/archives/2025/10/31/2003846384,1271602342,WASHINGTON 150 MILITARY,actor1 WASHINGTON actor2 MILITARY event_code 150 event_root_code 15 country TW,150,15,WASHINGTON,MILITARY,TW,-7.2,5,1,5,0.477707006369419,1271602342,1271602342
2025-10-30 19:00:00+00:00,2025-10-30 19:00:00+00:00,DATEADDED_UTC,2025-10-30,insidephilanthropy.com,https://www.insidephilanthropy.com/home/with-irs-weaponization-on-the-way-funders-now-face-a-choice,1271603326,112 OBAMA,actor1 actor2 OBAMA event_code 112 event_root_code 11 country US,112,11,,OBAMA,US,-2.0,10,1,10,-3.37013364323068,1271603326,1271603326
2025-10-30 19:30:00+00:00,2025-10-30 19:30:00+00:00,DATEADDED_UTC,2025-10-30,aclu.org,https://www.aclu.org/news/free-speech/what-the-first-amendment-really-protects,1271608004,GOVERNMENT 138 EMPLOYER,actor1 GOVERNMENT actor2 EMPLOYER event_code 138 event_root_code 13 country IS,138,13,GOVERNMENT,EMPLOYER,IS,-7.0,6,1,6,-3.96341463414634,1271608004,1271608004
2025-10-30 20:00:00+00:00,2025-10-30 20:00:00+00:00,DATEADDED_UTC,2025-10-30,thepinknews.com,https://www.thepinknews.com/2025/10/30/florida-man-starbucks-pride/,1271612511,GOVERNMENT 111,actor1 GOVERNMENT actor2 event_code 111 event_root_code 11 country US,111,11,GOVERNMENT,,US,-2.0,8,1,8,-8.10185185185185,1271612511,1271612511
2025-10-30 20:15:00+00:00,2025-10-30 20:15:00+00:00,DATEADDED_UTC,2025-10-30,hotpress.com,https://www.hotpress.com/opinion/demonstration-to-be-held-at-rte-headquarters-in-support-of-eurovision-boycott-23115103,1271615136,SPAIN 163 ISRAEL,actor1 SPAIN actor2 ISRAEL event_code 163 event_root_code 16 country IS,163,16,SPAIN,ISRAEL,IS,-8.0,5,1,5,-2.18340611353712,1271615136,1271615136
2025-10-30 20:15:00+00:00,2025-10-30 20:15:00+00:00,DATEADDED_UTC,2025-10-30,algemeiner.com,https://www.algemeiner.com/2025/10/30/us-lawmakers-want-response-sudan-horrors-paramilitaries/,1271615541,ACTIVIST 190 ARMY,actor1 ACTIVIST actor2 ARMY event_code 190 event_root_code 19 country SU,190,19,ACTIVIST,ARMY,SU,-10.0,10,1,10,-5.9047619047619,1271615541,1271615541
2025-10-30 20:45:00+00:00,2025-10-30 20:45:00+00:00,DATEADDED_UTC,2025-10-30,9news.com.au,https://www.9news.com.au/national/drive-by-shooting-in-logan-leaves-two-people-injured/c9120ac7-e67f-497e-8833-f3bf36af74b0,1271618900,QUEENSLAND 182 GUNMEN,actor1 QUEENSLAND actor2 GUNMEN event_code 182 event_root_code 18 country AS,182,18,QUEENSLAND,GUNMEN,AS,-9.5,10,1,10,-6.96517412935323,1271618900,1271618900
2025-10-30 20:45:00+00:00,2025-10-30 20:45:00+00:00,DATEADDED_UTC,2025-10-30,nationalpost.com,https://nationalpost.com/opinion/casey-babb-the-united-nations-is-addicted-to-slandering-israel-without-cause,1271619916,REPRESENTATIVES 110 ISRAEL,actor1 REPRESENTATIVES actor2 ISRAEL event_code 110 event_root_code 11 country IS,110,11,REPRESENTATIVES,ISRAEL,IS,-2.0,7,1,7,-1.6025641025641,1271619916,1271619916
2025-10-30 21:00:00+00:00,2025-10-30 21:00:00+00:00,DATEADDED_UTC,2025-10-30,citizen.digital,https://citizen.digital/article/au-eac-asked-to-hold-tanzanias-president-suluhu-accountable-over-protester-suppression-n372221,1271621629,TANZANIA 141 PROTESTER,actor1 TANZANIA actor2 PROTESTER event_code 141 event_root_code 14 country TZ,141,14,TANZANIA,PROTESTER,TZ,-6.5,10,1,10,-5.9299191374663,1271621629,1271621629
2025-10-30 21:15:00+00:00,2025-10-30 21:15:00+00:00,DATEADDED_UTC,2025-10-30,rnz.co.nz,https://www.rnz.co.nz/news/political/577391/all-it-takes-is-one-taste-concerns-online-gambling-bill-could-lead-to-more-addiction,1271623791,MINIST 173,actor1 MINIST actor2 event_code 173 event_root_code 17 country NZ,173,17,MINIST,,NZ,-5.0,5,1,5,-4.0268456375839,1271623791,1271623791
2025-10-30 21:15:00+00:00,2025-10-30 21:15:00+00:00,DATEADDED_UTC,2025-10-30,theturtleislandnews.com,https://theturtleislandnews.com/index.php/2025/10/30/senator-tries-again-to-put-limits-on-prisons-use-of-solitary-confinement/,1271624094,SENATOR 173 PRISON,actor1 SENATOR actor2 PRISON event_code 173 event_root_code 17 country CA,173,17,SENATOR,PRISON,CA,-5.0,10,1,10,-6.56565656565657,1271624094,1271624094
2025-10-30 22:45:00+00:00,2025-10-30 22:45:00+00:00,DATEADDED_UTC,2025-10-30,newstalk.com,https://www.newstalk.com/podcasts/highlights-from-the-hard-shoulder/dublin-firefighter-found-guilty-of-rape-in-boston,1271634957,DUBLIN 173 BOSTON,actor1 DUBLIN actor2 BOSTON event_code 173 event_root_code 17 country US,173,17,DUBLIN,BOSTON,US,-5.0,6,1,6,-11.1111111111111,1271634957,1271634957
2025-10-30 23:00:00+00:00,2025-10-30 23:00:00+00:00,DATEADDED_UTC,2025-10-30,nypost.com,https://nypost.com/2025/10/30/us-news/karen-bass-backs-2-3m-plan-to-clean-up-macarthur-park-months-after-berating-ice-sweep/,1271635927,MAYOR 174,actor1 MAYOR actor2 event_code 174 event_root_code 17 country US,174,17,MAYOR,,US,-5.0,10,1,10,-2.92887029288703,1271635927,1271635927
2025-10-31 00:15:00+00:00,2025-10-31 00:15:00+00:00,DATEADDED_UTC,2025-10-31,lawyersweekly.com.au,https://www.lawyersweekly.com.au/biglaw/43242-law-squared-s-new-ceo-takes-over,1271646867,CHIEF EXECUTIVE 192 COMPANY,actor1 CHIEF EXECUTIVE actor2 COMPANY event_code 192 event_root_code 19 country AS,192,19,CHIEF EXECUTIVE,COMPANY,AS,-9.5,8,1,8,2.94117647058824,1271646867,1271646867
2025-10-31 00:30:00+00:00,2025-10-31 00:30:00+00:00,DATEADDED_UTC,2025-10-31,kroc.com,https://kroc.com/ixp/669/p/160-mph-chase-mankato-area/,1271649616,AUTHORITIES 112 UNITED STATES,actor1 AUTHORITIES actor2 UNITED STATES event_code 112 event_root_code 11 country US,112,11,AUTHORITIES,UNITED STATES,US,-2.0,6,1,6,-1.76056338028169,1271649616,1271649616
2025-10-31 02:00:00+00:00,2025-10-31 02:00:00+00:00,DATEADDED_UTC,2025-10-31,dailyexcelsior.com,https://www.dailyexcelsior.com/patel-era-of-indian-politics/,1271660753,110 LIEUTENANT,actor1 actor2 LIEUTENANT event_code 110 event_root_code 11 country IN,110,11,,LIEUTENANT,IN,-2.0,6,1,6,0.43956043956044,1271660753,1271660753
2025-10-31 02:45:00+00:00,2025-10-31 02:45:00+00:00,DATEADDED_UTC,2025-10-31,santamariatimes.com,https://santamariatimes.com/ap/international/protests-erupt-after-police-raid-in-brazil-leaves-119-dead-and-draws-accusations-of-excessive/article_8ae7f70a-f18d-5f00-8c95-db18d26789e2.html,1271666604,GOVERNMENT 190 POLICE,actor1 GOVERNMENT actor2 POLICE event_code 190 event_root_code 19 country US,190,19,GOVERNMENT,POLICE,US,-10.0,6,1,6,-6.93979933110367,1271666604,1271666604
2025-10-31 03:00:00+00:00,2025-10-31 03:00:00+00:00,DATEADDED_UTC,2025-10-31,thenews.com.pk,https://www.thenews.com.pk/latest/1354723-india-says-us-grants-six-month-sanction-exemption-on-iran-port,1271669467,WASHINGTON 192 TEHRAN,actor1 WASHINGTON actor2 TEHRAN event_code 192 event_root_code 19 country IR,192,19,WASHINGTON,TEHRAN,IR,-9.5,8,1,8,-2.97619047619047,1271669467,1271669467
2025-10-31 03:15:00+00:00,2025-10-31 03:15:00+00:00,DATEADDED_UTC,2025-10-31,wtap.com,https://www.wtap.com/2025/10/30/man-wanted-child-sex-crimes-found-teaching-another-state-authorities-say/,1271670497,AUTHORITIES 173 DALLAS,actor1 AUTHORITIES actor2 DALLAS event_code 173 event_root_code 17 country US,173,17,AUTHORITIES,DALLAS,US,-5.0,10,1,10,-3.82165605095541,1271670497,1271670497
2025-10-31 03:45:00+00:00,2025-10-31 03:45:00+00:00,DATEADDED_UTC,2025-10-31,kyivpost.com,https://www.kyivpost.com/post/63332,1271672925,PRESIDENT 130 NATO,actor1 PRESIDENT actor2 NATO event_code 130 event_root_code 13 country RO,130,13,PRESIDENT,NATO,RO,-4.4,8,1,8,-3.1774051191527,1271672925,1271672925
2025-10-31 03:45:00+00:00,2025-10-31 03:45:00+00:00,DATEADDED_UTC,2025-10-31,tribune.com.pk,https://tribune.com.pk/story/2575090/us-decides-to-resume-nukes-testing,1271673328,RUSSIAN 130 MOSCOW,actor1 RUSSIAN actor2 MOSCOW event_code 130 event_root_code 13 country RS,130,13,RUSSIAN,MOSCOW,RS,-4.4,6,1,6,-2.98507462686567,1271673328,1271673328
2025-10-31 04:00:00+00:00,2025-10-31 04:00:00+00:00,DATEADDED_UTC,2025-10-31,punchng.com,https://punchng.com/efcc-nfiu-launch-crackdown-on-alleged-coup-funders/,1271674955,AIR FORCE 193 NATIONAL SECURITY ADVISER,actor1 AIR FORCE actor2 NATIONAL SECURITY ADVISER event_code 193 event_root_code 19 country NI,193,19,AIR FORCE,NATIONAL SECURITY ADVISER,NI,-10.0,8,1,8,-3.63423212192263,1271674955,1271674955
2025-10-31 04:00:00+00:00,2025-10-31 04:00:00+00:00,DATEADDED_UTC,2025-10-31,economictimes.indiatimes.com,https://economictimes.indiatimes.com/news/international/us/maryland-state-senator-dalya-attar-arrested-on-federal-extortion-charges-in-hidden-camera-case/articleshow/124982493.cms,1271675274,MINNESOTA 193 SENATOR,actor1 MINNESOTA actor2 SENATOR event_code 193 event_root_code 19 country US,193,19,MINNESOTA,SENATOR,US,-10.0,5,1,5,-7.56013745704468,1271675274,1271675274
2025-10-31 05:30:00+00:00,2025-10-31 05:30:00+00:00,DATEADDED_UTC,2025-10-31,news.az,https://news.az/news/iran-slams-trumps-call-to-restart-us-nuclear-testing,1271683661,CHINA 130 IRAN,actor1 CHINA actor2 IRAN event_code 130 event_root_code 13 country IR,130,13,CHINA,IRAN,IR,-4.4,8,1,8,-6.3953488372093,1271683661,1271683661
2025-10-31 05:30:00+00:00,2025-10-31 05:30:00+00:00,DATEADDED_UTC,2025-10-31,theguardian.com,https://www.theguardian.com/world/2025/oct/31/egypts-vast-1bn-museum-to-open-in-cairo-after-two-decade-build,1271684118,LOOTER 190,actor1 LOOTER actor2 event_code 190 event_root_code 19 country EG,190,19,LOOTER,,EG,-10.0,5,1,5,-0.36036036036036,1271684118,1271684118
2025-10-31 06:15:00+00:00,2025-10-31 06:15:00+00:00,DATEADDED_UTC,2025-10-31,ynetnews.com,https://www.ynetnews.com/article/hj85ji11ybe,1271688869,HAMAS 145,actor1 HAMAS actor2 event_code 145 event_root_code 14 country IS,145,14,HAMAS,,IS,-7.5,6,1,6,-6.72389127324749,1271688869,1271688869
2025-10-31 07:00:00+00:00,2025-10-31 07:00:00+00:00,DATEADDED_UTC,2025-10-31,guardian.ng,https://guardian.ng/news/nigeria/metro/youths-clash-in-benin-over-killing-of-suspected-internet-fraudster/,1271693527,POLICE 175 RIOTER,actor1 POLICE actor2 RIOTER event_code 175 event_root_code 17 country BN,175,17,POLICE,RIOTER,BN,-9.0,10,1,10,-14.9038461538461,1271693527,1271693527
2025-10-31 07:30:00+00:00,2025-10-31 07:30:00+00:00,DATEADDED_UTC,2025-10-31,nbcnews.com,https://www.nbcnews.com/world/asia/pakistan-afghanistan-agree-maintain-ceasefire-peace-talks-istanbul-rcna241050,1271697319,AFGHANISTAN 190 PAKISTAN,actor1 AFGHANISTAN actor2 PAKISTAN event_code 190 event_root_code 19 country AF,190,19,AFGHANISTAN,PAKISTAN,AF,-10.0,6,1,6,-3.26409495548962,1271697319,1271697319
2025-10-31 07:45:00+00:00,2025-10-31 07:45:00+00:00,DATEADDED_UTC,2025-10-31,nuclear-news.net,https://nuclear-news.net/2025/10/31/1-b1-golden-dome-funding-lags-as-industry-partners-line-up/,1271699638,IRAN 130 CHINA,actor1 IRAN actor2 CHINA event_code 130 event_root_code 13 country RS,130,13,IRAN,CHINA,RS,-4.4,6,1,6,1.51515151515151,1271699638,1271699638
2025-10-31 08:00:00+00:00,2025-10-31 08:00:00+00:00,DATEADDED_UTC,2025-10-31,theguardian.com,https://www.theguardian.com/world/2025/oct/31/serbia-street-protests-students-split-elections,1271701909,PROTESTER 112 POLICE,actor1 PROTESTER actor2 POLICE event_code 112 event_root_code 11 country RB,112,11,PROTESTER,POLICE,RB,-2.0,10,1,10,-6.33869441816462,1271701909,1271701909
2025-10-31 08:15:00+00:00,2025-10-31 08:15:00+00:00,DATEADDED_UTC,2025-10-31,washingtonexaminer.com,https://www.washingtonexaminer.com/premium/3867756/cast-away-with-hamas-gaza-flotilla-antisemitism/,1271704034,SLOVAKIA 111 GREECE,actor1 SLOVAKIA actor2 GREECE event_code 111 event_root_code 11 country GR,111,11,SLOVAKIA,GREECE,GR,-2.0,6,1,6,-1.68363351605325,1271704034,1271704034
2025-10-31 08:30:00+00:00,2025-10-31 08:30:00+00:00,DATEADDED_UTC,2025-10-31,dailyecho.co.uk,https://www.dailyecho.co.uk/news/25578676.haunted-ringwood-meeting-house-history-mystery/,1271705506,MINIST 128,actor1 MINIST actor2 event_code 128 event_root_code 12 country UK,128,12,MINIST,,UK,-5.0,10,1,10,-2.62612301313061,1271705506,1271705506
2025-10-31 08:30:00+00:00,2025-10-31 08:30:00+00:00,DATEADDED_UTC,2025-10-31,news.tuoitre.vn,https://news.tuoitre.vn/vietnam-deports-kyrgyz-national-wanted-by-interpol-for-drug-trafficking-103251031111839483.htm,1271705571,INTERPOL 174 KYRGYZ,actor1 INTERPOL actor2 KYRGYZ event_code 174 event_root_code 17 country VM,174,17,INTERPOL,KYRGYZ,VM,-5.0,8,1,8,-6.25,1271705571,1271705571
2025-10-31 09:00:00+00:00,2025-10-31 09:00:00+00:00,DATEADDED_UTC,2025-10-31,aliran.com,https://aliran.com/web-specials/the-powerful-who-stand-with-israel,1271709848,THE US 154 HAMAS,actor1 THE US actor2 HAMAS event_code 154 event_root_code 15 country IS,154,15,THE US,HAMAS,IS,-7.2,5,1,5,-3.45140781108083,1271709848,1271709848
2025-10-31 09:30:00+00:00,2025-10-31 09:30:00+00:00,DATEADDED_UTC,2025-10-31,spectator.com.au,https://www.spectator.com.au/2025/10/pray-for-the-persecuted-christian-church/,1271713116,PRESIDENT 180 CONGRESS,actor1 PRESIDENT actor2 CONGRESS event_code 180 event_root_code 18 country US,180,18,PRESIDENT,CONGRESS,US,-9.0,10,1,10,-4.88505747126436,1271713116,1271713116
2025-10-31 10:00:00+00:00,2025-10-31 10:00:00+00:00,DATEADDED_UTC,2025-10-31,outlookindia.com,https://www.outlookindia.com/elections/stalin-accuses-modi-of-provoking-regional-tensions-in-bihar-poll-campaign,1271717705,CONGRESS 191 BIHAR,actor1 CONGRESS actor2 BIHAR event_code 191 event_root_code 19 country,191,19,CONGRESS,BIHAR,,-9.5,10,1,10,-6.52173913043478,1271717705,1271717705
2025-10-31 10:30:00+00:00,2025-10-31 10:30:00+00:00,DATEADDED_UTC,2025-10-31,philstar.com,https://www.philstar.com/nation/2025/10/31/2483947/cop-3-gang-members-killed-sulu-shootout,1271722214,PHILIPPINE 190 OPERATIVE,actor1 PHILIPPINE actor2 OPERATIVE event_code 190 event_root_code 19 country RP,190,19,PHILIPPINE,OPERATIVE,RP,-10.0,5,1,5,-5.86080586080586,1271722214,1271722214
2025-10-31 11:00:00+00:00,2025-10-31 11:00:00+00:00,DATEADDED_UTC,2025-10-31,koreaherald.com,https://www.koreaherald.com/article/10606406,1271726553,PRESIDENT 173 PRISON,actor1 PRESIDENT actor2 PRISON event_code 173 event_root_code 17 country KS,173,17,PRESIDENT,PRISON,KS,-5.0,8,1,8,-10.3174603174603,1271726553,1271726553
2025-10-31 11:15:00+00:00,2025-10-31 11:15:00+00:00,DATEADDED_UTC,2025-10-31,biztoc.com,https://biztoc.com/x/5c4087ad97882e50,1271729196,IRAN 112 PRESIDENT,actor1 IRAN actor2 PRESIDENT event_code 112 event_root_code 11 country IR,112,11,IRAN,PRESIDENT,IR,-2.0,8,1,8,-15.3846153846154,1271729196,1271729196
2025-10-31 11:30:00+00:00,2025-10-31 11:30:00+00:00,DATEADDED_UTC,2025-10-31,economictimes.indiatimes.com,https://economictimes.indiatimes.com/news/politics-and-nation/kolkata-bjp-complains-to-ceo-over-tmc-leaders-alleged-threat-to-blos-in-cooch-behar/articleshow/124992082.cms,1271730809,113 GOVERNMENT,actor1 actor2 GOVERNMENT event_code 113 event_root_code 11 country IN,113,11,,GOVERNMENT,IN,-2.0,10,1,10,-4.9490538573508,1271730809,1271730809
2025-10-31 11:30:00+00:00,2025-10-31 11:30:00+00:00,DATEADDED_UTC,2025-10-31,catholicculture.org,https://www.catholicculture.org/news/headlines/index.cfm?storyid=67390,1271731380,FINLAND 161 RUSSIA,actor1 FINLAND actor2 RUSSIA event_code 161 event_root_code 16 country RS,161,16,FINLAND,RUSSIA,RS,-4.0,6,1,6,-6.14754098360656,1271731380,1271731380
2025-10-31 11:30:00+00:00,2025-10-31 11:30:00+00:00,DATEADDED_UTC,2025-10-31,bnionline.net,https://www.bnionline.net/en/news/juntas-arbitrary-shelling-hampers-rice-harvesting-pekon,1271731493,JUNTA 195,actor1 JUNTA actor2 event_code 195 event_root_code 19 country,195,19,JUNTA,,,-10.0,10,1,10,-9.16334661354582,1271731493,1271731493
2025-10-31 11:30:00+00:00,2025-10-31 11:30:00+00:00,DATEADDED_UTC,2025-10-31,geo.tv,https://www.geo.tv/latest/631425-pak-afghan-relations-can-never-normalise-unless-kabul-reins-in-ttp-asif,1271731589,DEFENCE MINIST 112 AFGHAN,actor1 DEFENCE MINIST actor2 AFGHAN event_code 112 event_root_code 11 country AF,112,11,DEFENCE MINIST,AFGHAN,AF,-2.0,6,1,6,-3.88739946380697,1271731589,1271731589
2025-10-31 12:15:00+00:00,2025-10-31 12:15:00+00:00,DATEADDED_UTC,2025-10-31,propakistani.pk,https://propakistani.pk/2025/10/31/smart-meter-prices-slashed-as-govt-launches-nationwide-rollout/,1271738344,MINISTRY 120,actor1 MINISTRY actor2 event_code 120 event_root_code 12 country PK,120,12,MINISTRY,,PK,-4.0,10,1,10,2.12765957446808,1271738344,1271738344
2025-10-31 12:15:00+00:00,2025-10-31 12:15:00+00:00,DATEADDED_UTC,2025-10-31,channelstv.com,https://www.channelstv.com/2025/10/31/naira-redesign-emefieles-policy-caused-hardship-for-nigerians-witness-tells-court/,1271738589,COUNSEL 112,actor1 COUNSEL actor2 event_code 112 event_root_code 11 country NI,112,11,COUNSEL,,NI,-2.0,6,1,6,-4.00890868596882,1271738589,1271738589
2025-10-31 14:00:00+00:00,2025-10-31 14:00:00+00:00,DATEADDED_UTC,2025-10-31,cbsnews.com,http://www.cbsnews.com/news/trump-administration-strikes-another-alleged-drug-boat-pacific-killing-4/,1271755026,ADMINISTRATION 120,actor1 ADMINISTRATION actor2 event_code 120 event_root_code 12 country TD,120,12,ADMINISTRATION,,TD,-4.0,5,1,5,-7.72946859903382,1271755026,1271755026
2025-10-31 14:30:00+00:00,2025-10-31 14:30:00+00:00,DATEADDED_UTC,2025-10-31,dailypost.ng,https://dailypost.ng/2025/10/31/kaduna-pdp-rep-member-for-jemaa-sanga-constituency-amos-defects-to-apc/,1271760441,LAWMAKER 120 RULING PARTY,actor1 LAWMAKER actor2 RULING PARTY event_code 120 event_root_code 12 country NI,120,12,LAWMAKER,RULING PARTY,NI,-4.0,5,1,5,3.50877192982456,1271760441,1271760441
2025-10-31 14:45:00+00:00,2025-10-31 14:45:00+00:00,DATEADDED_UTC,2025-10-31,manchestereveningnews.co.uk,https://www.manchestereveningnews.co.uk/trips-and-breaks/european-city-popular-stag-hen-32789145,1271762687,BARCELONA 141 DEMONSTRATOR,actor1 BARCELONA actor2 DEMONSTRATOR event_code 141 event_root_code 14 country UK,141,14,BARCELONA,DEMONSTRATOR,UK,-6.5,5,1,5,-5.19713261648746,1271762687,1271762687
2025-10-31 14:45:00+00:00,2025-10-31 14:45:00+00:00,DATEADDED_UTC,2025-10-31,lrt.lt,https://www.lrt.lt/en/news-in-english/19/2731287/lithuanian-railways-to-halt-transit-of-lukoil-products-to-kaliningrad-under-us-sanctions,1271762879,EUROPEAN UNION 172 RUSSIAN,actor1 EUROPEAN UNION actor2 RUSSIAN event_code 172 event_root_code 17 country LH,172,17,EUROPEAN UNION,RUSSIAN,LH,-5.0,6,1,6,-3.85487528344671,1271762879,1271762879
2025-10-31 15:00:00+00:00,2025-10-31 15:00:00+00:00,DATEADDED_UTC,2025-10-31,stiripesurse.ro,https://www.stiripesurse.ro/bnrs-balint-romania-is-taking-an-economic-maturity-exam_3826391,1271765934,GOVERNANCE 100 CENTRAL BANK,actor1 GOVERNANCE actor2 CENTRAL BANK event_code 100 event_root_code 10 country US,100,10,GOVERNANCE,CENTRAL BANK,US,-5.0,6,1,6,0.55555555555556,1271765934,1271765934
2025-10-31 15:00:00+00:00,2025-10-31 15:00:00+00:00,DATEADDED_UTC,2025-10-31,1310kfka.com,https://1310kfka.com/abc-news/u-s-news/10/pennsylvania-man-with-multiple-arrest-warrants-back-in-custody-after-fleeing-from-police-while-handcuffed-officials/,1271766774,UNITED STATES 173 PERU,actor1 UNITED STATES actor2 PERU event_code 173 event_root_code 17 country PE,173,17,UNITED STATES,PERU,PE,-5.0,7,2,7,-7.63441791250674,1271766774,1271766774
2025-10-31 15:30:00+00:00,2025-10-31 15:30:00+00:00,DATEADDED_UTC,2025-10-31,telecom.economictimes.indiatimes.com,https://telecom.economictimes.indiatimes.com/news/telecom-equipment/us-governments-complicity-tech-exports-fueling-chinas-surveillance-state/124995740,1271769822,CHINA 110 UNITED STATES,actor1 CHINA actor2 UNITED STATES event_code 110 event_root_code 11 country US,110,11,CHINA,UNITED STATES,US,-2.0,6,1,6,-2.78414674091058,1271769822,1271769822
2025-10-31 18:30:00+00:00,2025-10-31 18:30:00+00:00,DATEADDED_UTC,2025-10-31,eurasiareview.com,https://www.eurasiareview.com/31102025-whats-the-future-for-hamas-oped/,1271799717,OPERATIVE 190 GAZA,actor1 OPERATIVE actor2 GAZA event_code 190 event_root_code 19 country IS,190,19,OPERATIVE,GAZA,IS,-10.0,6,1,6,-2.87769784172662,1271799717,1271799717
2025-10-31 18:45:00+00:00,2025-10-31 18:45:00+00:00,DATEADDED_UTC,2025-10-31,taipeitimes.com,https://www.taipeitimes.com/News/feat/archives/2025/11/01/2003846450,1271801157,141 GOVERNMENT,actor1 actor2 GOVERNMENT event_code 141 event_root_code 14 country CH,141,14,,GOVERNMENT,CH,-6.5,10,1,10,-1.86851211072665,1271801157,1271801157
2025-10-31 19:00:00+00:00,2025-10-31 19:00:00+00:00,DATEADDED_UTC,2025-10-31,morungexpress.com,https://morungexpress.com/himanta-biswa-sarma-calls-gaurav-gogoi-pakistani-agent-alleges-foreign-powers-planted-him,1271804427,PRESIDENT 100 ASSAM,actor1 PRESIDENT actor2 ASSAM event_code 100 event_root_code 10 country PK,100,10,PRESIDENT,ASSAM,PK,-5.0,10,1,10,-2.10526315789474,1271804427,1271804427
2025-10-31 20:00:00+00:00,2025-10-31 20:00:00+00:00,DATEADDED_UTC,2025-10-31,independent.co.uk,https://www.independent.co.uk/news/world/americas/us-politics/elon-musk-spacex-golden-dome-satellites-trump-b2856253.html,1271815144,ACTIVIST 110,actor1 ACTIVIST actor2 event_code 110 event_root_code 11 country US,110,11,ACTIVIST,,US,-2.0,8,1,8,-1.70278637770898,1271815144,1271815144
2025-10-31 20:00:00+00:00,2025-10-31 20:00:00+00:00,DATEADDED_UTC,2025-10-31,journalismpakistan.com,https://www.journalismpakistan.com/radio-free-asia-suspends-news-operations-amid-us-funding-freeze,1271815606,RADIO FREE ASIA 160,actor1 RADIO FREE ASIA actor2 event_code 160 event_root_code 16 country KN,160,16,RADIO FREE ASIA,,KN,-4.0,10,1,10,-2.96296296296297,1271815606,1271815606
2025-10-31 20:30:00+00:00,2025-10-31 20:30:00+00:00,DATEADDED_UTC,2025-10-31,yahoo.com,https://www.yahoo.com/news/articles/illinois-lawmakers-approve-ban-immigration-200119344.html,1271819002,ILLINOIS 172,actor1 ILLINOIS actor2 event_code 172 event_root_code 17 country US,172,17,ILLINOIS,,US,-5.0,6,1,6,-2.50481695568401,1271819002,1271819002
2025-10-31 20:45:00+00:00,2025-10-31 20:45:00+00:00,DATEADDED_UTC,2025-10-31,charlestoncitypaper.com,https://charlestoncitypaper.com/2025/10/31/shr-24-44-latest-on-nuke-plant-gas-plant-weaponization/,1271820688,STATE OFFICIAL 190,actor1 STATE OFFICIAL actor2 event_code 190 event_root_code 19 country US,190,19,STATE OFFICIAL,,US,-10.0,8,1,8,-0.44989775051125,1271820688,1271820688
2025-10-31 20:45:00+00:00,2025-10-31 20:45:00+00:00,DATEADDED_UTC,2025-10-31,thenation.com,https://www.thenation.com/article/politics/newsletter-hatch-act-halloween/,1271820753,GOVERNMENT 120,actor1 GOVERNMENT actor2 event_code 120 event_root_code 12 country UK,120,12,GOVERNMENT,,UK,-4.0,5,1,5,-4.56140350877193,1271820753,1271820753
2025-10-31 21:00:00+00:00,2025-10-31 21:00:00+00:00,DATEADDED_UTC,2025-10-31,syriauntold.com,https://syriauntold.com/2025/10/31/radio-fresh-a-syrian-history-4/,1271823044,THE US 162 SYRIA,actor1 THE US actor2 SYRIA event_code 162 event_root_code 16 country SY,162,16,THE US,SYRIA,SY,-5.6,10,1,10,-3.1221582297666,1271823044,1271823044
2025-10-31 21:30:00+00:00,2025-10-31 21:30:00+00:00,DATEADDED_UTC,2025-10-31,aol.co.uk,https://www.aol.co.uk/articles/good-guy-behind-wikipedia-lost-210015619.html,1271826336,INTELLIGENCE 130,actor1 INTELLIGENCE actor2 event_code 130 event_root_code 13 country US,130,13,INTELLIGENCE,,US,-4.4,10,1,10,-1.88133140376266,1271826336,1271826336
2025-10-31 21:45:00+00:00,2025-10-31 21:45:00+00:00,DATEADDED_UTC,2025-10-31,dailycaller.com,https://dailycaller.com/2025/10/31/utility-companies-tied-to-californias-worst-disasters-keep-pouring-cash-into-democrat-campaigns/,1271827642,FIREFIGHTER 180,actor1 FIREFIGHTER actor2 event_code 180 event_root_code 18 country US,180,18,FIREFIGHTER,,US,-9.0,10,1,10,-3.34128878281623,1271827642,1271827642
2025-10-31 21:45:00+00:00,2025-10-31 21:45:00+00:00,DATEADDED_UTC,2025-10-31,express.co.uk,https://www.express.co.uk/news/world/2128527/ryanair-boss-fury-eu-traffic-control-france,1271827905,RYANAIR 112 FRENCH,actor1 RYANAIR actor2 FRENCH event_code 112 event_root_code 11 country FR,112,11,RYANAIR,FRENCH,FR,-2.0,10,1,10,-7.27580372250423,1271827905,1271827905
2025-10-31 22:30:00+00:00,2025-10-31 22:30:00+00:00,DATEADDED_UTC,2025-10-31,dailymail.co.uk,https://www.dailymail.co.uk/news/article-15244421/angus-taylor-tahmoor-tomago-coal-mine.html,1271832248,AUSTRALIA 139 BRITISH,actor1 AUSTRALIA actor2 BRITISH event_code 139 event_root_code 13 country AS,139,13,AUSTRALIA,BRITISH,AS,-7.0,8,1,8,-5.31309297912713,1271832248,1271832248
2025-10-31 23:45:00+00:00,2025-10-31 23:45:00+00:00,DATEADDED_UTC,2025-10-31,newsday.com,https://www.newsday.com/long-island/crime/suffolk-police-officer-fatal-shooting-centereach-attorney-general-july-v5zqj86z,1271839860,ATTORNEY GENERAL 173 UNITED STATES,actor1 ATTORNEY GENERAL actor2 UNITED STATES event_code 173 event_root_code 17 country US,173,17,ATTORNEY GENERAL,UNITED STATES,US,-5.0,8,1,8,-6.87361419068736,1271839860,1271839860
2025-11-01 00:15:00+00:00,2025-11-01 00:15:00+00:00,DATEADDED_UTC,2025-11-01,saharareporters.com,https://saharareporters.com/2025/10/31/fct-minister-wike-brags-about-court-ruling-stopping-pdp-national-convention,1271845335,DEMOCRATIC PARTY 111 ABUJA,actor1 DEMOCRATIC PARTY actor2 ABUJA event_code 111 event_root_code 11 country NI,111,11,DEMOCRATIC PARTY,ABUJA,NI,-2.0,20,1,20,0.03837214401614,1271845335,1271845335
2025-11-01 00:30:00+00:00,2025-11-01 00:30:00+00:00,DATEADDED_UTC,2025-11-01,wypr.org,https://www.wypr.org/wypr-news/2025-10-31/maryland-democrats-back-offshore-wind-project-awaiting-key-court-decisions,1271847110,ADMINISTRATION 110,actor1 ADMINISTRATION actor2 event_code 110 event_root_code 11 country US,110,11,ADMINISTRATION,,US,-2.0,10,1,10,-2.09698558322411,1271847110,1271847110
2025-11-01 00:45:00+00:00,2025-11-01 00:45:00+00:00,DATEADDED_UTC,2025-11-01,rashtranews.com,https://www.rashtranews.com/us-to-expand-sanctions-on-russia-accept-100k-ukraine-refugees-world-news/,1271849394,ROMANIA 190 NATO,actor1 ROMANIA actor2 NATO event_code 190 event_root_code 19 country HU,190,19,ROMANIA,NATO,HU,-10.0,8,1,8,-3.09119010819165,1271849394,1271849394
2025-11-01 02:00:00+00:00,2025-11-01 02:00:00+00:00,DATEADDED_UTC,2025-11-01,novinite.com,https://www.novinite.com/view_news.php?id=235201,1271858338,UKRAINE 130 BUDAPEST,actor1 UKRAINE actor2 BUDAPEST event_code 130 event_root_code 13 country UP,130,13,UKRAINE,BUDAPEST,UP,-4.4,6,1,6,-2.1671826625387,1271858338,1271858338
2025-11-01 02:45:00+00:00,2025-11-01 02:45:00+00:00,DATEADDED_UTC,2025-11-01,understandingwar.org,https://understandingwar.org/research/russia-ukraine/russian-offensive-campaign-assessment-october-31-2025/,1271862837,UKRAINE 190 RUSSIAN,actor1 UKRAINE actor2 RUSSIAN event_code 190 event_root_code 19 country RS,190,19,UKRAINE,RUSSIAN,RS,-10.0,6,1,6,-2.22602739726027,1271862837,1271862837
2025-11-01 03:00:00+00:00,2025-11-01 03:00:00+00:00,DATEADDED_UTC,2025-11-01,smh.com.au,https://www.smh.com.au/world/north-america/trump-doubles-down-on-nuclear-tests-as-russia-issues-warning-20251101-p5n6z4.html,1271863791,RUSSIA 130 THE US,actor1 RUSSIA actor2 THE US event_code 130 event_root_code 13 country KN,130,13,RUSSIA,THE US,KN,-4.4,5,1,5,-2.0,1271863791,1271863791
2025-11-01 05:45:00+00:00,2025-11-01 05:45:00+00:00,DATEADDED_UTC,2025-11-01,thisdaylive.com,https://www.thisdaylive.com/2025/11/01/pdp-insists-on-holding-national-convention-despite-court-ruling/,1271876611,JUDGE 111 POLITICIAN,actor1 JUDGE actor2 POLITICIAN event_code 111 event_root_code 11 country NI,111,11,JUDGE,POLITICIAN,NI,-2.0,10,1,10,-0.59412132582864,1271876611,1271876611
2025-11-01 06:00:00+00:00,2025-11-01 06:00:00+00:00,DATEADDED_UTC,2025-10-31,newsday.co.zw,https://www.newsday.co.zw/local-news/article/200047929/3-cops-in-the-dock-over-police-uniforms-theft,1271877592,HARARE 112 POLICE OFFICER,actor1 HARARE actor2 POLICE OFFICER event_code 112 event_root_code 11 country ZI,112,11,HARARE,POLICE OFFICER,ZI,-2.0,12,1,6,-5.1912568306011,1271877592,1271877592
2025-11-01 06:15:00+00:00,2025-11-01 06:15:00+00:00,DATEADDED_UTC,2025-11-01,dailypost.ng,https://dailypost.ng/2025/11/01/pdp-national-convention-nobody-will-use-me-my-loyalists-wike-blows-hot/,1271878897,MINIST 130 DEMOCRATIC PARTY,actor1 MINIST actor2 DEMOCRATIC PARTY event_code 130 event_root_code 13 country NI,130,13,MINIST,DEMOCRATIC PARTY,NI,-4.4,6,1,6,-1.93050193050193,1271878897,1271878897
2025-11-01 06:45:00+00:00,2025-11-01 06:45:00+00:00,DATEADDED_UTC,2025-11-01,straitstimes.com,https://www.straitstimes.com/asia/Chinas-military-says-it-tracked-Philippine-patrol-in-South-China-Sea,1271881795,THE HAGUE 120 BEIJING,actor1 THE HAGUE actor2 BEIJING event_code 120 event_root_code 12 country CH,120,12,THE HAGUE,BEIJING,CH,-4.0,14,2,14,0.813021564901265,1271881795,1271881795
2025-11-01 07:00:00+00:00,2025-11-01 07:00:00+00:00,DATEADDED_UTC,2025-11-01,businesstoday.in,https://www.businesstoday.in/nri/visa/story/us-lawmakers-urge-trump-to-roll-back-100000-h-1b-fee-warn-of-impact-on-ai-and-india-ties-500441-2025-11-01,1271882696,102 PRESIDENT,actor1 actor2 PRESIDENT event_code 102 event_root_code 10 country IN,102,10,,PRESIDENT,IN,-5.0,5,1,5,0.0,1271882696,1271882696
2025-11-01 08:30:00+00:00,2025-11-01 08:30:00+00:00,DATEADDED_UTC,2025-11-01,hallmarknews.com,https://hallmarknews.com/sowores-push-for-nnamdi-kanus-freedom-further-worsens-govt-human-rights-record/,1271890805,ACTIVIST 173,actor1 ACTIVIST actor2 event_code 173 event_root_code 17 country NI,173,17,ACTIVIST,,NI,-5.0,5,1,5,-8.80597014925373,1271890805,1271890805
2025-11-01 09:00:00+00:00,2025-11-01 09:00:00+00:00,DATEADDED_UTC,2025-11-01,india.com,https://www.india.com/education/mbbs-llm-ma-md-indias-most-educated-man-had-20-degrees-cracked-upsc-twice-resigned-as-ias-died-tragically-at-a-young-age-due-to-car-accident-his-name-was-shrikant-jichkar-8160428/,1271893091,MINIST 110,actor1 MINIST actor2 event_code 110 event_root_code 11 country IN,110,11,MINIST,,IN,-2.0,10,1,10,-0.18587360594795,1271893091,1271893091
2025-11-01 09:00:00+00:00,2025-11-01 09:00:00+00:00,DATEADDED_UTC,2025-11-01,independent.co.uk,https://www.independent.co.uk/news/world/europe/ukraine-russia-war-putin-trump-nuclear-terrorism-tomahawk-latest-news-b2856527.html,1271893291,RUSSIA 190 UKRAINE,actor1 RUSSIA actor2 UKRAINE event_code 190 event_root_code 19 country RS,190,19,RUSSIA,UKRAINE,RS,-10.0,8,1,8,-5.00782472613458,1271893291,1271893291
2025-11-01 10:45:00+00:00,2025-11-01 10:45:00+00:00,DATEADDED_UTC,2025-11-01,inquirer.com,https://www.inquirer.com/opinion/commentary/university-of-pennsylvania-law-school-sadie-alexander-scholarship-20251101.html,1271903146,GEORGETOWN 120 ATTORNEY,actor1 GEORGETOWN actor2 ATTORNEY event_code 120 event_root_code 12 country US,120,12,GEORGETOWN,ATTORNEY,US,-4.0,10,1,10,-0.12376237623762,1271903146,1271903146
2025-11-01 11:00:00+00:00,2025-11-01 11:00:00+00:00,DATEADDED_UTC,2025-11-01,en.interfax.com.ua,https://en.interfax.com.ua/news/general/1117307.html,1271904969,RUSSIAN 193 MILITARY,actor1 RUSSIAN actor2 MILITARY event_code 193 event_root_code 19 country RS,193,19,RUSSIAN,MILITARY,RS,-10.0,7,1,7,-12.2950819672132,1271904969,1271904969
2025-11-01 11:45:00+00:00,2025-11-01 11:45:00+00:00,DATEADDED_UTC,2025-10-25,aljazeera.com,https://www.aljazeera.com/news/2025/11/1/thousands-missing-new-horrors-emerge-after-rsf-taking-of-sudan-el-fasher,1271908882,KORDOFAN 173 BARA,actor1 KORDOFAN actor2 BARA event_code 173 event_root_code 17 country SU,173,17,KORDOFAN,BARA,SU,-5.0,10,2,10,-7.3621693971196,1271908882,1271908882
2025-11-01 11:45:00+00:00,2025-11-01 11:45:00+00:00,DATEADDED_UTC,2025-11-01,en.apa.az,https://en.apa.az/europe/29-protesters-detained-in-tbilisi-in-last-five-days-482492,1271909329,MINIST OF INTERNAL AFFAIRS 173 PROTESTER,actor1 MINIST OF INTERNAL AFFAIRS actor2 PROTESTER event_code 173 event_root_code 17 country GG,173,17,MINIST OF INTERNAL AFFAIRS,PROTESTER,GG,-5.0,10,1,10,-13.7931034482759,1271909329,1271909329
2025-11-01 12:15:00+00:00,2025-11-01 12:15:00+00:00,DATEADDED_UTC,2025-11-01,gdnonline.com:443,"https://www.gdnonline.com:443/Details/1367388/Indian-temple-stampede-kills-nine,-injures-several",1271912826,STATE OFFICIAL 182 MUMBAI,actor1 STATE OFFICIAL actor2 MUMBAI event_code 182 event_root_code 18 country IN,182,18,STATE OFFICIAL,MUMBAI,IN,-9.5,5,1,5,-7.83132530120483,1271912826,1271912826
2025-11-01 12:15:00+00:00,2025-11-01 12:15:00+00:00,DATEADDED_UTC,2025-11-01,thewalrus.ca,https://thewalrus.ca/the-dramatic-story-of-my-parents-escape-from-war-torn-vietnam/,1271913215,AMERICAN 195 VIETNAM,actor1 AMERICAN actor2 VIETNAM event_code 195 event_root_code 19 country US,195,19,AMERICAN,VIETNAM,US,-10.0,10,1,10,-2.73273273273274,1271913215,1271913215
2025-11-01 13:00:00+00:00,2025-11-01 13:00:00+00:00,DATEADDED_UTC,2025-11-01,ynetnews.com,https://www.ynetnews.com/article/hkmlwvqkwl,1271918064,RIYADH 160 WASHINGTON,actor1 RIYADH actor2 WASHINGTON event_code 160 event_root_code 16 country SA,160,16,RIYADH,WASHINGTON,SA,-4.0,6,1,6,-0.12987012987013,1271918064,1271918064
2025-11-01 13:15:00+00:00,2025-11-01 13:15:00+00:00,DATEADDED_UTC,2025-11-01,timeslive.co.za,https://www.timeslive.co.za/news/south-africa/2025-11-01-sea-of-joburg-protesters-gather-over-empty-water-promises/,1271919264,AFRICA 141 CHAMBER,actor1 AFRICA actor2 CHAMBER event_code 141 event_root_code 14 country SF,141,14,AFRICA,CHAMBER,SF,-6.5,6,1,6,1.21212121212121,1271919264,1271919264
2025-11-01 13:15:00+00:00,2025-11-01 13:15:00+00:00,DATEADDED_UTC,2025-11-01,globalsecurity.org,https://www.globalsecurity.org/military/library/news/2025/10/mil-251030-presstv03.htm,1271920387,LEBANON 111 ISRAELI,actor1 LEBANON actor2 ISRAELI event_code 111 event_root_code 11 country LE,111,11,LEBANON,ISRAELI,LE,-2.0,6,1,6,-7.21442885771543,1271920387,1271920387
2025-11-01 13:30:00+00:00,2025-11-01 13:30:00+00:00,DATEADDED_UTC,2024-11-01,independent.com.mt,https://www.independent.com.mt/articles/2025-11-01/local-news/European-Commission-says-finch-trapping-derogation-not-in-line-with-European-Court-of-Justice-ruling-6736284472,1271922015,EUROPEAN COMMISSION 112 MALTA,actor1 EUROPEAN COMMISSION actor2 MALTA event_code 112 event_root_code 11 country MT,112,11,EUROPEAN COMMISSION,MALTA,MT,-2.0,10,1,10,-2.29276895943563,1271922015,1271922015
2025-11-01 14:30:00+00:00,2025-11-01 14:30:00+00:00,DATEADDED_UTC,2025-11-01,irishexaminer.com,https://www.irishexaminer.com/news/arid-41734683.html,1271927961,JUSTICE MINISTER 111 CRIMINAL,actor1 JUSTICE MINISTER actor2 CRIMINAL event_code 111 event_root_code 11 country EI,111,11,JUSTICE MINISTER,CRIMINAL,EI,-2.0,8,1,8,-2.29885057471264,1271927961,1271927961
2025-11-01 14:45:00+00:00,2025-11-01 14:45:00+00:00,DATEADDED_UTC,2025-11-01,tribuneindia.com,https://www.tribuneindia.com/news/punjab/punjab-cm-mann-slams-bjp-over-sheesh-mahal-allegations-offers-to-show-real-palaces/,1271929071,111 GOVERNMENT,actor1 actor2 GOVERNMENT event_code 111 event_root_code 11 country PK,111,11,,GOVERNMENT,PK,-2.0,6,1,6,-1.03626943005181,1271929071,1271929071
2025-11-01 15:00:00+00:00,2025-11-01 15:00:00+00:00,DATEADDED_UTC,2025-11-01,stabroeknews.com,https://www.stabroeknews.com/2025/11/01/news/regional/trinidad/venezuela-minister-warns-guyana-tt-will-suffer-if-us-strikes-his-country/,1271931169,TRINIDAD 130 MILITARY,actor1 TRINIDAD actor2 MILITARY event_code 130 event_root_code 13 country VE,130,13,TRINIDAD,MILITARY,VE,-4.4,10,1,10,-6.34920634920635,1271931169,1271931169
2025-11-01 17:00:00+00:00,2025-11-01 17:00:00+00:00,DATEADDED_UTC,2025-11-01,channelnewsasia.com,https://www.channelnewsasia.com/world/female-suspect-38-charged-in-us102-million-louvre-jewel-heist-5439806,1271942580,MAGISTRATE 173 PARIS,actor1 MAGISTRATE actor2 PARIS event_code 173 event_root_code 17 country RE,173,17,MAGISTRATE,PARIS,RE,-5.0,10,1,10,-15.3526970954357,1271942580,1271942580
2025-11-01 17:45:00+00:00,2025-11-01 17:45:00+00:00,DATEADDED_UTC,2025-11-01,taipeitimes.com,https://www.taipeitimes.com/News/editorials/archives/2025/11/02/2003846489,1271946218,BEIJING 120 TAIWAN,actor1 BEIJING actor2 TAIWAN event_code 120 event_root_code 12 country TW,120,12,BEIJING,TAIWAN,TW,-4.0,8,1,8,-5.78734858681024,1271946218,1271946218
2025-11-01 19:15:00+00:00,2025-11-01 19:15:00+00:00,DATEADDED_UTC,2025-11-01,news18.com,https://www.news18.com/india/upset-over-teachers-behaviour-class-6-jaipur-student-allegedly-dies-by-suicide-ws-bl-9674385.html,1271953858,GOVERNMENT 150 SCHOOL,actor1 GOVERNMENT actor2 SCHOOL event_code 150 event_root_code 15 country IN,150,15,GOVERNMENT,SCHOOL,IN,-7.2,10,1,10,-6.07210626185958,1271953858,1271953858
2025-11-01 20:45:00+00:00,2025-11-01 20:45:00+00:00,DATEADDED_UTC,2025-11-01,israelnationalnews.com,https://www.israelnationalnews.com/news/417138,1271960760,ISRAEL 194 RUSSIAN,actor1 ISRAEL actor2 RUSSIAN event_code 194 event_root_code 19 country RS,194,19,ISRAEL,RUSSIAN,RS,-10.0,8,1,8,-0.52576235541535,1271960760,1271960760
2025-11-01 22:00:00+00:00,2025-11-01 22:00:00+00:00,DATEADDED_UTC,2025-11-01,dailymail.co.uk,https://www.dailymail.co.uk/news/royals/article-15249417/William-Kate-new-eight-bed-mansion-Windsor-Great-Park-moving-half-term.html,1271965241,UNITED KINGDOM 192 ADELAIDE,actor1 UNITED KINGDOM actor2 ADELAIDE event_code 192 event_root_code 19 country UK,192,19,UNITED KINGDOM,ADELAIDE,UK,-9.5,8,1,8,1.31434830230011,1271965241,1271965241
2025-11-01 22:00:00+00:00,2025-11-01 22:00:00+00:00,DATEADDED_UTC,2025-11-01,kuna.net.kw,https://www.kuna.net.kw/ArticleDetails.aspx?id=3256626&Language=en,1271965479,KUWAIT 128 MINIST OF INTERIOR,actor1 KUWAIT actor2 MINIST OF INTERIOR event_code 128 event_root_code 12 country KU,128,12,KUWAIT,MINIST OF INTERIOR,KU,-5.0,10,1,10,-7.64331210191082,1271965479,1271965479
2025-11-01 22:00:00+00:00,2025-11-01 22:00:00+00:00,DATEADDED_UTC,2025-11-01,flaglerlive.com,https://flaglerlive.com/ice-repression/,1271965501,CONGRESS 173 AMERICAN,actor1 CONGRESS actor2 AMERICAN event_code 173 event_root_code 17 country US,173,17,CONGRESS,AMERICAN,US,-5.0,7,1,7,-6.38221584797419,1271965501,1271965501
2025-11-01 22:30:00+00:00,2025-11-01 22:30:00+00:00,DATEADDED_UTC,2025-11-01,breitbart.com,https://www.breitbart.com/entertainment/2025/11/01/disney-castaway-cay-island-director-accused-of-raping-florida-woman/,1271967157,BAHAMA 100 DISNEY,actor1 BAHAMA actor2 DISNEY event_code 100 event_root_code 10 country BF,100,10,BAHAMA,DISNEY,BF,-5.0,8,1,8,-4.77611940298508,1271967157,1271967157
2025-11-01 22:45:00+00:00,2025-11-01 22:45:00+00:00,DATEADDED_UTC,2025-11-01,newser.com,https://www.newser.com/story/377817/why-lethal-injection-persists-despite-its-terrible-track-record.html,1271968328,JUDGE 120 VOTER,actor1 JUDGE actor2 VOTER event_code 120 event_root_code 12 country RS,120,12,JUDGE,VOTER,RS,-4.0,5,1,5,-7.09219858156028,1271968328,1271968328
2025-11-01 23:15:00+00:00,2025-11-01 23:15:00+00:00,DATEADDED_UTC,2025-11-01,yahoo.com,https://www.yahoo.com/news/articles/snap-restrictions-place-amid-shutdown-200908118.html,1271969937,JUDGE 120,actor1 JUDGE actor2 event_code 120 event_root_code 12 country US,120,12,JUDGE,,US,-4.0,6,1,6,-4.06607369758576,1271969937,1271969937
2025-11-02 00:15:00+00:00,2025-11-02 00:15:00+00:00,DATEADDED_UTC,2025-11-02,haitiantimes.com,https://haitiantimes.com/2025/11/01/millions-in-aid-for-haiti-hurricane-melissa-relief/,1271974215,HAITIAN 153 JAMAICAN,actor1 HAITIAN actor2 JAMAICAN event_code 153 event_root_code 15 country HA,153,15,HAITIAN,JAMAICAN,HA,-7.2,5,1,5,-1.20361083249749,1271974215,1271974215
2025-11-02 00:30:00+00:00,2025-11-02 00:30:00+00:00,DATEADDED_UTC,2025-11-02,el-balad.com,https://www.el-balad.com/6752468,1271975613,PRESIDENT 110 SENATE,actor1 PRESIDENT actor2 SENATE event_code 110 event_root_code 11 country US,110,11,PRESIDENT,SENATE,US,-2.0,8,1,8,-6.06060606060606,1271975613,1271975613
2025-11-02 01:00:00+00:00,2025-11-02 01:00:00+00:00,DATEADDED_UTC,2025-11-02,wbap.com,https://www.wbap.com/news/rep-mackenzie-to-newsmax-dems-put-party-before-people-in-shutdown/,1271978214,SENATE 110 GOVERNMENT,actor1 SENATE actor2 GOVERNMENT event_code 110 event_root_code 11 country US,110,11,SENATE,GOVERNMENT,US,-2.0,10,1,10,-2.35294117647058,1271978214,1271978214
2025-11-02 01:15:00+00:00,2025-11-02 01:15:00+00:00,DATEADDED_UTC,2025-11-02,khaama.com,https://www.khaama.com/pakistan-afghanistan-istanbul-talks-diplomatic-missteps/,1271979467,PAKISTAN 130 PAKISTAN,actor1 PAKISTAN actor2 PAKISTAN event_code 130 event_root_code 13 country PK,130,13,PAKISTAN,PAKISTAN,PK,-4.4,10,1,10,-4.71869328493646,1271979467,1271979467
2025-11-02 04:30:00+00:00,2025-11-02 04:30:00+00:00,DATEADDED_UTC,2025-11-02,frontpagemag.com,https://www.frontpagemag.com/uk-muslim-security-minister-warns-against-speculating-about-mass-train-stabber/,1271991619,MUSLIM 190 BRITISH,actor1 MUSLIM actor2 BRITISH event_code 190 event_root_code 19 country UK,190,19,MUSLIM,BRITISH,UK,-10.0,5,1,5,-10.7871720116618,1271991619,1271991619
2025-11-02 04:45:00+00:00,2025-11-02 04:45:00+00:00,DATEADDED_UTC,2025-11-02,fox8live.com,https://www.fox8live.com/2025/11/02/new-orleans-hostage-suspect-has-violent-criminal-history-spanning-two-decades/,1271992360,ATTORNEY 173,actor1 ATTORNEY actor2 event_code 173 event_root_code 17 country US,173,17,ATTORNEY,,US,-5.0,10,1,10,-8.91089108910891,1271992360,1271992360
2025-11-02 05:00:00+00:00,2025-11-02 05:00:00+00:00,DATEADDED_UTC,2025-11-02,myjoyonline.com,https://www.myjoyonline.com/tanzania-president-wins-election-as-hundreds-feared-dead-in-unrest/,1271993342,MAIN OPPOSITION 120,actor1 MAIN OPPOSITION actor2 event_code 120 event_root_code 12 country NO,120,12,MAIN OPPOSITION,,NO,-4.0,5,1,5,-8.56269113149843,1271993342,1271993342
2025-11-02 05:15:00+00:00,2025-11-02 05:15:00+00:00,DATEADDED_UTC,2025-11-02,aljazeera.com,https://www.aljazeera.com/news/2025/11/2/us-china-agree-to-set-up-military-to-military-channels-hegseth-says,1271994349,THE US 112 CHINESE,actor1 THE US actor2 CHINESE event_code 112 event_root_code 11 country CH,112,11,THE US,CHINESE,CH,-2.0,6,1,6,-1.20481927710843,1271994349,1271994349
2025-11-02 05:30:00+00:00,2025-11-02 05:30:00+00:00,DATEADDED_UTC,2025-11-02,yourlocalguardian.co.uk,https://www.yourlocalguardian.co.uk/news/25582783.uber-london-speeding-driver-fined-avoids-driving-ban/,1271994956,MAGISTRATE 172,actor1 MAGISTRATE actor2 event_code 172 event_root_code 17 country,172,17,MAGISTRATE,,,-5.0,20,2,20,-4.10958904109589,1271994956,1271994956
2025-11-02 06:45:00+00:00,2025-11-02 06:45:00+00:00,DATEADDED_UTC,2025-11-02,spokesman.com,https://www.spokesman.com/stories/2025/nov/01/trump-administration-tells-congress-war-law-doesnt/,1271999487,112 ADMINISTRATION,actor1 actor2 ADMINISTRATION event_code 112 event_root_code 11 country US,112,11,,ADMINISTRATION,US,-2.0,10,1,10,-4.25388251181634,1271999487,1271999487
2025-11-02 08:15:00+00:00,2025-11-02 08:15:00+00:00,DATEADDED_UTC,2025-11-02,premiumtimesng.com,https://www.premiumtimesng.com/news/headlines/832306-exclusive-alleged-coup-plot-over-30-people-to-face-trial.html,1272005903,CIVIL COURTS 173 CIVILIAN,actor1 CIVIL COURTS actor2 CIVILIAN event_code 173 event_root_code 17 country NI,173,17,CIVIL COURTS,CIVILIAN,NI,-5.0,10,1,10,-5.48128342245989,1272005903,1272005903
2025-11-02 09:00:00+00:00,2025-11-02 09:00:00+00:00,DATEADDED_UTC,2025-11-02,theeagleonline.com.ng,https://theeagleonline.com.ng/police-arrest-taxi-driver-over-alleged-sexual-assaults/,1272009251,OPERATIVE 173 CRIMINAL,actor1 OPERATIVE actor2 CRIMINAL event_code 173 event_root_code 17 country,173,17,OPERATIVE,CRIMINAL,,-5.0,10,1,10,-9.016393442623,1272009251,1272009251
2025-11-02 10:15:00+00:00,2025-11-02 10:15:00+00:00,DATEADDED_UTC,2025-11-02,saharareporters.com,https://saharareporters.com/2025/11/02/exclusive-nigerian-police-authorities-mandate-personnel-pay-n2000-each-booklet-dedicated,1272014987,VICTORIA 130 NIGERIA,actor1 VICTORIA actor2 NIGERIA event_code 130 event_root_code 13 country NI,130,13,VICTORIA,NIGERIA,NI,-4.4,6,1,6,-1.97530864197531,1272014987,1272014987
2025-11-02 10:45:00+00:00,2025-11-02 10:45:00+00:00,DATEADDED_UTC,2025-11-02,economictimes.indiatimes.com,https://economictimes.indiatimes.com/news/india/mental-well-being-of-child-paramount-when-deciding-custody-visitation-rights-uttarakhand-hc/articleshow/125032348.cms,1272017444,1243 HIGH COURT,actor1 actor2 HIGH COURT event_code 1243 event_root_code 12 country,1243,12,,HIGH COURT,,-4.0,10,1,10,-3.06406685236769,1272017444,1272017444
2025-11-02 11:00:00+00:00,2025-11-02 11:00:00+00:00,DATEADDED_UTC,2025-11-02,marketscreener.com,https://www.marketscreener.com/news/philippines-canada-sign-pact-on-troops-to-deepen-defence-ties-ce7d5cd8d18bf523,1272018734,BEIJING 127 TRIBUNAL,actor1 BEIJING actor2 TRIBUNAL event_code 127 event_root_code 12 country CH,127,12,BEIJING,TRIBUNAL,CH,-5.0,8,1,8,-0.60240963855421,1272018734,1272018734
2025-11-02 11:30:00+00:00,2025-11-02 11:30:00+00:00,DATEADDED_UTC,2025-11-02,ynetnews.com,https://www.ynetnews.com/jewish-world/article/r1pnlfekwe,1272021508,UNITED NATIONS 110 PRIME MINISTER,actor1 UNITED NATIONS actor2 PRIME MINISTER event_code 110 event_root_code 11 country IS,110,11,UNITED NATIONS,PRIME MINISTER,IS,-2.0,5,1,5,-3.51219512195122,1272021508,1272021508
2025-11-02 11:45:00+00:00,2025-11-02 11:45:00+00:00,DATEADDED_UTC,2025-11-02,ttnworldwide.com:443,https://www.ttnworldwide.com:443/Article/389652/stronggtITB-Asia-2025-opened-at-Singaporersquos-Sands-E,1272023237,TAMIL NADU 111 SINGAPORE,actor1 TAMIL NADU actor2 SINGAPORE event_code 111 event_root_code 11 country SN,111,11,TAMIL NADU,SINGAPORE,SN,-2.0,8,1,8,6.93069306930693,1272023237,1272023237
2025-11-02 12:15:00+00:00,2025-11-02 12:15:00+00:00,DATEADDED_UTC,2025-11-02,wantedinrome.com,https://www.wantedinrome.com/news/rome-mayor-vows-to-continue-to-fight-mafia-after-online-threat-with-gun.html,1272026481,ROME 138 MAFIA,actor1 ROME actor2 MAFIA event_code 138 event_root_code 13 country IT,138,13,ROME,MAFIA,IT,-7.0,6,1,6,-4.36046511627907,1272026481,1272026481
2025-11-02 14:30:00+00:00,2025-11-02 14:30:00+00:00,DATEADDED_UTC,2025-11-02,news9.com,http://www.news9.com/story/69075f65f2c2cc21d7588b00/oklahoma-city-firefighters-battle-three-alarm-blaze-at-abandoned-motel,1272039261,OKLAHOMA CITY 190,actor1 OKLAHOMA CITY actor2 event_code 190 event_root_code 19 country US,190,19,OKLAHOMA CITY,,US,-10.0,6,1,6,-4.62962962962963,1272039261,1272039261
2025-11-02 15:00:00+00:00,2025-11-02 15:00:00+00:00,DATEADDED_UTC,2025-11-02,cbsnews.com,https://www.cbsnews.com/news/gunmen-kill-mexican-mayor-who-urged-government-tackle-violent-crime-michoacan/,1272042107,AUTHORITIES 190 MEXICO CITY,actor1 AUTHORITIES actor2 MEXICO CITY event_code 190 event_root_code 19 country MX,190,19,AUTHORITIES,MEXICO CITY,MX,-10.0,7,1,7,-9.03614457831325,1272042107,1272042107
2025-11-02 15:45:00+00:00,2025-11-02 15:45:00+00:00,DATEADDED_UTC,2025-11-02,cubaheadlines.com,https://www.cubaheadlines.com/articles/314086,1272046748,UNITED STATES 180,actor1 UNITED STATES actor2 event_code 180 event_root_code 18 country US,180,18,UNITED STATES,,US,-9.0,5,1,5,-10.4,1272046748,1272046748
2025-11-02 16:00:00+00:00,2025-11-02 16:00:00+00:00,DATEADDED_UTC,2025-11-02,mirror.co.uk,https://www.mirror.co.uk/news/politics/grenfell-hillsborough-families-make-powerful-36175862,1272047677,BRITAIN 100 MINIST,actor1 BRITAIN actor2 MINIST event_code 100 event_root_code 10 country KN,100,10,BRITAIN,MINIST,KN,-5.0,6,1,6,-3.83631713554987,1272047677,1272047677
2025-11-02 16:15:00+00:00,2025-11-02 16:15:00+00:00,DATEADDED_UTC,2025-11-02,eng.kavkaz-uzel.eu,https://www.eng.kavkaz-uzel.eu/articles/69397,1272049356,AUTHORITIES 190 MILITARY,actor1 AUTHORITIES actor2 MILITARY event_code 190 event_root_code 19 country UP,190,19,AUTHORITIES,MILITARY,UP,-10.0,8,1,8,-1.69971671388102,1272049356,1272049356
2025-11-02 17:15:00+00:00,2025-11-02 17:15:00+00:00,DATEADDED_UTC,2025-11-02,aninews.in,https://aninews.in/news/national/general-news/uttarakhand-cm-holds-meeting-with-ministers-and-legislators20251102220244/,1272055230,UTTARAKHAND 173 PRESIDENT,actor1 UTTARAKHAND actor2 PRESIDENT event_code 173 event_root_code 17 country IN,173,17,UTTARAKHAND,PRESIDENT,IN,-5.0,8,1,8,6.76470588235294,1272055230,1272055230
2025-11-02 17:45:00+00:00,2025-11-02 17:45:00+00:00,DATEADDED_UTC,2025-11-02,virginislandsnewsonline.com,http://www.virginislandsnewsonline.com/en/news/let-us-keep-jamaica-in-our-thoughts-prayers-office-of-the-premier,1272057674,GOVERNMENT 166 CUBA,actor1 GOVERNMENT actor2 CUBA event_code 166 event_root_code 16 country CU,166,16,GOVERNMENT,CUBA,CU,-7.0,5,1,5,-7.43801652892562,1272057674,1272057674
2025-11-02 18:00:00+00:00,2025-11-02 18:00:00+00:00,DATEADDED_UTC,2025-11-02,newsweek.com,https://www.newsweek.com/fetterman-calls-shutdown-absolute-fail-as-aid-programs-stall-10978319,1272059129,GOVERNMENT 130 AMERICAN,actor1 GOVERNMENT actor2 AMERICAN event_code 130 event_root_code 13 country US,130,13,GOVERNMENT,AMERICAN,US,-4.4,5,1,5,-2.62645914396887,1272059129,1272059129
2025-11-02 18:15:00+00:00,2025-11-02 18:15:00+00:00,DATEADDED_UTC,2025-11-02,breitbart.com,https://www.breitbart.com/law-and-order/2025/11/02/31343173watch-u-s-military-smokes-another-drug-boat-in-the-caribbean/,1272060676,TURK 130 MILITARY,actor1 TURK actor2 MILITARY event_code 130 event_root_code 13 country AU,130,13,TURK,MILITARY,AU,-4.4,6,1,6,-6.58978583196046,1272060676,1272060676
2025-11-02 18:30:00+00:00,2025-11-02 18:30:00+00:00,DATEADDED_UTC,2025-11-02,aninews.in,https://aninews.in/news/national/politics/congress-brs-workers-clash-over-party-office-in-telangana20251102221715/,1272061710,BHARAT 190 CONGRESS,actor1 BHARAT actor2 CONGRESS event_code 190 event_root_code 19 country,190,19,BHARAT,CONGRESS,,-10.0,20,2,20,-3.74331550802139,1272061710,1272061710
2025-11-02 19:30:00+00:00,2025-11-02 19:30:00+00:00,DATEADDED_UTC,2025-11-02,thebftonline.com,https://thebftonline.com/2025/11/02/why-global-law-making-has-stalled-and-what-still-works/,1272066585,RUSSIAN 172 CHINESE,actor1 RUSSIAN actor2 CHINESE event_code 172 event_root_code 17 country CH,172,17,RUSSIAN,CHINESE,CH,-5.0,10,1,10,-1.43312101910828,1272066585,1272066585
2025-11-02 19:30:00+00:00,2025-11-02 19:30:00+00:00,DATEADDED_UTC,2025-11-02,thedailystar.net,https://www.thedailystar.net/news/world/news/trump-threatens-us-military-action-nigeria-over-treatment-christians-4025531,1272066632,THE US 154 AFRICA,actor1 THE US actor2 AFRICA event_code 154 event_root_code 15 country NG,154,15,THE US,AFRICA,NG,-7.2,5,1,5,-4.11522633744856,1272066632,1272066632
2025-11-02 20:00:00+00:00,2025-11-02 20:00:00+00:00,DATEADDED_UTC,2025-11-02,canadiandimension.com,https://canadiandimension.com/articles/view/the-nationalization-threat-that-shook-canadian-oil-interests-in-libya,1272068678,LIBYAN 110 PRISONER,actor1 LIBYAN actor2 PRISONER event_code 110 event_root_code 11 country LY,110,11,LIBYAN,PRISONER,LY,-2.0,6,1,6,-2.66535044422508,1272068678,1272068678
2025-11-02 20:45:00+00:00,2025-11-02 20:45:00+00:00,DATEADDED_UTC,2025-11-02,aina.org,http://www.aina.org/news/20251102150318.htm,1272072023,SYRIA 172 GOVERNMENT,actor1 SYRIA actor2 GOVERNMENT event_code 172 event_root_code 17 country SY,172,17,SYRIA,GOVERNMENT,SY,-5.0,10,1,10,-1.02389078498294,1272072023,1272072023
2025-11-02 21:00:00+00:00,2025-11-02 21:00:00+00:00,DATEADDED_UTC,2025-11-02,simpleflying.com,https://simpleflying.com/americas-5-fastest-fighter-jets-all-time/,1272072532,190 FIGHTER,actor1 actor2 FIGHTER event_code 190 event_root_code 19 country VM,190,19,,FIGHTER,VM,-10.0,10,1,10,-0.35992801439712,1272072532,1272072532
2025-11-02 22:15:00+00:00,2025-11-02 22:15:00+00:00,DATEADDED_UTC,2025-11-02,newindianexpress.com,https://www.newindianexpress.com/nation/2025/Nov/02/indian-armed-forces-mobilise-for-major-tri-service-exercise-trishul-along-west-coast,1272077768,DEFENCE MINIST 130 ISLAMABAD,actor1 DEFENCE MINIST actor2 ISLAMABAD event_code 130 event_root_code 13 country PK,130,13,DEFENCE MINIST,ISLAMABAD,PK,-4.4,5,1,5,0.42674253200569,1272077768,1272077768
2025-11-02 22:30:00+00:00,2025-11-02 22:30:00+00:00,DATEADDED_UTC,2025-11-02,cbs19.tv,https://www.cbs19.tv/article/news/local/credit-union-opens-new-branch-passes-out-turkeys-and-hams/501-a8d2b1d2-ba14-4a2a-b573-b489c4c21415,1272078500,GOVERNMENT 100 AMERICAN,actor1 GOVERNMENT actor2 AMERICAN event_code 100 event_root_code 10 country US,100,10,GOVERNMENT,AMERICAN,US,-5.0,5,1,5,1.37931034482759,1272078500,1272078500
2025-11-02 22:45:00+00:00,2025-11-02 22:45:00+00:00,DATEADDED_UTC,2025-11-02,dailyk2.com,https://www.dailyk2.com/punjab-extends-section-144-enforces-strict-school-timing-rules-amid-smog/,1272079456,ADMINISTRATION 124 ASSEMBLIES,actor1 ADMINISTRATION actor2 ASSEMBLIES event_code 124 event_root_code 12 country,124,12,ADMINISTRATION,ASSEMBLIES,,-4.0,10,1,10,-7.3578595317726,1272079456,1272079456
2025-11-02 23:30:00+00:00,2025-11-02 23:30:00+00:00,DATEADDED_UTC,2025-11-02,expertclick.com,"https://www.expertclick.com/NewsRelease/President-Woodrow-Wilson-chose-to-do-nothing-for-two-years-after-the-sinking-of-Patrick-Asare-,2025313198.aspx",1272082254,EUROPE 120 UNITED STATES,actor1 EUROPE actor2 UNITED STATES event_code 120 event_root_code 12 country US,120,12,EUROPE,UNITED STATES,US,-4.0,6,1,6,-5.93869731800766,1272082254,1272082254
2025-11-03 00:15:00+00:00,2025-11-03 00:15:00+00:00,DATEADDED_UTC,2025-11-03,kten.com,https://www.kten.com/news/pope-denounces-violence-in-sudan-renews-call-for-ceasefire/article_d24f50a6-a501-5656-9f06-819bb55f5848.html,1272085935,THE OPPOSITION 190 SECURITY FORCE,actor1 THE OPPOSITION actor2 SECURITY FORCE event_code 190 event_root_code 19 country TZ,190,19,THE OPPOSITION,SECURITY FORCE,TZ,-10.0,10,1,10,-11.4035087719299,1272085935,1272085935
2025-11-03 00:30:00+00:00,2025-11-03 00:30:00+00:00,DATEADDED_UTC,2025-11-03,wwmt.com,https://wwmt.com/news/state/michigan-lawyer-fbi-halloween-terror-plot-arrest-kash-patel-director-investigation-arrested-game-chat-western-dearborn-state-defense,1272087112,AUTHORITIES 130,actor1 AUTHORITIES actor2 event_code 130 event_root_code 13 country US,130,13,AUTHORITIES,,US,-4.4,10,1,10,-7.00636942675159,1272087112,1272087112
2025-11-03 00:30:00+00:00,2025-11-03 00:30:00+00:00,DATEADDED_UTC,2025-11-03,dailymail.co.uk,https://www.dailymail.co.uk/news/article-15251235/Ex-SNP-health-minister-Jeane-Freeman-blames-partys-failings-state-Scotlands-NHS.html,1272087155,HEALTH MINIST 112 SCOTLAND,actor1 HEALTH MINIST actor2 SCOTLAND event_code 112 event_root_code 11 country UK,112,11,HEALTH MINIST,SCOTLAND,UK,-2.0,8,1,8,0.45523520485584,1272087155,1272087155
2025-11-03 02:00:00+00:00,2025-11-03 02:00:00+00:00,DATEADDED_UTC,2025-10-27,rashtranews.com,https://www.rashtranews.com/business-news-as-many-return-to-the-office-tensions-flare-between-the-vaxxed-and-unvaxxed/,1272094912,JOE BIDEN 100 EMPLOYER,actor1 JOE BIDEN actor2 EMPLOYER event_code 100 event_root_code 10 country US,100,10,JOE BIDEN,EMPLOYER,US,-5.0,5,1,5,-4.36161776367962,1272094912,1272094912
2025-11-03 03:00:00+00:00,2025-11-03 03:00:00+00:00,DATEADDED_UTC,2025-11-03,bordermail.com.au,https://www.bordermail.com.au/story/9102848/milawa-areas-meadow-creek-solar-farm-approved-after-big-protests/,1272099664,MURRAY 120 KING,actor1 MURRAY actor2 KING event_code 120 event_root_code 12 country,120,12,MURRAY,KING,,-4.0,10,1,10,1.19047619047619,1272099664,1272099664
2025-11-03 03:45:00+00:00,2025-11-03 03:45:00+00:00,DATEADDED_UTC,2025-11-03,ijr.com,https://ijr.com/michigan-lawyer-denies-fbi-claim-that-young-clients-planned-halloween-terror-attack/,1272103837,ATTORNEY 124 MEDIA,actor1 ATTORNEY actor2 MEDIA event_code 124 event_root_code 12 country US,124,12,ATTORNEY,MEDIA,US,-4.0,10,1,10,-7.44047619047619,1272103837,1272103837
2025-11-03 04:30:00+00:00,2025-11-03 04:30:00+00:00,DATEADDED_UTC,2025-11-03,ft.lk,https://www.ft.lk/news/President-calls-on-Maha-Sangha-to-back-national-anti-drug-drive/56-783841,1272107099,PRESIDENT 100 SRI LANKA,actor1 PRESIDENT actor2 SRI LANKA event_code 100 event_root_code 10 country CE,100,10,PRESIDENT,SRI LANKA,CE,-5.0,8,1,4,-1.64609053497942,1272107099,1272107099
2025-11-03 04:30:00+00:00,2025-11-03 04:30:00+00:00,DATEADDED_UTC,2025-11-03,home.nzcity.co.nz,"https://home.nzcity.co.nz/news/article.aspx?id=433233&fm=psp,tsf",1272107247,STATE DUMA 130 ARMENIA,actor1 STATE DUMA actor2 ARMENIA event_code 130 event_root_code 13 country US,130,13,STATE DUMA,ARMENIA,US,-4.4,8,1,8,-3.13653136531365,1272107247,1272107247
2025-11-03 05:00:00+00:00,2025-11-03 05:00:00+00:00,DATEADDED_UTC,2025-11-03,mynorthwest.com,https://mynorthwest.com/national/judge-again-bars-trump-administration-from-deploying-troops-to-portland/4150544,1272110037,PORTLAND 154 REBELLION,actor1 PORTLAND actor2 REBELLION event_code 154 event_root_code 15 country US,154,15,PORTLAND,REBELLION,US,-7.2,12,2,12,-5.13374266695036,1272110037,1272110037
2025-11-03 05:30:00+00:00,2025-11-03 05:30:00+00:00,DATEADDED_UTC,2025-11-03,rnz.co.nz,https://www.rnz.co.nz/news/national/577676/cafe-arson-follows-three-other-cases-of-damage-to-local-businesses,1272112106,COMMANDER 180 BUSINESS,actor1 COMMANDER actor2 BUSINESS event_code 180 event_root_code 18 country,180,18,COMMANDER,BUSINESS,,-9.0,10,1,10,-4.6242774566474,1272112106,1272112106
2025-11-03 06:00:00+00:00,2025-11-03 06:00:00+00:00,DATEADDED_UTC,2025-11-03,thenationonlineng.net,https://thenationonlineng.net/nards-strike-alarm-bell/,1272114613,GOVERNMENT 120,actor1 GOVERNMENT actor2 event_code 120 event_root_code 12 country NI,120,12,GOVERNMENT,,NI,-4.0,10,1,10,-4.66417910447762,1272114613,1272114613
2025-11-03 07:30:00+00:00,2025-11-03 07:30:00+00:00,DATEADDED_UTC,2025-11-03,allafrica.com,https://allafrica.com/stories/202511030108.html,1272124241,MAIN OPPOSITION 172,actor1 MAIN OPPOSITION actor2 event_code 172 event_root_code 17 country CM,172,17,MAIN OPPOSITION,,CM,-5.0,6,1,6,-7.55773268019595,1272124241,1272124241
2025-11-03 09:15:00+00:00,2025-11-03 09:15:00+00:00,DATEADDED_UTC,2025-11-03,moneycontrol.com,https://www.moneycontrol.com/world/a-year-on-leader-of-spain-s-valencia-region-resigns-over-deadly-floods-article-13649105.html,1272135919,RESIDENTS 112 GOVERNMENT,actor1 RESIDENTS actor2 GOVERNMENT event_code 112 event_root_code 11 country SP,112,11,RESIDENTS,GOVERNMENT,SP,-2.0,6,1,6,-9.52380952380952,1272135919,1272135919
2025-11-03 11:15:00+00:00,2025-11-03 11:15:00+00:00,DATEADDED_UTC,2025-11-03,tvguide.co.uk,https://www.tvguide.co.uk/schedule/7f54af5d-aaa0-5f36-8d20-ad1a88a1caa5/shed-and-buried,1272152380,ARMY 173,actor1 ARMY actor2 event_code 173 event_root_code 17 country EI,173,17,ARMY,,EI,-5.0,6,1,6,1.53846153846154,1272152380,1272152380
2025-11-03 12:15:00+00:00,2025-11-03 12:15:00+00:00,DATEADDED_UTC,2025-11-03,globalsecurity.org,https://www.globalsecurity.org/wmd/library/news/ukraine/2025/11/ukraine-251101-presstv01.htm,1272162018,RUSSIAN 138 RUSSIA,actor1 RUSSIAN actor2 RUSSIA event_code 138 event_root_code 13 country RS,138,13,RUSSIAN,RUSSIA,RS,-7.0,6,1,6,-5.80474934036939,1272162018,1272162018
2025-11-03 12:15:00+00:00,2025-11-03 12:15:00+00:00,DATEADDED_UTC,2025-11-03,globalsecurity.org,https://www.globalsecurity.org/wmd/library/news/iran/2025/11/iran-251101-presstv02.htm,1272162138,TERRORIST 111,actor1 TERRORIST actor2 event_code 111 event_root_code 11 country IR,111,11,TERRORIST,,IR,-2.0,10,1,10,-3.70370370370371,1272162138,1272162138
2025-11-03 13:00:00+00:00,2025-11-03 13:00:00+00:00,DATEADDED_UTC,2025-11-03,grenadachronicle.com,https://grenadachronicle.com/uk-police-charge-man-with-attempted-murder-over-train-stabbing/,1272168909,UNITED KINGDOM 190 GRENADA,actor1 UNITED KINGDOM actor2 GRENADA event_code 190 event_root_code 19 country GJ,190,19,UNITED KINGDOM,GRENADA,GJ,-10.0,8,1,8,-11.4649681528662,1272168909,1272168909
2025-11-03 13:00:00+00:00,2025-11-03 13:00:00+00:00,DATEADDED_UTC,2025-11-03,bignewsnetwork.com,http://www.bignewsnetwork.com/news/278671746/netanyahu-speaks-out-on-israels-most-serious-pr-attack,1272169088,THE UN 1124 ISRAEL,actor1 THE UN actor2 ISRAEL event_code 1124 event_root_code 11 country IS,1124,11,THE UN,ISRAEL,IS,-2.0,6,1,6,-14.2857142857143,1272169088,1272169088
2025-11-03 13:00:00+00:00,2025-11-03 13:00:00+00:00,DATEADDED_UTC,2025-11-03,globenewswire.com,https://www.globenewswire.com/news-release/2025/11/03/3179138/0/en/Osisko-Development-Strengthens-Technical-Team-With-Appointment-of-Vice-President-Exploration.html,1272169356,MEXICO 190 CHILE,actor1 MEXICO actor2 CHILE event_code 190 event_root_code 19 country CA,190,19,MEXICO,CHILE,CA,-10.0,6,1,6,4.6218487394958,1272169356,1272169356
2025-11-03 13:15:00+00:00,2025-11-03 13:15:00+00:00,DATEADDED_UTC,2025-11-03,thechronicle.com.gh,https://thechronicle.com.gh/government-reaffirms-military-modernisation-troop-welfare/,1272170911,130 ARMED FORCES,actor1 actor2 ARMED FORCES event_code 130 event_root_code 13 country GH,130,13,,ARMED FORCES,GH,-4.4,10,1,10,1.21765601217656,1272170911,1272170911
2025-11-03 13:30:00+00:00,2025-11-03 13:30:00+00:00,DATEADDED_UTC,2025-11-03,spacewar.com,https://www.spacewar.com/afp/251103113642.otrin51a.html,1272175605,AIR FORCE 138 NIGERIA,actor1 AIR FORCE actor2 NIGERIA event_code 138 event_root_code 13 country NI,138,13,AIR FORCE,NIGERIA,NI,-7.0,5,1,5,-6.38977635782747,1272175605,1272175605
2025-11-03 14:45:00+00:00,2025-11-03 14:45:00+00:00,DATEADDED_UTC,2025-11-03,firstpost.com,https://www.firstpost.com/explainers/daylight-saving-time-us-senate-bill-13947473.html,1272186706,SENATOR 120 FLORIDA,actor1 SENATOR actor2 FLORIDA event_code 120 event_root_code 12 country CA,120,12,SENATOR,FLORIDA,CA,-4.0,8,1,8,0.0,1272186706,1272186706
2025-11-03 15:30:00+00:00,2025-11-03 15:30:00+00:00,DATEADDED_UTC,2025-11-03,sfexaminer.com,https://www.sfexaminer.com/news/technology/delaware-ag-defends-okaying-for-profit-openai-reorganization/article_bfa4aa04-d5b7-4721-b8d4-df51b40be5ae.html,1272193664,ADVOCATE 112,actor1 ADVOCATE actor2 event_code 112 event_root_code 11 country US,112,11,ADVOCATE,,US,-2.0,6,1,6,2.16819973718791,1272193664,1272193664
2025-11-03 15:45:00+00:00,2025-11-03 15:45:00+00:00,DATEADDED_UTC,2025-11-03,rte.ie,https://www.rte.ie/news/europe/2025/1103/1541889-budapest-homicide-charge/,1272196067,BUDAPEST 173 IRISH,actor1 BUDAPEST actor2 IRISH event_code 173 event_root_code 17 country HU,173,17,BUDAPEST,IRISH,HU,-5.0,10,1,10,-10.6299212598425,1272196067,1272196067
2025-11-03 15:45:00+00:00,2025-11-03 15:45:00+00:00,DATEADDED_UTC,2025-11-03,bangkokpost.com,https://www.bangkokpost.com/world/3130642/hegseth-vows-stronger-ties-with-a-vietnam-sceptical-of-us-commitment,1272197019,VIETNAM 120 CHINA,actor1 VIETNAM actor2 CHINA event_code 120 event_root_code 12 country CH,120,12,VIETNAM,CHINA,CH,-4.0,8,1,8,-0.28248587570621,1272197019,1272197019
2025-11-03 17:00:00+00:00,2025-11-03 17:00:00+00:00,DATEADDED_UTC,2025-11-03,nbcnews.com,https://www.nbcnews.com/world/africa/sudan-el-fasher-international-criminal-court-rsf-war-crimes-famine-rsf-rcna241559,1272209150,PARAMILITARY FORCE 180 SUDAN,actor1 PARAMILITARY FORCE actor2 SUDAN event_code 180 event_root_code 18 country SU,180,18,PARAMILITARY FORCE,SUDAN,SU,-9.0,6,1,6,-9.56340956340953,1272209150,1272209150
2025-11-03 18:15:00+00:00,2025-11-03 18:15:00+00:00,DATEADDED_UTC,2025-11-03,chicagotribune.com,https://www.chicagotribune.com/2025/11/03/chicago-immigration-enforcement-raids/,1272220871,145 PROTESTER,actor1 actor2 PROTESTER event_code 145 event_root_code 14 country US,145,14,,PROTESTER,US,-7.5,10,1,10,-4.63161826501074,1272220871,1272220871
2025-11-03 18:15:00+00:00,2025-11-03 18:15:00+00:00,DATEADDED_UTC,2025-11-03,jewishworldreview.com,http://jewishworldreview.com/jeff/jacoby110325.php,1272221433,PRESIDENT 112 CANADA,actor1 PRESIDENT actor2 CANADA event_code 112 event_root_code 11 country CA,112,11,PRESIDENT,CANADA,CA,-2.0,5,1,5,-4.52961672473868,1272221433,1272221433
2025-11-03 18:15:00+00:00,2025-11-03 18:15:00+00:00,DATEADDED_UTC,2025-11-03,globalsecurity.org,https://www.globalsecurity.org/military/ops/juniper-shield-2.htm,1272221804,NIGERIAN 130,actor1 NIGERIAN actor2 event_code 130 event_root_code 13 country US,130,13,NIGERIAN,,US,-4.4,6,1,6,-4.48921880523153,1272221804,1272221804
2025-11-03 18:45:00+00:00,2025-11-03 18:45:00+00:00,DATEADDED_UTC,2025-11-03,nevadanewsandviews.com,https://nevadanewsandviews.com/trump-takes-stand-against-democrat-extortion-in-historic-60-minutes-interview/,1272227282,PRESIDENT 190 CRIMINAL,actor1 PRESIDENT actor2 CRIMINAL event_code 190 event_root_code 19 country US,190,19,PRESIDENT,CRIMINAL,US,-10.0,6,1,6,-3.78890392422192,1272227282,1272227282
2025-11-03 19:00:00+00:00,2025-11-03 19:00:00+00:00,DATEADDED_UTC,2025-11-03,jdsupra.com,https://www.jdsupra.com/legalnews/in-a-landmark-decision-eu-court-7439040/,1272229303,THE EUROPEAN UNION 100 EUROPEAN,actor1 THE EUROPEAN UNION actor2 EUROPEAN event_code 100 event_root_code 10 country,100,10,THE EUROPEAN UNION,EUROPEAN,,-5.0,10,1,10,0.44101433296582,1272229303,1272229303
2025-11-03 19:00:00+00:00,2025-11-03 19:00:00+00:00,DATEADDED_UTC,2025-11-03,breitbart.com,https://www.breitbart.com/middle-east/2025/11/03/hamas-returns-bodies-of-three-more-hostages-to-israel/,1272230004,TERRORIST 181 AMERICAN,actor1 TERRORIST actor2 AMERICAN event_code 181 event_root_code 18 country US,181,18,TERRORIST,AMERICAN,US,-9.0,6,1,6,-2.83870967741935,1272230004,1272230004
2025-11-03 19:15:00+00:00,2025-11-03 19:15:00+00:00,DATEADDED_UTC,2025-11-03,timesofindia.indiatimes.com,https://timesofindia.indiatimes.com/city/goa/the-guardian-spirits-of-goa/articleshow/125066454.cms,1272231562,VILLAGE 191 LAWYER,actor1 VILLAGE actor2 LAWYER event_code 191 event_root_code 19 country IN,191,19,VILLAGE,LAWYER,IN,-9.5,5,1,5,1.41732283464567,1272231562,1272231562
2025-11-03 20:15:00+00:00,2025-11-03 20:15:00+00:00,DATEADDED_UTC,2025-11-03,accountingtoday.com,https://www.accountingtoday.com/articles/trump-battles-tiny-toymaker-over-tariffs-in-landmark-supreme-court-case,1272240705,SUPREME COURT 190,actor1 SUPREME COURT actor2 event_code 190 event_root_code 19 country US,190,19,SUPREME COURT,,US,-10.0,6,1,6,-1.53846153846154,1272240705,1272240705
2025-11-03 21:15:00+00:00,2025-11-03 21:15:00+00:00,DATEADDED_UTC,2025-11-03,kpcnews.com,https://www.kpcnews.com/heraldrepublican/article_0a255cad-a1f5-4baa-8340-0e0c26eb6058.html,1272249515,AUSTIN 173 GERMAN,actor1 AUSTIN actor2 GERMAN event_code 173 event_root_code 17 country GM,173,17,AUSTIN,GERMAN,GM,-5.0,5,1,5,-14.3974960876369,1272249515,1272249515
2025-11-03 21:30:00+00:00,2025-11-03 21:30:00+00:00,DATEADDED_UTC,2025-11-03,english.elpais.com,https://english.elpais.com/international/2025-11-03/arrest-in-italy-shines-a-light-on-the-murky-ties-between-the-mafia-neo-fascists-and-the-secret-service-during-the-cold-war.html,1272250962,SICILY 111 ADMINISTRATION,actor1 SICILY actor2 ADMINISTRATION event_code 111 event_root_code 11 country IT,111,11,SICILY,ADMINISTRATION,IT,-2.0,6,1,6,-6.36525877453896,1272250962,1272250962
2025-11-03 22:30:00+00:00,2025-11-03 22:30:00+00:00,DATEADDED_UTC,2025-11-03,drudge.com,https://drudge.com/news/287732/trump-crypto-billionaire-he-pardoned-i,1272258386,PRISON 173 SEATTLE,actor1 PRISON actor2 SEATTLE event_code 173 event_root_code 17 country US,173,17,PRISON,SEATTLE,US,-5.0,6,1,6,-7.43494423791817,1272258386,1272258386
2025-11-03 22:30:00+00:00,2025-11-03 22:30:00+00:00,DATEADDED_UTC,2025-11-03,leadership.ng,https://leadership.ng/assessing-donald-trumps-claim-of-genocide-against-christians-in-nigeria/,1272258859,NIGERIA 1831 SUICIDE BOMBER,actor1 NIGERIA actor2 SUICIDE BOMBER event_code 1831 event_root_code 18 country NI,1831,18,NIGERIA,SUICIDE BOMBER,NI,-10.0,6,1,6,-8.23665893271462,1272258859,1272258859
2025-11-03 22:45:00+00:00,2025-11-03 22:45:00+00:00,DATEADDED_UTC,2025-11-03,westernadvocate.com.au,https://www.westernadvocate.com.au/story/9103768/chaos-erupts-with-mass-arrests-at-weapons-expo-protest/,1272260452,PROTESTER 144,actor1 PROTESTER actor2 event_code 144 event_root_code 14 country AS,144,14,PROTESTER,,AS,-7.5,35,7,35,-8.52508574565305,1272260452,1272260452
2025-11-03 23:00:00+00:00,2025-11-03 23:00:00+00:00,DATEADDED_UTC,2025-11-03,premiumtimesng.com,https://www.premiumtimesng.com/health/health-news/832631-resident-doctors-fault-fgs-welfare-claims-insist-strike-continues.html,1272262114,WORKER 100 MINISTRY,actor1 WORKER actor2 MINISTRY event_code 100 event_root_code 10 country NI,100,10,WORKER,MINISTRY,NI,-5.0,10,1,10,-2.68156424581006,1272262114,1272262114
2025-11-04 01:00:00+00:00,2025-11-04 01:00:00+00:00,DATEADDED_UTC,2025-10-28,yahoo.com,https://www.yahoo.com/news/articles/chicago-alders-seek-emergency-hearing-234918656.html,1272278918,CHICAGO 120 MAYOR,actor1 CHICAGO actor2 MAYOR event_code 120 event_root_code 12 country US,120,12,CHICAGO,MAYOR,US,-4.0,5,1,5,0.63157894736842,1272278918,1272278918
2025-11-04 01:00:00+00:00,2025-11-04 01:00:00+00:00,DATEADDED_UTC,2025-11-04,yahoo.com,https://www.yahoo.com/news/articles/community-groups-georgia-try-keep-235451254.html,1272279261,CANTON 141,actor1 CANTON actor2 event_code 141 event_root_code 14 country US,141,14,CANTON,,US,-6.5,6,1,6,-2.31788079470198,1272279261,1272279261
2025-11-04 01:15:00+00:00,2025-11-04 01:15:00+00:00,DATEADDED_UTC,2025-11-04,abcnews.go.com,https://abcnews.go.com/US/man-charged-allegedly-threatening-kill-president-trump-social/story?id=127150131,1272281914,PRESIDENT 138 MEDIA,actor1 PRESIDENT actor2 MEDIA event_code 138 event_root_code 13 country US,138,13,PRESIDENT,MEDIA,US,-7.0,6,1,6,-12.0141342756184,1272281914,1272281914
2025-11-04 01:15:00+00:00,2025-11-04 01:15:00+00:00,DATEADDED_UTC,2025-11-04,nuclear-news.net,https://nuclear-news.net/2025/11/03/1-b1-dont-fuel-riyadhs-nuclear-weapons-cravings-breaking-defense/,1272282011,IRAN 130 SAUDI ARABIA,actor1 IRAN actor2 SAUDI ARABIA event_code 130 event_root_code 13 country SA,130,13,IRAN,SAUDI ARABIA,SA,-4.4,7,1,7,0.53333333333333,1272282011,1272282011
2025-11-04 01:45:00+00:00,2025-11-04 01:45:00+00:00,DATEADDED_UTC,2025-11-04,mywdia.iheart.com,https://mywdia.iheart.com/content/2025-11-03-trump-administration-will-only-partially-fund-november-snap-benefits/,1272286004,ADMINISTRATION 120,actor1 ADMINISTRATION actor2 event_code 120 event_root_code 12 country US,120,12,ADMINISTRATION,,US,-4.0,6,1,6,-4.54545454545455,1272286004,1272286004
2025-11-04 02:00:00+00:00,2025-11-04 02:00:00+00:00,DATEADDED_UTC,2025-11-04,mediaite.com,https://www.mediaite.com/media/tv/fox-news-host-says-he-doesnt-understand-why-obama-didnt-endorse-black-republican-i-cant-square-this/,1272288588,OBAMA 110 LIEUTENANT,actor1 OBAMA actor2 LIEUTENANT event_code 110 event_root_code 11 country US,110,11,OBAMA,LIEUTENANT,US,-2.0,10,1,10,0.26809651474531,1272288588,1272288588
2025-11-04 02:15:00+00:00,2025-11-04 02:15:00+00:00,DATEADDED_UTC,2025-11-04,ghanamma.com,https://www.ghanamma.com/2025/11/03/galamsey-state-must-show-strength-after-naimos-attack/,1272289946,MINIST FOR LANDS 1014,actor1 MINIST FOR LANDS actor2 event_code 1014 event_root_code 10 country,1014,10,MINIST FOR LANDS,,,-5.0,10,1,10,-5.30973451327434,1272289946,1272289946
2025-11-04 02:30:00+00:00,2025-11-04 02:30:00+00:00,DATEADDED_UTC,2025-11-04,al.com,https://www.al.com/crime/2025/11/arrest-made-in-massive-fire-on-birminghams-southside.html,1272291195,BIRMINGHAM 180,actor1 BIRMINGHAM actor2 event_code 180 event_root_code 18 country,180,18,BIRMINGHAM,,,-9.0,5,1,5,-4.70219435736678,1272291195,1272291195
2025-11-04 02:30:00+00:00,2025-11-04 02:30:00+00:00,DATEADDED_UTC,2025-11-04,yankton.net,https://www.yankton.net/online_features/seasonal/article_78d77086-dfee-52a4-aac9-fedb9f35972a.html,1272291229,AUTHORITIES 114,actor1 AUTHORITIES actor2 event_code 114 event_root_code 11 country US,114,11,AUTHORITIES,,US,-2.0,5,1,5,4.94938132733409,1272291229,1272291229
2025-11-04 03:15:00+00:00,2025-11-04 03:15:00+00:00,DATEADDED_UTC,2025-11-04,hotair.com,https://hotair.com/headlines/2025/11/04/yes-president-trump-can-blow-up-drug-boats-n3808498,1272296788,UNITED STATES 174 ECUADORIAN,actor1 UNITED STATES actor2 ECUADORIAN event_code 174 event_root_code 17 country US,174,17,UNITED STATES,ECUADORIAN,US,-5.0,5,1,5,-6.21301775147929,1272296788,1272296788
2025-11-04 03:30:00+00:00,2025-11-04 03:30:00+00:00,DATEADDED_UTC,2025-11-04,yahoo.com,https://www.yahoo.com/news/articles/trump-ousts-watchdog-us-housing-025944448.html,1272297868,INSPECTOR GENERAL 190 PROSECUTOR,actor1 INSPECTOR GENERAL actor2 PROSECUTOR event_code 190 event_root_code 19 country US,190,19,INSPECTOR GENERAL,PROSECUTOR,US,-10.0,6,1,6,-5.35714285714286,1272297868,1272297868
2025-11-04 03:45:00+00:00,2025-11-04 03:45:00+00:00,DATEADDED_UTC,2025-11-04,thisdaylive.com,https://www.thisdaylive.com/2025/11/04/legal-minds-seek-stronger-rule-of-law-digital-reform-at-psddf-dialogue/,1272299299,LAGOS 173 AMERICAN,actor1 LAGOS actor2 AMERICAN event_code 173 event_root_code 17 country NI,173,17,LAGOS,AMERICAN,NI,-5.0,7,1,7,7.92253521126761,1272299299,1272299299
2025-11-04 04:00:00+00:00,2025-11-04 04:00:00+00:00,DATEADDED_UTC,2025-11-04,yahoo.com,https://www.yahoo.com/news/articles/driver-convicted-murder-drunk-driving-033703595.html,1272301698,NEW YORK CITY 173 JUDGE,actor1 NEW YORK CITY actor2 JUDGE event_code 173 event_root_code 17 country US,173,17,NEW YORK CITY,JUDGE,US,-5.0,8,2,8,-7.97940797940798,1272301698,1272301698
2025-11-04 05:00:00+00:00,2025-11-04 05:00:00+00:00,DATEADDED_UTC,2025-11-04,dailyrecord.co.uk,https://www.dailyrecord.co.uk/news/scottish-news/number-scots-kids-carrying-out-36180920,1272306722,SCOTTISH 111,actor1 SCOTTISH actor2 event_code 111 event_root_code 11 country UK,111,11,SCOTTISH,,UK,-2.0,5,1,5,-8.40080971659919,1272306722,1272306722
2025-11-04 05:15:00+00:00,2025-11-04 05:15:00+00:00,DATEADDED_UTC,2025-11-04,businessday.co.za,https://www.businessday.co.za/opinion/editorials/2025-11-04-editorial-bullying-on-the-world-stage/,1272307973,THE US 131 ARGENTINA,actor1 THE US actor2 ARGENTINA event_code 131 event_root_code 13 country AR,131,13,THE US,ARGENTINA,AR,-5.8,6,1,6,-8.03030303030303,1272307973,1272307973
2025-11-04 05:45:00+00:00,2025-11-04 05:45:00+00:00,DATEADDED_UTC,2025-11-04,eng.kavkaz-uzel.eu,https://www.eng.kavkaz-uzel.eu/articles/69439,1272311058,MILITARY 193,actor1 MILITARY actor2 event_code 193 event_root_code 19 country RS,193,19,MILITARY,,RS,-10.0,10,1,10,-7.69230769230769,1272311058,1272311058
2025-11-04 06:30:00+00:00,2025-11-04 06:30:00+00:00,DATEADDED_UTC,2025-11-04,yahoo.com,https://www.yahoo.com/news/articles/syrias-government-struggles-fight-captagon-054458501.html,1272316152,SYRIA 190 GOVERNMENT,actor1 SYRIA actor2 GOVERNMENT event_code 190 event_root_code 19 country SY,190,19,SYRIA,GOVERNMENT,SY,-10.0,8,1,8,-7.64925373134329,1272316152,1272316152
2025-11-04 07:00:00+00:00,2025-11-04 07:00:00+00:00,DATEADDED_UTC,2025-11-04,naturalnews.com,https://www.naturalnews.com/2025-11-03-raid-worker-killing-unraveling-israel-lebanon-border.html,1272319339,LEBANESE 114 LEBANESE,actor1 LEBANESE actor2 LEBANESE event_code 114 event_root_code 11 country IS,114,11,LEBANESE,LEBANESE,IS,-2.0,7,1,7,-9.99010880316518,1272319339,1272319339
2025-11-04 07:45:00+00:00,2025-11-04 07:45:00+00:00,DATEADDED_UTC,2025-11-04,mangalorean.com,https://www.mangalorean.com/four-kuki-militants-neutralised-in-manipur-security-operation-on/,1272324146,GOVERNMENT 120,actor1 GOVERNMENT actor2 event_code 120 event_root_code 12 country IN,120,12,GOVERNMENT,,IN,-4.0,5,1,5,-2.20994475138122,1272324146,1272324146
2025-11-04 08:15:00+00:00,2025-11-04 08:15:00+00:00,DATEADDED_UTC,2025-11-04,mid-day.com,https://www.mid-day.com/news/world-news/article/typhoon-kalmaegi-moves-across-central-philippines-leaves-1-dead-sets-off-floods-23601595,1272327798,GOVERNOR 166,actor1 GOVERNOR actor2 event_code 166 event_root_code 16 country RP,166,16,GOVERNOR,,RP,-7.0,5,1,5,-8.66873065015483,1272327798,1272327798
2025-11-04 08:30:00+00:00,2025-11-04 08:30:00+00:00,DATEADDED_UTC,2025-11-04,peoplesdailyng.com,https://peoplesdailyng.com/president-donald-trump-of-us-has-said-it-all-a-respond-to-the-cpc-against-nigeria/,1272329821,NIGERIA 130 THE US,actor1 NIGERIA actor2 THE US event_code 130 event_root_code 13 country NI,130,13,NIGERIA,THE US,NI,-4.4,5,1,5,-6.90846286701209,1272329821,1272329821
2025-11-04 09:00:00+00:00,2025-11-04 09:00:00+00:00,DATEADDED_UTC,2025-11-04,namibian.com.na,https://www.namibian.com.na/he-made-his-money-selling-camels-and-gold-now-this-warlord-controls-half-of-sudan/,1272333284,JANJAWEED 190 VILLAGE,actor1 JANJAWEED actor2 VILLAGE event_code 190 event_root_code 19 country WA,190,19,JANJAWEED,VILLAGE,WA,-10.0,10,1,10,-4.2612064194798,1272333284,1272333284
2025-11-04 09:45:00+00:00,2025-11-04 09:45:00+00:00,DATEADDED_UTC,2025-11-04,yahoo.com,https://www.yahoo.com/news/articles/belgian-armed-forces-ordered-shoot-080700246.html,1272338036,BELGIAN 170 MILITARY BASE,actor1 BELGIAN actor2 MILITARY BASE event_code 170 event_root_code 17 country BE,170,17,BELGIAN,MILITARY BASE,BE,-7.0,6,1,6,-1.6304347826087,1272338036,1272338036
2025-11-04 10:00:00+00:00,2025-11-04 10:00:00+00:00,DATEADDED_UTC,2025-11-04,hallmarknews.com,https://hallmarknews.com/disappointment-anger-resilience-in-southern-kaduna-m-belt-over-ex-cds-sack/,1272340720,MILITARY 190 CABINET,actor1 MILITARY actor2 CABINET event_code 190 event_root_code 19 country NI,190,19,MILITARY,CABINET,NI,-10.0,6,1,6,-1.4908256880734,1272340720,1272340720
2025-11-04 10:45:00+00:00,2025-11-04 10:45:00+00:00,DATEADDED_UTC,2025-11-04,aa.com.tr,https://www.aa.com.tr/en/europe/france-condemns-rsf-atrocities-in-sudans-el-fasher-urges-immediate-halt-to-offensive/3734683,1272347464,FRANCE 111 SUDAN,actor1 FRANCE actor2 SUDAN event_code 111 event_root_code 11 country FR,111,11,FRANCE,SUDAN,FR,-2.0,8,1,8,-6.47887323943658,1272347464,1272347464
2025-11-04 10:45:00+00:00,2025-11-04 10:45:00+00:00,DATEADDED_UTC,2025-11-04,dailyrecord.co.uk,https://www.dailyrecord.co.uk/lifestyle/money/new-dwp-update-waspi-women-36186669,1272347620,GOVERNMENT 114,actor1 GOVERNMENT actor2 event_code 114 event_root_code 11 country UK,114,11,GOVERNMENT,,UK,-2.0,8,1,8,-2.91262135922331,1272347620,1272347620
2025-11-04 11:15:00+00:00,2025-11-04 11:15:00+00:00,DATEADDED_UTC,2025-11-04,newsweek.com,https://www.newsweek.com/will-us-invade-nigeria-what-military-intervention-trump-could-look-like-10980057,1272352244,ABUJA 190 EXTREMIST,actor1 ABUJA actor2 EXTREMIST event_code 190 event_root_code 19 country NI,190,19,ABUJA,EXTREMIST,NI,-10.0,10,1,10,-3.04386750223814,1272352244,1272352244
2025-11-04 11:30:00+00:00,2025-11-04 11:30:00+00:00,DATEADDED_UTC,2025-11-04,dw.com,https://www.dw.com/en/nord-stream-sabotage-suspect-on-hunger-strike-in-italy/a-74608488,1272354341,ATTORNEY 1043,actor1 ATTORNEY actor2 event_code 1043 event_root_code 10 country UP,1043,10,ATTORNEY,,UP,-5.0,5,1,5,-8.64864864864867,1272354341,1272354341
2025-11-04 11:30:00+00:00,2025-11-04 11:30:00+00:00,DATEADDED_UTC,2025-11-04,yahoo.com,https://www.yahoo.com/news/articles/sodus-teen-arrives-rgh-gunshot-101753942.html,1272354967,ROCHESTER 190 MALE,actor1 ROCHESTER actor2 MALE event_code 190 event_root_code 19 country,190,19,ROCHESTER,MALE,,-10.0,10,1,10,-5.43478260869565,1272354967,1272354967
2025-11-04 11:45:00+00:00,2025-11-04 11:45:00+00:00,DATEADDED_UTC,2025-11-04,yahoo.com,https://www.yahoo.com/news/articles/ring-alarm-bells-authoritarianism-isn-110000892.html,1272356762,KING 141,actor1 KING actor2 event_code 141 event_root_code 14 country US,141,14,KING,,US,-6.5,5,1,5,-4.21481985044188,1272356762,1272356762
2025-11-04 12:15:00+00:00,2025-11-04 12:15:00+00:00,DATEADDED_UTC,2025-11-04,independent.co.uk,https://www.independent.co.uk/news/world/americas/us-politics/jamie-dimon-zohran-mamdani-new-york-b2858142.html,1272362581,NEW YORK CITY 138 MAYOR,actor1 NEW YORK CITY actor2 MAYOR event_code 138 event_root_code 13 country US,138,13,NEW YORK CITY,MAYOR,US,-7.0,8,1,8,-0.63291139240506,1272362581,1272362581
2025-11-04 12:30:00+00:00,2025-11-04 12:30:00+00:00,DATEADDED_UTC,2025-11-04,yahoo.com,https://www.yahoo.com/news/articles/dick-cheney-powerful-former-us-115807318.html,1272364473,PRESIDENT 166 RICHARD NIXON,actor1 PRESIDENT actor2 RICHARD NIXON event_code 166 event_root_code 16 country IZ,166,16,PRESIDENT,RICHARD NIXON,IZ,-7.0,10,4,10,-2.36298259871524,1272364473,1272364473
2025-11-04 13:15:00+00:00,2025-11-04 13:15:00+00:00,DATEADDED_UTC,2025-11-04,rawstory.com,https://www.rawstory.com/donald-trump-tariff-court/,1272371466,ADMINISTRATION 130 UNITED STATES,actor1 ADMINISTRATION actor2 UNITED STATES event_code 130 event_root_code 13 country US,130,13,ADMINISTRATION,UNITED STATES,US,-4.4,6,1,6,0.19047619047619,1272371466,1272371466
2025-11-04 14:00:00+00:00,2025-11-04 14:00:00+00:00,DATEADDED_UTC,2025-11-04,brava.news,https://www.brava.news/en/fake-news-defamation-and-the-danger-of-unethical-politics-antonio-santos,1272378621,CAPE VERDE 192 MILITIA,actor1 CAPE VERDE actor2 MILITIA event_code 192 event_root_code 19 country CV,192,19,CAPE VERDE,MILITIA,CV,-9.5,10,1,10,-1.36054421768708,1272378621,1272378621
2025-11-04 14:15:00+00:00,2025-11-04 14:15:00+00:00,DATEADDED_UTC,2025-11-04,yahoo.com,https://www.yahoo.com/news/articles/putin-shadow-fleet-under-threat-123305090.html,1272381361,UNITED KINGDOM 160 EUROPE,actor1 UNITED KINGDOM actor2 EUROPE event_code 160 event_root_code 16 country UK,160,16,UNITED KINGDOM,EUROPE,UK,-4.0,5,1,5,-4.72560975609756,1272381361,1272381361
2025-11-04 14:15:00+00:00,2025-11-04 14:15:00+00:00,DATEADDED_UTC,2025-11-04,bostonglobe.com,https://www.bostonglobe.com/2025/11/04/metro/school-to-deportation-pipleine-ice/,1272381625,LAWYER 174,actor1 LAWYER actor2 event_code 174 event_root_code 17 country BR,174,17,LAWYER,,BR,-5.0,10,1,10,-5.2880075542965,1272381625,1272381625
2025-11-04 14:45:00+00:00,2025-11-04 14:45:00+00:00,DATEADDED_UTC,2025-11-04,radiotamazuj.org,https://www.radiotamazuj.org/en/news/article/uns-guterres-sudan-war-spiralling-out-of-control,1272386527,UNITED NATIONS 130 SUDAN,actor1 UNITED NATIONS actor2 SUDAN event_code 130 event_root_code 13 country SU,130,13,UNITED NATIONS,SUDAN,SU,-4.4,10,1,10,-9.76095617529884,1272386527,1272386527
2025-11-04 14:45:00+00:00,2025-11-04 14:45:00+00:00,DATEADDED_UTC,2025-11-04,thestatesman.com,https://www.thestatesman.com/india/campaigning-ends-for-first-phase-of-bihar-assembly-polls-1503507470.html,1272387034,THE OPPOSITION 110,actor1 THE OPPOSITION actor2 event_code 110 event_root_code 11 country IN,110,11,THE OPPOSITION,,IN,-2.0,5,1,5,0.47619047619048,1272387034,1272387034
2025-11-04 15:15:00+00:00,2025-11-04 15:15:00+00:00,DATEADDED_UTC,2025-11-04,arabnews.com,https://www.arabnews.com/node/2621401/art-culture,1272391230,UNITED KINGDOM 173 EGYPT,actor1 UNITED KINGDOM actor2 EGYPT event_code 173 event_root_code 17 country UK,173,17,UNITED KINGDOM,EGYPT,UK,-5.0,5,1,5,-0.37243947858473,1272391230,1272391230
2025-11-04 16:00:00+00:00,2025-11-04 16:00:00+00:00,DATEADDED_UTC,2025-11-04,countercurrents.org,https://countercurrents.org/2025/11/60-law-professionals-from-najar-write-to-tn-authorities-condemn-attack-on-dr-v-suresh-of-pucl-demand-urgent-institutional-action-to-uphold-the-rule-of-law/,1272398472,ADVOCATE 111,actor1 ADVOCATE actor2 event_code 111 event_root_code 11 country IN,111,11,ADVOCATE,,IN,-2.0,5,1,5,-0.488997555012229,1272398472,1272398472
2025-11-04 16:15:00+00:00,2025-11-04 16:15:00+00:00,DATEADDED_UTC,2025-11-04,capitalpress.com,https://capitalpress.com/2025/11/04/supreme-court-swamped-with-briefs-on-tariffs-but-not-from-agriculture/,1272400586,CHINA 138 SUPREME COURT,actor1 CHINA actor2 SUPREME COURT event_code 138 event_root_code 13 country UK,138,13,CHINA,SUPREME COURT,UK,-7.0,10,1,10,-1.90114068441065,1272400586,1272400586
2025-11-04 16:15:00+00:00,2025-11-04 16:15:00+00:00,DATEADDED_UTC,2025-11-04,prokerala.com,https://www.prokerala.com/news/articles/a1693504.html,1272400895,INTERIM GOVERNMENT 100,actor1 INTERIM GOVERNMENT actor2 event_code 100 event_root_code 10 country BG,100,10,INTERIM GOVERNMENT,,BG,-5.0,5,1,5,-2.64817150063052,1272400895,1272400895
2025-11-04 16:45:00+00:00,2025-11-04 16:45:00+00:00,DATEADDED_UTC,2025-11-04,tass.com,https://tass.com/defense/2039081,1272406616,UKRAINIAN 180 REGIMENT,actor1 UKRAINIAN actor2 REGIMENT event_code 180 event_root_code 18 country UP,180,18,UKRAINIAN,REGIMENT,UP,-9.0,5,1,5,-5.64373897707231,1272406616,1272406616
2025-11-04 16:45:00+00:00,2025-11-04 16:45:00+00:00,DATEADDED_UTC,2025-11-04,tass.com,https://tass.com/defense/2039081,1272406625,UKRAINIAN 190,actor1 UKRAINIAN actor2 event_code 190 event_root_code 19 country UP,190,19,UKRAINIAN,,UP,-10.0,6,1,6,-5.64373897707231,1272406625,1272406625
2025-11-04 18:15:00+00:00,2025-11-04 18:15:00+00:00,DATEADDED_UTC,2025-11-04,yahoo.com,https://www.yahoo.com/news/articles/leading-member-banned-kurdish-pkk-171819111.html,1272419853,GERMAN 173 KURDISTAN,actor1 GERMAN actor2 KURDISTAN event_code 173 event_root_code 17 country GM,173,17,GERMAN,KURDISTAN,GM,-5.0,10,1,10,-7.14285714285714,1272419853,1272419853
2025-11-04 18:15:00+00:00,2025-11-04 18:15:00+00:00,DATEADDED_UTC,2025-11-04,newsone.com,https://newsone.com/6585877/protesters-gather-after-ice-detains-family-durango-colorado/,1272420053,GOVERNMENT 173,actor1 GOVERNMENT actor2 event_code 173 event_root_code 17 country US,173,17,GOVERNMENT,,US,-5.0,5,1,5,-7.17449069973428,1272420053,1272420053
2025-11-04 19:00:00+00:00,2025-11-04 19:00:00+00:00,DATEADDED_UTC,2025-11-04,algemeiner.com,https://www.algemeiner.com/2025/11/04/will-israel-return-to-war-in-gaza/,1272427958,ISRAEL 130 HAMAS,actor1 ISRAEL actor2 HAMAS event_code 130 event_root_code 13 country IS,130,13,ISRAEL,HAMAS,IS,-4.4,10,1,10,-6.66178623718887,1272427958,1272427958
2025-11-04 19:30:00+00:00,2025-11-04 19:30:00+00:00,DATEADDED_UTC,2025-11-04,9news.com.au,https://www.9news.com.au/world/today-in-history-november-5-what-happened-on-this-day-saddam-hussein-execution/a8dd744c-2e4c-44e3-b90a-00d25de80ea4,1272431518,LAWYER 190 DICTATOR,actor1 LAWYER actor2 DICTATOR event_code 190 event_root_code 19 country IZ,190,19,LAWYER,DICTATOR,IZ,-10.0,5,1,5,-13.4517766497462,1272431518,1272431518
2025-11-04 19:45:00+00:00,2025-11-04 19:45:00+00:00,DATEADDED_UTC,2025-11-04,postandcourier.com,https://www.postandcourier.com/columbia/news/standyourground-murder-shooting-columbia-store-owner/article_8aac7530-9715-4347-b35b-f65ea4079b83.html,1272433785,PROSECUTOR 193,actor1 PROSECUTOR actor2 event_code 193 event_root_code 19 country US,193,19,PROSECUTOR,,US,-10.0,6,1,6,-6.74646354733406,1272433785,1272433785
2025-11-04 20:30:00+00:00,2025-11-04 20:30:00+00:00,DATEADDED_UTC,2025-11-04,punchng.com,https://punchng.com/pdp-forum-condemns-anyanwus-invasion-of-party-secretariat/,1272440027,POLICEMEN 191 SECRETARIAT,actor1 POLICEMEN actor2 SECRETARIAT event_code 191 event_root_code 19 country NI,191,19,POLICEMEN,SECRETARIAT,NI,-9.5,6,1,6,-0.652173913043479,1272440027,1272440027
2025-11-04 20:30:00+00:00,2025-11-04 20:30:00+00:00,DATEADDED_UTC,2025-11-04,armidaleexpress.com.au,https://www.armidaleexpress.com.au/story/9104684/coalition-voters-flirt-with-anti-woke-one-nation/,1272440479,SENATOR 111 TASMANIA,actor1 SENATOR actor2 TASMANIA event_code 111 event_root_code 11 country AS,111,11,SENATOR,TASMANIA,AS,-2.0,35,7,35,0.990847892085034,1272440479,1272440479
2025-11-04 21:00:00+00:00,2025-11-04 21:00:00+00:00,DATEADDED_UTC,2025-11-04,nj.com,https://www.nj.com/cumberland/2025/11/ex-nj-prison-guard-sentenced-for-attack-on-61-year-old-inmate-injuring-his-eardrum.html,1272444028,JUDGE 173,actor1 JUDGE actor2 event_code 173 event_root_code 17 country US,173,17,JUDGE,,US,-5.0,6,1,6,-13.1578947368421,1272444028,1272444028
2025-11-04 21:15:00+00:00,2025-11-04 21:15:00+00:00,DATEADDED_UTC,2025-11-04,reason.com,https://reason.com/2025/11/04/this-company-makes-65-percent-of-the-wi-fi-routers-in-u-s-homes-the-government-wants-to-ban-them/,1272445717,GOVERNMENT 172 CHINA,actor1 GOVERNMENT actor2 CHINA event_code 172 event_root_code 17 country US,172,17,GOVERNMENT,CHINA,US,-5.0,8,1,8,-4.55840455840456,1272445717,1272445717
2025-11-04 21:30:00+00:00,2025-11-04 21:30:00+00:00,DATEADDED_UTC,2025-11-04,bravotv.com,https://www.bravotv.com/the-daily-dish/below-deck-mediterranean-crew-gets-shocking-tip-after-difficult-charter,1272448060,KING 114,actor1 KING actor2 event_code 114 event_root_code 11 country ES,114,11,KING,,ES,-2.0,5,1,5,-0.58997050147492,1272448060,1272448060
2025-11-04 21:45:00+00:00,2025-11-04 21:45:00+00:00,DATEADDED_UTC,2025-11-04,qatar-tribune.com,https://www.qatar-tribune.com/article/202707/latest-news/world-leaders-endorse-doha-political-declaration-reaffirm-commitment-to-just-and-inclusive-communities,1272449444,GOVERNMENT 190,actor1 GOVERNMENT actor2 event_code 190 event_root_code 19 country QA,190,19,GOVERNMENT,,QA,-10.0,5,1,5,3.86266094420601,1272449444,1272449444
2025-11-04 21:45:00+00:00,2025-11-04 21:45:00+00:00,DATEADDED_UTC,2025-11-04,varsity.co.uk,https://www.varsity.co.uk/music/30592,1272449669,ARMY 130,actor1 ARMY actor2 event_code 130 event_root_code 13 country UK,130,13,ARMY,,UK,-4.4,10,1,10,-2.64705882352941,1272449669,1272449669
2025-11-04 22:30:00+00:00,2025-11-04 22:30:00+00:00,DATEADDED_UTC,2025-11-04,thisismoney.co.uk,https://www.thisismoney.co.uk/money/comment/article-15258117/Britains-bloated-public-sector-real-reason-Reeves-coming-wealth-says-ALEX-BRUMMER.html,1272455126,CHANCELLOR 112 BRITAIN,actor1 CHANCELLOR actor2 BRITAIN event_code 112 event_root_code 11 country UK,112,11,CHANCELLOR,BRITAIN,UK,-2.0,20,2,20,-1.37174211248285,1272455126,1272455126
2025-11-04 23:15:00+00:00,2025-11-04 23:15:00+00:00,DATEADDED_UTC,2025-11-04,wchstv.com,https://wchstv.com/news/local/wva-supreme-court-dismisses-appeal-in-historic-child-abuse-human-trafficking-case,1272460062,SUPREME COURT 110,actor1 SUPREME COURT actor2 event_code 110 event_root_code 11 country US,110,11,SUPREME COURT,,US,-2.0,6,1,4,-9.1816367265469,1272460062,1272460062
2025-11-04 23:15:00+00:00,2025-11-04 23:15:00+00:00,DATEADDED_UTC,2025-11-04,fox6now.com,https://www.fox6now.com/news/snap-benefits-milwaukee-county-funds,1272460073,FEDERAL JUDGE 174 ADMINISTRATION,actor1 FEDERAL JUDGE actor2 ADMINISTRATION event_code 174 event_root_code 17 country US,174,17,FEDERAL JUDGE,ADMINISTRATION,US,-5.0,6,1,6,-2.35109717868338,1272460073,1272460073
2025-11-05 00:15:00+00:00,2025-11-05 00:15:00+00:00,DATEADDED_UTC,2025-11-05,abc10.com,https://www.abc10.com/article/news/local/california/senator-alex-padilla-declines-california-governor-race-2026-to-focus-on-congress/103-a71c77da-d940-46e9-a9f9-a63ac5b3e592,1272467237,SENATOR 120 CALIFORNIA,actor1 SENATOR actor2 CALIFORNIA event_code 120 event_root_code 12 country US,120,12,SENATOR,CALIFORNIA,US,-4.0,12,1,6,-0.98765432098766,1272467237,1272467237
2025-11-05 00:30:00+00:00,2025-11-05 00:30:00+00:00,DATEADDED_UTC,2025-11-05,europesun.com,http://www.europesun.com/news/278674878/kremlin-comments-on-serbias-offer-to-sell-arms-to-eu,1272471251,RUSSIA 112 BRUSSELS,actor1 RUSSIA actor2 BRUSSELS event_code 112 event_root_code 11 country BE,112,11,RUSSIA,BRUSSELS,BE,-2.0,6,1,6,-3.20855614973262,1272471251,1272471251
2025-11-05 01:15:00+00:00,2025-11-05 01:15:00+00:00,DATEADDED_UTC,2025-11-05,tickerreport.com,https://www.tickerreport.com/banking-finance/13228358/champion-homes-nysesky-posts-earnings-results-beats-expectations-by-0-16-eps.html,1272477698,UNITED STATES 111 CANADA,actor1 UNITED STATES actor2 CANADA event_code 111 event_root_code 11 country CA,111,11,UNITED STATES,CANADA,CA,-2.0,5,1,5,5.40166204986149,1272477698,1272477698
2025-11-05 01:30:00+00:00,2025-11-05 01:30:00+00:00,DATEADDED_UTC,2025-11-05,kwqc.com:443,https://www.kwqc.com:443/2025/11/04/bettendorf-man-gets-25-years-after-shooting-officer/,1272478621,JUDGE 190,actor1 JUDGE actor2 event_code 190 event_root_code 19 country US,190,19,JUDGE,,US,-10.0,5,1,5,-13.1914893617022,1272478621,1272478621
2025-11-05 01:45:00+00:00,2025-11-05 01:45:00+00:00,DATEADDED_UTC,2025-11-05,nj1015.com,https://nj1015.com/tacorito-restaurant-vandalism/,1272481032,UNITED STATES 112 MEXICAN,actor1 UNITED STATES actor2 MEXICAN event_code 112 event_root_code 11 country US,112,11,UNITED STATES,MEXICAN,US,-2.0,6,1,6,-3.85321100917431,1272481032,1272481032
2025-11-05 01:45:00+00:00,2025-11-05 01:45:00+00:00,DATEADDED_UTC,2025-11-05,country1029wkik.com,https://country1029wkik.com/local-news/4edf92bef0bcf7c6c6a5beda3f16ef0a,1272481092,UNITED STATES 190,actor1 UNITED STATES actor2 event_code 190 event_root_code 19 country US,190,19,UNITED STATES,,US,-10.0,8,1,8,-1.03092783505154,1272481092,1272481092
2025-11-05 02:15:00+00:00,2025-11-05 02:15:00+00:00,DATEADDED_UTC,2025-11-05,aol.com,https://www.aol.com/news/rape-survivors-blocked-treatment-aid-000100716.html,1272483765,BENIN 190 PROSECUTOR,actor1 BENIN actor2 PROSECUTOR event_code 190 event_root_code 19 country BN,190,19,BENIN,PROSECUTOR,BN,-10.0,5,1,5,-7.37217598097503,1272483765,1272483765
2025-11-05 03:00:00+00:00,2025-11-05 03:00:00+00:00,DATEADDED_UTC,2025-11-05,action.amnesty.org.au,https://action.amnesty.org.au/act-now/myanmar-free-photojournalist-sai-zaw-thaike,1272489384,MYANMAR 1053,actor1 MYANMAR actor2 event_code 1053 event_root_code 10 country AS,1053,10,MYANMAR,,AS,-5.0,10,1,10,-10.6508875739645,1272489384,1272489384
2025-11-05 03:15:00+00:00,2025-11-05 03:15:00+00:00,DATEADDED_UTC,2025-11-05,radiojamaicanewsonline.com,https://radiojamaicanewsonline.com/local/clergyman-concerned-about-psychological-damage-to-hurricane-victims,1272490472,ANGLICAN 130 AUTHORITIES,actor1 ANGLICAN actor2 AUTHORITIES event_code 130 event_root_code 13 country JM,130,13,ANGLICAN,AUTHORITIES,JM,-4.4,10,1,10,-6.16438356164384,1272490472,1272490472
2025-11-05 03:30:00+00:00,2025-11-05 03:30:00+00:00,DATEADDED_UTC,2025-11-05,upnorthlive.com,https://upnorthlive.com/news/nation-world/man-charged-with-murder-in-death-of-missing-16-year-old-girl-from-oklahoma-homicide-investigation-autopsy-acute-methamphetamine-toxicity-hyperthermia,1272493048,AUTHORITIES 173 UNITED STATES,actor1 AUTHORITIES actor2 UNITED STATES event_code 173 event_root_code 17 country US,173,17,AUTHORITIES,UNITED STATES,US,-5.0,12,3,12,-10.7344632768362,1272493048,1272493048
2025-11-05 03:30:00+00:00,2025-11-05 03:30:00+00:00,DATEADDED_UTC,2025-11-05,imemc.org,https://imemc.org/article/colonizers-set-fire-to-farmlands-destroy-olive-trees-in-west-bank/,1272493149,ISRAELI 190 PALESTINIAN,actor1 ISRAELI actor2 PALESTINIAN event_code 190 event_root_code 19 country IS,190,19,ISRAELI,PALESTINIAN,IS,-10.0,6,1,4,-6.57934631010855,1272493149,1272493149
2025-11-05 04:30:00+00:00,2025-11-05 04:30:00+00:00,DATEADDED_UTC,2025-11-05,kgw.com,https://www.kgw.com/article/syndication/associatedpress/trump-administration-announces-16th-deadly-strike-on-an-alleged-drug-boat/616-651ee27f-2e19-4a2b-b2b4-b56bf2af4fce,1272498873,112 DEFENSE SECRETARY,actor1 actor2 DEFENSE SECRETARY event_code 112 event_root_code 11 country,112,11,,DEFENSE SECRETARY,,-2.0,10,1,10,-18.9655172413793,1272498873,1272498873
2025-11-05 05:30:00+00:00,2025-11-05 05:30:00+00:00,DATEADDED_UTC,2025-11-05,kyivpost.com,https://www.kyivpost.com/post/63645,1272504956,EUROPE 130 KYIV,actor1 EUROPE actor2 KYIV event_code 130 event_root_code 13 country UP,130,13,EUROPE,KYIV,UP,-4.4,6,1,6,-1.38169257340242,1272504956,1272504956
2025-11-05 05:45:00+00:00,2025-11-05 05:45:00+00:00,DATEADDED_UTC,2025-11-05,dailypost.vu,https://www.dailypost.vu/opinion/opinion/article_c6131c1d-b37b-51c9-a544-0bfa3068a5a2.html,1272506662,PARLIAMENT 110,actor1 PARLIAMENT actor2 event_code 110 event_root_code 11 country NH,110,11,PARLIAMENT,,NH,-2.0,5,1,5,0.44642857142858,1272506662,1272506662
2025-11-05 05:45:00+00:00,2025-11-05 05:45:00+00:00,DATEADDED_UTC,2025-11-05,orissapost.com,https://www.orissapost.com/gunfight-erupts-between-security-forces-and-terrorists-in-jammus-kishtwar/,1272506717,ARMY 1246 TERRORIST,actor1 ARMY actor2 TERRORIST event_code 1246 event_root_code 12 country SN,1246,12,ARMY,TERRORIST,SN,-4.0,6,1,6,-5.76923076923077,1272506717,1272506717
2025-11-05 06:00:00+00:00,2025-11-05 06:00:00+00:00,DATEADDED_UTC,2025-11-05,travelweekly.com,https://www.travelweekly.com/Blogs/Dispatch/Draw-of-the-Scottish-Highlands,1272508270,BRITISH 172 BRITISH,actor1 BRITISH actor2 BRITISH event_code 172 event_root_code 17 country UK,172,17,BRITISH,BRITISH,UK,-5.0,6,1,6,-1.00200400801603,1272508270,1272508270
2025-11-05 06:45:00+00:00,2025-11-05 06:45:00+00:00,DATEADDED_UTC,2025-11-05,thehindu.com,https://www.thehindu.com/news/national/kerala/suresh-gopi-tells-kerala-govt-not-to-exaggerate-extreme-poverty-eradication-claims-as-ploy-to-mislead-people-for-another-five-years/article70243133.ece,1272513880,MINIST OF STATE 100 KERALA,actor1 MINIST OF STATE actor2 KERALA event_code 100 event_root_code 10 country,100,10,MINIST OF STATE,KERALA,,-5.0,10,1,10,-8.97435897435902,1272513880,1272513880
2025-11-05 06:45:00+00:00,2025-11-05 06:45:00+00:00,DATEADDED_UTC,2025-11-05,winnipegfreepress.com,https://www.winnipegfreepress.com/world/2025/11/05/after-confirming-possible-white-house-run-californias-newsom-scores-a-win-in-fight-for-us-house,1272513917,PRESIDENT 138 UNITED STATES,actor1 PRESIDENT actor2 UNITED STATES event_code 138 event_root_code 13 country US,138,13,PRESIDENT,UNITED STATES,US,-7.0,10,3,10,-0.532288563851924,1272513917,1272513917
2025-11-05 07:30:00+00:00,2025-11-05 07:30:00+00:00,DATEADDED_UTC,2025-11-05,theguardian.com,https://www.theguardian.com/uk-news/2025/nov/05/just-stop-oil-protesters-convicted-after-being-denied-right-to-state-climate-facts,1272519940,PROTESTER 173,actor1 PROTESTER actor2 event_code 173 event_root_code 17 country UK,173,17,PROTESTER,,UK,-5.0,10,1,10,-4.96688741721854,1272519940,1272519940
2025-11-05 08:30:00+00:00,2025-11-05 08:30:00+00:00,DATEADDED_UTC,2025-11-05,firstpost.com,https://www.firstpost.com/explainers/ghazala-hashmi-lt-governor-virginia-indian-origin-muslim-woman-13947999.html,1272527151,PRESIDENT 160 TRAVELLER,actor1 PRESIDENT actor2 TRAVELLER event_code 160 event_root_code 16 country US,160,16,PRESIDENT,TRAVELLER,US,-4.0,6,1,6,-0.44198895027625,1272527151,1272527151
2025-11-05 09:15:00+00:00,2025-11-05 09:15:00+00:00,DATEADDED_UTC,2025-11-05,rightspeak.net,http://www.rightspeak.net/2025/11/144-c-clashes-in-f-line-49-in-pokrovsk.html,1272533547,DEFENSE FORCE 190,actor1 DEFENSE FORCE actor2 event_code 190 event_root_code 19 country UP,190,19,DEFENSE FORCE,,UP,-10.0,6,1,6,-7.27513227513227,1272533547,1272533547
2025-11-05 09:30:00+00:00,2025-11-05 09:30:00+00:00,DATEADDED_UTC,2025-11-05,gazetaexpress.com,https://www.gazetaexpress.com/en/presidentja-afer-shpalljes-se-dates-se-zgjedhjeve-kreret-e-partive-mund-ta-takojne-ose-ti-cojne-komente-deri-neser/,1272535413,RULING PARTY 125 PRIME MINISTER,actor1 RULING PARTY actor2 PRIME MINISTER event_code 125 event_root_code 12 country RB,125,12,RULING PARTY,PRIME MINISTER,RB,-5.0,5,1,5,1.30505709624796,1272535413,1272535413
2025-11-05 09:45:00+00:00,2025-11-05 09:45:00+00:00,DATEADDED_UTC,2025-11-05,marketscreener.com,https://www.marketscreener.com/news/former-iraq-pm-maliki-could-heavily-influence-election-despite-troubled-past-ce7d5cdcdd8af627,1272537649,IRAQI 112 PREMIER,actor1 IRAQI actor2 PREMIER event_code 112 event_root_code 11 country IZ,112,11,IRAQI,PREMIER,IZ,-2.0,10,1,10,-8.79120879120879,1272537649,1272537649
2025-11-05 09:45:00+00:00,2025-11-05 09:45:00+00:00,DATEADDED_UTC,2025-11-05,moneycontrol.com,https://www.moneycontrol.com/world/mikie-sherrill-becomes-new-jersey-s-second-woman-governor-article-13654404.html,1272538270,UNITED STATES 100 LEGISLATOR,actor1 UNITED STATES actor2 LEGISLATOR event_code 100 event_root_code 10 country US,100,10,UNITED STATES,LEGISLATOR,US,-5.0,5,1,5,-0.29069767441861,1272538270,1272538270
2025-11-05 10:45:00+00:00,2025-11-05 10:45:00+00:00,DATEADDED_UTC,2025-11-05,westmeathexaminer.ie,https://www.westmeathexaminer.ie/2025/11/05/castlepollard-lectures-to-recall-political-giants-of-yore-2/,1272546484,ARMY 1721,actor1 ARMY actor2 event_code 1721 event_root_code 17 country EI,1721,17,ARMY,,EI,-5.0,6,1,6,-1.669449081803,1272546484,1272546484
2025-11-05 11:00:00+00:00,2025-11-05 11:00:00+00:00,DATEADDED_UTC,2025-11-05,newstodaynet.com,https://newstodaynet.com/2025/11/05/gunmen-fatally-shoot-cleric-in-pak/,1272548939,GUNMEN 193 CLERIC,actor1 GUNMEN actor2 CLERIC event_code 193 event_root_code 19 country PK,193,19,GUNMEN,CLERIC,PK,-10.0,10,1,10,-5.55555555555556,1272548939,1272548939
2025-11-05 11:30:00+00:00,2025-11-05 11:30:00+00:00,DATEADDED_UTC,2025-11-05,themedialine.org,https://themedialine.org/top-stories/rent-freezes-gaza-politics-and-a-generational-earthquake-what-mamdanis-victory-means-for-new-york/,1272552694,NEIGHBORHOOD 100 ADMINISTRATION,actor1 NEIGHBORHOOD actor2 ADMINISTRATION event_code 100 event_root_code 10 country IS,100,10,NEIGHBORHOOD,ADMINISTRATION,IS,-5.0,6,1,6,-1.05130361648444,1272552694,1272552694
2025-11-05 11:30:00+00:00,2025-11-05 11:30:00+00:00,DATEADDED_UTC,2025-11-05,livemint.com,https://www.livemint.com/technology/tech-news/jensen-huang-shifts-focus-nvidia-joins-india-tech-startup-alliance-as-china-bans-foreign-ai-chips-11762331944811.html,1272553151,NVIDIA 172 CHINA,actor1 NVIDIA actor2 CHINA event_code 172 event_root_code 17 country CH,172,17,NVIDIA,CHINA,CH,-5.0,8,1,8,2.96442687747035,1272553151,1272553151
2025-11-05 12:15:00+00:00,2025-11-05 12:15:00+00:00,DATEADDED_UTC,2025-11-05,thehindu.com,https://www.thehindu.com/news/national/telangana/telangana-government-strongly-opposes-inclusion-in-schedule-x-of-institutions-not-mentioned-in-apra/article70243714.ece,1272560166,GOVERNMENT 112,actor1 GOVERNMENT actor2 event_code 112 event_root_code 11 country IN,112,11,GOVERNMENT,,IN,-2.0,5,1,5,-1.38121546961326,1272560166,1272560166
2025-11-05 13:00:00+00:00,2025-11-05 13:00:00+00:00,DATEADDED_UTC,2025-11-05,republicworld.com,https://www.republicworld.com/defence/india-armenia-defence-deal-4-billion-mous-likely-for-missiles-air-defence-artillery,1272567547,ARMENIA 190 MILITARY,actor1 ARMENIA actor2 MILITARY event_code 190 event_root_code 19 country AM,190,19,ARMENIA,MILITARY,AM,-10.0,10,1,10,2.83975659229209,1272567547,1272567547
2025-11-05 13:15:00+00:00,2025-11-05 13:15:00+00:00,DATEADDED_UTC,2025-11-05,albawaba.com,https://www.albawaba.com/node/itamar-ben-gvirs-diary-and-agenda-1616114,1272571661,ISRAELI 128 MINIST,actor1 ISRAELI actor2 MINIST event_code 128 event_root_code 12 country IS,128,12,ISRAELI,MINIST,IS,-5.0,10,1,10,-2.66666666666666,1272571661,1272571661
2025-11-05 13:30:00+00:00,2025-11-05 13:30:00+00:00,DATEADDED_UTC,2025-11-05,propakistani.pk,https://propakistani.pk/2025/11/05/sindh-bans-tire-burning-to-stop-air-pollution/,1272572894,GOVERNMENT 172,actor1 GOVERNMENT actor2 event_code 172 event_root_code 17 country PK,172,17,GOVERNMENT,,PK,-5.0,10,1,10,-7.72946859903383,1272572894,1272572894
2025-11-05 14:00:00+00:00,2025-11-05 14:00:00+00:00,DATEADDED_UTC,2025-11-05,parentherald.com,https://www.parentherald.com/articles/236662/20251105/couples-children-file-lawsuit-against-tesla-after-parents-die-fiery-crash-over-fauly-door-handles.htm,1272577436,ADMINISTRATION 120,actor1 ADMINISTRATION actor2 event_code 120 event_root_code 12 country US,120,12,ADMINISTRATION,,US,-4.0,10,1,10,-8.68596881959911,1272577436,1272577436
2025-11-05 14:00:00+00:00,2025-11-05 14:00:00+00:00,DATEADDED_UTC,2025-11-05,news.webindia123.com,https://news.webindia123.com/news/Articles/India/20251105/4380333.html,1272577850,THE OPPOSITION 141,actor1 THE OPPOSITION actor2 event_code 141 event_root_code 14 country IN,141,14,THE OPPOSITION,,IN,-6.5,10,1,10,-1.98170731707317,1272577850,1272577850
2025-11-05 14:15:00+00:00,2025-11-05 14:15:00+00:00,DATEADDED_UTC,2025-11-05,abc.net.au,https://www.abc.net.au/news/2025-11-05/japan-bears/105976502,1272580142,GOVERNMENT 193 HUNTER,actor1 GOVERNMENT actor2 HUNTER event_code 193 event_root_code 19 country JA,193,19,GOVERNMENT,HUNTER,JA,-10.0,10,1,10,-3.59375,1272580142,1272580142
2025-11-05 14:15:00+00:00,2025-11-05 14:15:00+00:00,DATEADDED_UTC,2025-11-05,forbes.com,https://www.forbes.com/sites/joemicallef/2025/11/05/high-definition-tequila-1800-blanco-and-reposado-join-the-high-proof-wave/,1272580460,MEXICO 111 AMERICAN,actor1 MEXICO actor2 AMERICAN event_code 111 event_root_code 11 country US,111,11,MEXICO,AMERICAN,US,-2.0,6,1,6,3.29588014981274,1272580460,1272580460
2025-11-05 14:45:00+00:00,2025-11-05 14:45:00+00:00,DATEADDED_UTC,2025-11-05,guampdn.com,https://www.guampdn.com/opinion/letter-addressing-waste-inefficiency-in-govguam/article_5f99fca2-c974-4958-9dcc-a6a063f89c34.html,1272584904,BANK 190 GUAM,actor1 BANK actor2 GUAM event_code 190 event_root_code 19 country GQ,190,19,BANK,GUAM,GQ,-10.0,10,1,10,-3.19792566983578,1272584904,1272584904
2025-11-05 14:45:00+00:00,2025-11-05 14:45:00+00:00,DATEADDED_UTC,2025-11-05,thehindu.com,https://www.thehindu.com/news/cities/puducherry/government-college-professors-hold-serial-protest-against-career-stagnation-in-puducherry/article70244388.ece,1272585119,PROFESSOR 142 GOVERNMENT,actor1 PROFESSOR actor2 GOVERNMENT event_code 142 event_root_code 14 country,142,14,PROFESSOR,GOVERNMENT,,-6.5,10,1,10,-4.421768707483,1272585119,1272585119
2025-11-05 15:15:00+00:00,2025-11-05 15:15:00+00:00,DATEADDED_UTC,2025-11-05,siasat.com,https://www.siasat.com/students-islamic-organisation-condemns-telangana-cms-remarks-3292342/,1272589887,STUDENT 111 CHIEF MINISTER,actor1 STUDENT actor2 CHIEF MINISTER event_code 111 event_root_code 11 country IN,111,11,STUDENT,CHIEF MINISTER,IN,-2.0,10,1,10,-0.491400491400491,1272589887,1272589887
2025-11-05 15:45:00+00:00,2025-11-05 15:45:00+00:00,DATEADDED_UTC,2025-11-05,archinect.com,https://archinect.com/jobs/entry/150508970/sales-project-coordinator-los-angeles,1272594384,INDUSTRY 111 AMBASSADOR,actor1 INDUSTRY actor2 AMBASSADOR event_code 111 event_root_code 11 country IT,111,11,INDUSTRY,AMBASSADOR,IT,-2.0,10,1,10,4.84261501210654,1272594384,1272594384
2025-11-05 15:45:00+00:00,2025-11-05 15:45:00+00:00,DATEADDED_UTC,2025-11-05,bianet.org,https://bianet.org/haber/turkey-may-finally-release-kurdish-leader-demirtas-after-years-in-prison-313225,1272594732,AUTHORITIES 112,actor1 AUTHORITIES actor2 event_code 112 event_root_code 11 country SY,112,11,AUTHORITIES,,SY,-2.0,10,1,10,-0.91743119266055,1272594732,1272594732
2025-11-05 15:45:00+00:00,2025-11-05 15:45:00+00:00,DATEADDED_UTC,2025-11-05,sofrep.com,https://sofrep.com/news/the-bolduc-brief-militarization-of-justice-the-perils-of-organizing-500-troop-quick-reaction-forces-in-america/,1272595079,MILITARY 130 UNITED STATES,actor1 MILITARY actor2 UNITED STATES event_code 130 event_root_code 13 country US,130,13,MILITARY,UNITED STATES,US,-4.4,10,1,10,-6.70926517571885,1272595079,1272595079
2025-11-05 16:15:00+00:00,2025-11-05 16:15:00+00:00,DATEADDED_UTC,2025-11-05,news9.com,https://www.news9.com/oklahoma-city-news/hunger-free-oklahoma-advocates-for-additional-food-aid-as-shutdown-persists,1272601910,LAWMAKER 112,actor1 LAWMAKER actor2 event_code 112 event_root_code 11 country US,112,11,LAWMAKER,,US,-2.0,6,1,6,-0.66079295154185,1272601910,1272601910
2025-11-05 17:00:00+00:00,2025-11-05 17:00:00+00:00,DATEADDED_UTC,2025-11-05,patriotpost.us,https://patriotpost.us/opinion/122429-the-dishonorable-conduct-award-judges-who-threw-out-the-statute-with-the-bathwater-2025-11-05,1272609067,VENEZUELAN 110 PRESIDENT,actor1 VENEZUELAN actor2 PRESIDENT event_code 110 event_root_code 11 country US,110,11,VENEZUELAN,PRESIDENT,US,-2.0,6,1,6,-2.8604118993135,1272609067,1272609067
2025-11-05 17:45:00+00:00,2025-11-05 17:45:00+00:00,DATEADDED_UTC,2025-11-05,cecildaily.com,https://www.cecildaily.com/opinion/columns/retired-general-condemns-natos-nuclear-exercise/article_ee34c5a7-e970-4dc0-8731-2e40db669e44.html,1272616506,THE NETHERLAND 190 BELGIUM,actor1 THE NETHERLAND actor2 BELGIUM event_code 190 event_root_code 19 country NL,190,19,THE NETHERLAND,BELGIUM,NL,-10.0,8,1,8,-6.67655786350148,1272616506,1272616506
2025-11-05 18:00:00+00:00,2025-11-05 18:00:00+00:00,DATEADDED_UTC,2025-11-05,scandasia.com,https://scandasia.com/norway-reviews-cybersecurity-after-hidden-remote-access-feature-found-in-chinese-buses/,1272619212,AUTHORITIES 172,actor1 AUTHORITIES actor2 event_code 172 event_root_code 17 country CH,172,17,AUTHORITIES,,CH,-5.0,10,1,10,-3.07692307692308,1272619212,1272619212
2025-11-05 19:45:00+00:00,2025-11-05 19:45:00+00:00,DATEADDED_UTC,2025-11-05,sevendaysvt.com,https://www.sevendaysvt.com/arts-culture/books-arts-culture/page-32-short-takes-on-five-vermont-books/,1272634085,AUTHORITIES 173,actor1 AUTHORITIES actor2 event_code 173 event_root_code 17 country US,173,17,AUTHORITIES,,US,-5.0,6,1,6,-1.58730158730159,1272634085,1272634085
2025-11-05 20:45:00+00:00,2025-11-05 20:45:00+00:00,DATEADDED_UTC,2025-11-05,dailypost.ng,https://dailypost.ng/2025/11/05/federal-high-court-bars-police-from-arresting-sowore/,1272642391,LAGOS 100 LAGOS,actor1 LAGOS actor2 LAGOS event_code 100 event_root_code 10 country NI,100,10,LAGOS,LAGOS,NI,-5.0,8,1,8,-4.06698564593302,1272642391,1272642391
2025-11-05 21:45:00+00:00,2025-11-05 21:45:00+00:00,DATEADDED_UTC,2025-11-05,latintimes.com,https://www.latintimes.com/diplomatic-tensions-escalate-peru-cuts-ties-mexico-over-asylum-offer-ousted-prime-minister-591263,1272651110,PERUVIAN 112 REBELLION,actor1 PERUVIAN actor2 REBELLION event_code 112 event_root_code 11 country PE,112,11,PERUVIAN,REBELLION,PE,-2.0,6,1,6,-6.99300699300699,1272651110,1272651110
2025-11-05 22:00:00+00:00,2025-11-05 22:00:00+00:00,DATEADDED_UTC,2025-11-05,miragenews.com,https://www.miragenews.com/navy-marine-corps-mark-250th-anniversary-on-1564742/,1272652178,CARRIER 138,actor1 CARRIER actor2 event_code 138 event_root_code 13 country US,138,13,CARRIER,,US,-7.0,5,1,5,3.51105331599479,1272652178,1272652178
2025-11-05 23:00:00+00:00,2025-11-05 23:00:00+00:00,DATEADDED_UTC,2025-11-05,russiaherald.com,http://www.russiaherald.com/news/278676948/ukraine-slaughters-civilians-then-blames-russia-again,1272659957,UKRAINE 112 RUSSIA,actor1 UKRAINE actor2 RUSSIA event_code 112 event_root_code 11 country RS,112,11,UKRAINE,RUSSIA,RS,-2.0,5,1,5,-8.18414322250639,1272659957,1272659957
2025-11-05 23:30:00+00:00,2025-11-05 23:30:00+00:00,DATEADDED_UTC,2025-10-29,cbc.ca,https://www.cbc.ca/news/world/mexico-sheinbaum-charges-violence-9.6968085,1272662069,MEXICO 186 MAYOR,actor1 MEXICO actor2 MAYOR event_code 186 event_root_code 18 country MX,186,18,MEXICO,MAYOR,MX,-10.0,10,1,10,-5.77889447236181,1272662069,1272662069
2025-11-05 23:30:00+00:00,2025-11-05 23:30:00+00:00,DATEADDED_UTC,2025-11-05,chicagotribune.com,https://www.chicagotribune.com/2025/11/05/broadview-restraining-order-ruling/,1272662837,DEMONSTRATOR 175,actor1 DEMONSTRATOR actor2 event_code 175 event_root_code 17 country US,175,17,DEMONSTRATOR,,US,-9.0,5,1,5,-9.1089108910891,1272662837,1272662837
2025-11-06 00:00:00+00:00,2025-11-06 00:00:00+00:00,DATEADDED_UTC,2025-11-06,hls.harvard.edu,https://hls.harvard.edu/today/restoring-military-honor-to-those-who-served/,1272666185,NAVY 180,actor1 NAVY actor2 event_code 180 event_root_code 18 country AF,180,18,NAVY,,AF,-9.0,6,1,6,0.31746031746032,1272666185,1272666185
2025-11-06 00:15:00+00:00,2025-11-06 00:15:00+00:00,DATEADDED_UTC,2025-11-06,tribune.com.pk,https://tribune.com.pk/story/2576043/lyari-university-appoints-professors-for-the-first-time-in-14-years,1272668506,PROFESSOR 125 DEPARTMENT OF COMMERCE,actor1 PROFESSOR actor2 DEPARTMENT OF COMMERCE event_code 125 event_root_code 12 country PK,125,12,PROFESSOR,DEPARTMENT OF COMMERCE,PK,-5.0,6,1,6,0.462962962962963,1272668506,1272668506
2025-11-06 00:30:00+00:00,2025-11-06 00:30:00+00:00,DATEADDED_UTC,2025-11-06,sookenewsmirror.com,https://sookenewsmirror.com/2025/11/05/trial-continues-for-former-tsilhqotin-chief-charged-with-historic-sexual-abuse/,1272670055,180 SUPREME COURT,actor1 actor2 SUPREME COURT event_code 180 event_root_code 18 country,180,18,,SUPREME COURT,,-9.0,10,1,10,-7.72357723577236,1272670055,1272670055
2025-11-06 01:00:00+00:00,2025-11-06 01:00:00+00:00,DATEADDED_UTC,2025-11-06,yahoo.com,https://www.yahoo.com/news/articles/kansas-republicans-drop-push-enter-003819322.html,1272677700,KANSAS 120 CHAMBER,actor1 KANSAS actor2 CHAMBER event_code 120 event_root_code 12 country US,120,12,KANSAS,CHAMBER,US,-4.0,10,1,10,-2.04918032786885,1272677700,1272677700
2025-11-06 01:15:00+00:00,2025-11-06 01:15:00+00:00,DATEADDED_UTC,2025-11-06,rte.ie,https://www.rte.ie/news/us/2025/1105/1542436-us-shutdown/,1272679260,ADMINISTRATION 130 THE US,actor1 ADMINISTRATION actor2 THE US event_code 130 event_root_code 13 country US,130,13,ADMINISTRATION,THE US,US,-4.4,5,1,5,-5.12820512820513,1272679260,1272679260
2025-11-06 01:30:00+00:00,2025-11-06 01:30:00+00:00,DATEADDED_UTC,2025-11-06,bnonews.com,https://bnonews.com/index.php/2025/11/driver-arrested-after-deliberately-ramming-pedestrians-and-cyclists-on-french-island/,1272680680,173 AUTHORITIES,actor1 actor2 AUTHORITIES event_code 173 event_root_code 17 country FR,173,17,,AUTHORITIES,FR,-5.0,6,1,6,-9.39597315436241,1272680680,1272680680
2025-11-06 01:30:00+00:00,2025-11-06 01:30:00+00:00,DATEADDED_UTC,2025-11-06,dailycaller.com,https://dailycaller.com/heres-what-mayor-mamdani-can-and-cant-accomplish-on-day-one/,1272681150,MAYOR 131 LANDLORD,actor1 MAYOR actor2 LANDLORD event_code 131 event_root_code 13 country US,131,13,MAYOR,LANDLORD,US,-5.8,6,1,6,-1.46460537021969,1272681150,1272681150
2025-11-06 02:00:00+00:00,2025-11-06 02:00:00+00:00,DATEADDED_UTC,2025-11-06,thisdaylive.com,https://www.thisdaylive.com/2025/11/06/coup-rumours-and-trump-threat/,1272685118,PRESIDENT 138 CHRISTIAN,actor1 PRESIDENT actor2 CHRISTIAN event_code 138 event_root_code 13 country NI,138,13,PRESIDENT,CHRISTIAN,NI,-7.0,6,1,6,-3.21229050279329,1272685118,1272685118
2025-11-06 02:30:00+00:00,2025-11-06 02:30:00+00:00,DATEADDED_UTC,2025-11-06,bignewsnetwork.com,http://www.bignewsnetwork.com/news/278677111/ecuador-president-declares-new-state-of-emergency-in-7-regions,1272688886,ECUADOR 1724,actor1 ECUADOR actor2 event_code 1724 event_root_code 17 country EC,1724,17,ECUADOR,,EC,-5.0,6,1,6,-4.54545454545454,1272688886,1272688886
2025-11-06 03:15:00+00:00,2025-11-06 03:15:00+00:00,DATEADDED_UTC,2025-11-06,en.tempo.co,https://en.tempo.co/read/2063387/civil-society-rallies-in-support-of-tempo-as-minister-amran-sues-the-media-company,1272693306,SULAWESI 141 AGRICULTURE MINIST,actor1 SULAWESI actor2 AGRICULTURE MINIST event_code 141 event_root_code 14 country ID,141,14,SULAWESI,AGRICULTURE MINIST,ID,-6.5,10,1,10,-0.14245014245015,1272693306,1272693306
2025-11-06 03:15:00+00:00,2025-11-06 03:15:00+00:00,DATEADDED_UTC,2025-11-06,thejakartapost.com,https://www.thejakartapost.com/opinion/2025/11/06/myanmars-border-raid-and-the-scam-war.html,1272693432,MYANMAR 180 RESISTANCE GROUP,actor1 MYANMAR actor2 RESISTANCE GROUP event_code 180 event_root_code 18 country ID,180,18,MYANMAR,RESISTANCE GROUP,ID,-9.0,10,1,10,-4.43786982248521,1272693432,1272693432
2025-11-06 05:30:00+00:00,2025-11-06 05:30:00+00:00,DATEADDED_UTC,2025-11-06,cbsnews.com,https://www.cbsnews.com/newyork/news/bronx-car-fire-explosion-firefighters-injured/,1272706162,NEW YORK 110 FIREFIGHTER,actor1 NEW YORK actor2 FIREFIGHTER event_code 110 event_root_code 11 country US,110,11,NEW YORK,FIREFIGHTER,US,-2.0,12,4,12,-4.08948988322092,1272706162,1272706162
2025-11-06 06:30:00+00:00,2025-11-06 06:30:00+00:00,DATEADDED_UTC,2025-11-06,hindustantimes.com,https://www.hindustantimes.com/world-news/canada-prospect-of-snap-election-recedes-as-oppn-lawmaker-defects-to-ruling-liberal-party-101762407676339.html,1272711756,CANADA 120 LAWMAKER,actor1 CANADA actor2 LAWMAKER event_code 120 event_root_code 12 country CA,120,12,CANADA,LAWMAKER,CA,-4.0,10,1,10,-1.48883374689826,1272711756,1272711756
2025-11-06 06:30:00+00:00,2025-11-06 06:30:00+00:00,DATEADDED_UTC,2025-11-06,premiumtimesng.com,https://www.premiumtimesng.com/news/top-news/833167-n8bn-fraud-court-sentences-banker-to-one-years-imprisonment.html,1272712150,JUDGE 173 PRISON,actor1 JUDGE actor2 PRISON event_code 173 event_root_code 17 country NI,173,17,JUDGE,PRISON,NI,-5.0,5,1,5,-11.8951612903226,1272712150,1272712150
2025-11-06 06:45:00+00:00,2025-11-06 06:45:00+00:00,DATEADDED_UTC,2025-11-06,malaysiakini.com,https://www.malaysiakini.com/news/760026,1272714066,HUMAN RIGHTS GROUP 111 GOVERNMENT,actor1 HUMAN RIGHTS GROUP actor2 GOVERNMENT event_code 111 event_root_code 11 country MY,111,11,HUMAN RIGHTS GROUP,GOVERNMENT,MY,-2.0,10,1,10,3.29670329670331,1272714066,1272714066
2025-11-06 07:00:00+00:00,2025-11-06 07:00:00+00:00,DATEADDED_UTC,2025-11-06,citizen.co.za,https://www.citizen.co.za/news/legal-battle-between-makate-and-vodacom-finally-ends/,1272715025,190 CONSTITUTIONAL COURT,actor1 actor2 CONSTITUTIONAL COURT event_code 190 event_root_code 19 country SF,190,19,,CONSTITUTIONAL COURT,SF,-10.0,5,1,5,0.26455026455026,1272715025,1272715025
2025-11-06 07:15:00+00:00,2025-11-06 07:15:00+00:00,DATEADDED_UTC,2025-11-06,livelaw.in,https://www.livelaw.in/top-stories/supreme-court-to-examine-if-nclat-can-refer-matter-to-third-member-split-verdicts-308963,1272716940,COMPANY 110 SUPREME COURT,actor1 COMPANY actor2 SUPREME COURT event_code 110 event_root_code 11 country IN,110,11,COMPANY,SUPREME COURT,IN,-2.0,5,1,5,-2.21606648199446,1272716940,1272716940
2025-11-06 07:30:00+00:00,2025-11-06 07:30:00+00:00,DATEADDED_UTC,2025-11-06,moneycontrol.com,https://www.moneycontrol.com/news/india/shashi-tharoor-calls-out-pakistan-s-double-game-with-us-and-china-predicts-how-it-will-end-for-islamabad-13656182.html,1272719053,CONGRESS 130 PAKISTAN,actor1 CONGRESS actor2 PAKISTAN event_code 130 event_root_code 13 country PK,130,13,CONGRESS,PAKISTAN,PK,-4.4,6,1,6,-1.19760479041916,1272719053,1272719053
2025-11-06 07:45:00+00:00,2025-11-06 07:45:00+00:00,DATEADDED_UTC,2025-11-06,dailytrust.com,https://dailytrust.com/ndume-kakistocrats-running-nigeria/,1272720964,SENATOR 112 GOVERNMENT,actor1 SENATOR actor2 GOVERNMENT event_code 112 event_root_code 11 country NI,112,11,SENATOR,GOVERNMENT,NI,-2.0,5,1,5,-2.94117647058824,1272720964,1272720964
2025-11-06 08:15:00+00:00,2025-11-06 08:15:00+00:00,DATEADDED_UTC,2025-11-06,boredpanda.com,https://www.boredpanda.com/nina-smiling-rescue-dog-nodsfornina/?cexp_id=139310&cexp_var=6&_f=homepage_featured,1272725226,POLISH 173 PUERTO RICO,actor1 POLISH actor2 PUERTO RICO event_code 173 event_root_code 17 country RQ,173,17,POLISH,PUERTO RICO,RQ,-5.0,20,1,10,4.06911928651059,1272725226,1272725226
2025-11-06 08:30:00+00:00,2025-11-06 08:30:00+00:00,DATEADDED_UTC,2025-11-06,bangkokpost.com,https://www.bangkokpost.com/world/3132045/mexican-president-files-complaint-against-groper,1272727117,BANGKOK 114 MEXICAN,actor1 BANGKOK actor2 MEXICAN event_code 114 event_root_code 11 country MX,114,11,BANGKOK,MEXICAN,MX,-2.0,10,1,10,-6.6334991708126,1272727117,1272727117
2025-11-06 09:30:00+00:00,2025-11-06 09:30:00+00:00,DATEADDED_UTC,2025-11-06,bignewsnetwork.com,http://www.bignewsnetwork.com/news/278677757/the-crescent-and-star-divide-ankara-golden-child-just-ran-away-from-home,1272733810,AZERBAIJAN 110 UZBEKISTAN,actor1 AZERBAIJAN actor2 UZBEKISTAN event_code 110 event_root_code 11 country UZ,110,11,AZERBAIJAN,UZBEKISTAN,UZ,-2.0,8,1,8,-0.47687172150691,1272733810,1272733810
2025-11-06 09:30:00+00:00,2025-11-06 09:30:00+00:00,DATEADDED_UTC,2025-11-06,indiatoday.in,https://www.indiatoday.in/world/story/pok-pakistan-occupied-kashmir-genz-student-protests-violence-shehbaz-sharif-government-2814577-2025-11-06,1272734326,ADMINISTRATION 172 UNIVERSITY,actor1 ADMINISTRATION actor2 UNIVERSITY event_code 172 event_root_code 17 country PK,172,17,ADMINISTRATION,UNIVERSITY,PK,-5.0,5,1,5,-7.94451450189155,1272734326,1272734326
2025-11-06 10:00:00+00:00,2025-11-06 10:00:00+00:00,DATEADDED_UTC,2025-11-06,thenational.com.pg,https://www.thenational.com.pg/negligence-and-ignorance/,1272738943,GOVERNMENT 190 CITIZEN,actor1 GOVERNMENT actor2 CITIZEN event_code 190 event_root_code 19 country US,190,19,GOVERNMENT,CITIZEN,US,-10.0,10,1,10,-5.28846153846154,1272738943,1272738943
2025-11-06 11:00:00+00:00,2025-11-06 11:00:00+00:00,DATEADDED_UTC,2025-11-06,prokerala.com,https://www.prokerala.com/news/articles/a1694036.html,1272747882,ECUADOR 193 COURT JUDGE,actor1 ECUADOR actor2 COURT JUDGE event_code 193 event_root_code 19 country EC,193,19,ECUADOR,COURT JUDGE,EC,-10.0,8,1,8,-6.30630630630631,1272747882,1272747882
2025-11-06 11:00:00+00:00,2025-11-06 11:00:00+00:00,DATEADDED_UTC,2025-11-06,tass.com,https://tass.com/politics/2039931,1272748561,VOLGOGRAD 1712 GOVERNOR,actor1 VOLGOGRAD actor2 GOVERNOR event_code 1712 event_root_code 17 country RS,1712,17,VOLGOGRAD,GOVERNOR,RS,-9.2,6,1,6,-8.0,1272748561,1272748561
2025-11-06 11:15:00+00:00,2025-11-06 11:15:00+00:00,DATEADDED_UTC,2025-11-06,chelmsfordweeklynews.co.uk,https://www.chelmsfordweeklynews.co.uk/news/25600770.prison-mistaken-releases-regular-occurrence-crisis/,1272750170,PRIME MINISTER 1243 ASYLUM SEEKER,actor1 PRIME MINISTER actor2 ASYLUM SEEKER event_code 1243 event_root_code 12 country UK,1243,12,PRIME MINISTER,ASYLUM SEEKER,UK,-4.0,6,1,6,-9.16844349680175,1272750170,1272750170
2025-11-06 12:00:00+00:00,2025-11-06 12:00:00+00:00,DATEADDED_UTC,2025-11-06,theguardian.com,https://www.theguardian.com/world/2025/nov/06/malaysian-rapper-namewee-arrested-over-alleged-of-taiwanese-influencer-hsieh-yu-hsin,1272758047,MALAYSIAN 190 TAIWANESE,actor1 MALAYSIAN actor2 TAIWANESE event_code 190 event_root_code 19 country TW,190,19,MALAYSIAN,TAIWANESE,TW,-10.0,8,1,8,-6.18955512572534,1272758047,1272758047
2025-11-06 12:30:00+00:00,2025-11-06 12:30:00+00:00,DATEADDED_UTC,2025-11-06,strategypage.com,http://www.strategypage.com/htmw/htproc/articles/2025110655354.aspx,1272763251,ADMIRAL 114,actor1 ADMIRAL actor2 event_code 114 event_root_code 11 country US,114,11,ADMIRAL,,US,-2.0,6,1,6,-2.84621920135939,1272763251,1272763251
2025-11-06 13:00:00+00:00,2025-11-06 13:00:00+00:00,DATEADDED_UTC,2025-11-06,wyomingnews.com,https://www.wyomingnews.com/laramieboomerang/laramieboomerang/news/feds-extend-comment-for-vast-rock-springs-public-land-management-area/article_6d4b6c17-be97-4712-9743-c07af090df73.html,1272768282,ADMINISTRATION 111,actor1 ADMINISTRATION actor2 event_code 111 event_root_code 11 country US,111,11,ADMINISTRATION,,US,-2.0,10,1,10,-1.29449838187702,1272768282,1272768282
2025-11-06 13:15:00+00:00,2025-11-06 13:15:00+00:00,DATEADDED_UTC,2024-11-06,sl.china-embassy.gov.cn,https://sl.china-embassy.gov.cn/eng/fyrth/202511/t20251106_11748399.htm,1272769967,REUTERS 100 TAIWAN,actor1 REUTERS actor2 TAIWAN event_code 100 event_root_code 10 country TW,100,10,REUTERS,TAIWAN,TW,-5.0,8,1,8,2.0618556701031,1272769967,1272769967
2025-11-06 14:00:00+00:00,2025-11-06 14:00:00+00:00,DATEADDED_UTC,2025-11-06,euronews.com,https://www.euronews.com/culture/2025/11/06/actress-debra-messing-faces-backlash-after-calling-zohran-mamdani-a-jihadist,1272778803,AMERICAN 110 MAYOR,actor1 AMERICAN actor2 MAYOR event_code 110 event_root_code 11 country US,110,11,AMERICAN,MAYOR,US,-2.0,6,1,6,-2.40240240240241,1272778803,1272778803
2025-11-06 14:30:00+00:00,2025-11-06 14:30:00+00:00,DATEADDED_UTC,2025-11-06,marketscreener.com,https://www.marketscreener.com/news/how-sickly-forests-are-felling-europe-s-climate-ambitions-ce7d5cd2de8dff26,1272784358,GOVERNMENT 130 EUROPE,actor1 GOVERNMENT actor2 EUROPE event_code 130 event_root_code 13 country SW,130,13,GOVERNMENT,EUROPE,SW,-4.4,5,1,5,-1.12923462986198,1272784358,1272784358
2025-11-06 16:45:00+00:00,2025-11-06 16:45:00+00:00,DATEADDED_UTC,2025-11-06,foxnews.com,https://www.foxnews.com/world/trump-admin-pushes-gaza-peace-plan-history-shows-un-peacekeepings-mixed-record,1272808227,NATO 113 SECURITY COUNCIL,actor1 NATO actor2 SECURITY COUNCIL event_code 113 event_root_code 11 country KV,113,11,NATO,SECURITY COUNCIL,KV,-2.0,10,1,10,-0.21810250817884,1272808227,1272808227
2025-11-06 18:00:00+00:00,2025-11-06 18:00:00+00:00,DATEADDED_UTC,2025-11-06,thehindu.com,https://www.thehindu.com/news/national/supreme-court-condones-cbis-1373-day-delay-in-challenging-amit-jogis-acquittal-in-22-year-old-murder-case/article70249477.ece,1272819560,SUPREME COURT 190 AMIT,actor1 SUPREME COURT actor2 AMIT event_code 190 event_root_code 19 country,190,19,SUPREME COURT,AMIT,,-10.0,10,1,10,-0.83857442348008,1272819560,1272819560
2025-11-06 18:00:00+00:00,2025-11-06 18:00:00+00:00,DATEADDED_UTC,2025-11-06,onegreenplanet.org,https://www.onegreenplanet.org/news/orcas-team-up-to-hunt-great-white-sharks-in-astonishing-new-footage/,1272819811,INTELLIGENCE 173,actor1 INTELLIGENCE actor2 event_code 173 event_root_code 17 country SF,173,17,INTELLIGENCE,,SF,-5.0,5,1,5,5.09915014164306,1272819811,1272819811
2025-11-06 18:45:00+00:00,2025-11-06 18:45:00+00:00,DATEADDED_UTC,2024-11-06,fox5dc.com,https://www.fox5dc.com/news/suspect-charged-dc-beltway-road-rage-killing-30k-rewards-offered-other-cases,1272825617,COLLEGE 111 AUTHORITIES,actor1 COLLEGE actor2 AUTHORITIES event_code 111 event_root_code 11 country US,111,11,COLLEGE,AUTHORITIES,US,-2.0,10,1,10,-8.1180811808118,1272825617,1272825617
2025-11-06 18:45:00+00:00,2025-11-06 18:45:00+00:00,DATEADDED_UTC,2025-11-06,krcgtv.com,https://krcgtv.com/news/local/judge-allows-lawsuit-against-mu-for-2024-homecoming-parade-exclusion-to-proceed,1272826414,FEDERAL JUDGE 100 SCHOOL,actor1 FEDERAL JUDGE actor2 SCHOOL event_code 100 event_root_code 10 country IS,100,10,FEDERAL JUDGE,SCHOOL,IS,-5.0,10,1,10,-2.30769230769231,1272826414,1272826414
2025-11-06 19:00:00+00:00,2025-11-06 19:00:00+00:00,DATEADDED_UTC,2025-11-06,news18.com,https://www.news18.com/world/british-army-chief-meets-pakistans-asim-munir-vows-to-boost-defence-ties-amid-tensions-with-india-ws-l-9685905.html,1272828982,PAKISTAN 190,actor1 PAKISTAN actor2 event_code 190 event_root_code 19 country PK,190,19,PAKISTAN,,PK,-10.0,6,1,6,-1.75131348511384,1272828982,1272828982
2025-11-06 19:15:00+00:00,2025-11-06 19:15:00+00:00,DATEADDED_UTC,2025-11-06,woay.com,https://woay.com/west-virginia-supreme-court-dismisses-appeal-of-sissonville-couple-convicted-of-trafficking-and-abusing-their-adopted-children/,1272832611,WEST VIRGINIA 173,actor1 WEST VIRGINIA actor2 event_code 173 event_root_code 17 country US,173,17,WEST VIRGINIA,,US,-5.0,8,1,8,-10.9756097560975,1272832611,1272832611
2025-11-06 19:45:00+00:00,2025-11-06 19:45:00+00:00,DATEADDED_UTC,2025-11-06,chronicletimes.com,"http://www.chronicletimes.com/stories/police-courts,173044",1272835998,DISTRICT COURT 180 CHEROKEE,actor1 DISTRICT COURT actor2 CHEROKEE event_code 180 event_root_code 18 country,180,18,DISTRICT COURT,CHEROKEE,,-9.0,10,1,10,-14.5552560646901,1272835998,1272835998
2025-11-06 20:15:00+00:00,2025-11-06 20:15:00+00:00,DATEADDED_UTC,2025-11-06,chicagotribune.com,https://www.chicagotribune.com/2025/11/06/chicago-immigration-enforcement-raids/,1272840335,PROTESTER 145 CHICAGO,actor1 PROTESTER actor2 CHICAGO event_code 145 event_root_code 14 country US,145,14,PROTESTER,CHICAGO,US,-7.5,8,1,8,-5.19809825673534,1272840335,1272840335
2025-11-06 21:00:00+00:00,2025-11-06 21:00:00+00:00,DATEADDED_UTC,2025-11-06,english.wafa.ps,https://english.wafa.ps/Pages/Details/164160,1272846124,ISRAELI 192 AUTHORITIES,actor1 ISRAELI actor2 AUTHORITIES event_code 192 event_root_code 19 country IS,192,19,ISRAELI,AUTHORITIES,IS,-9.5,10,1,10,-5.18134715025907,1272846124,1272846124
2025-11-06 21:00:00+00:00,2025-11-06 21:00:00+00:00,DATEADDED_UTC,2025-11-06,ibtimes.com.au,https://www.ibtimes.com.au/aukus-just-got-real-australia-made-11-major-announcements-3-days-heres-whats-actually-1861027,1272846370,RAYTHEON 190 AUSTRALIA,actor1 RAYTHEON actor2 AUSTRALIA event_code 190 event_root_code 19 country AS,190,19,RAYTHEON,AUSTRALIA,AS,-10.0,6,1,6,0.7459412022817,1272846370,1272846370
2025-11-06 21:45:00+00:00,2025-11-06 21:45:00+00:00,DATEADDED_UTC,2025-11-06,saharareporters.com,https://saharareporters.com/2025/11/06/police-continue-detain-nnpp-chairmanship-candidate-accused-attacking-niger-governor,1272852443,GOVERNMENT 173 NIGERIA,actor1 GOVERNMENT actor2 NIGERIA event_code 173 event_root_code 17 country NI,173,17,GOVERNMENT,NIGERIA,NI,-5.0,6,1,6,-3.08641975308642,1272852443,1272852443
2025-11-06 22:30:00+00:00,2025-11-06 22:30:00+00:00,DATEADDED_UTC,2025-11-06,techdirt.com,https://www.techdirt.com/2025/11/06/what-really-happened-in-portland-before-trump-deployed-the-national-guard/,1272858822,PORTLAND 175 PROTESTER,actor1 PORTLAND actor2 PROTESTER event_code 175 event_root_code 17 country US,175,17,PORTLAND,PROTESTER,US,-9.0,18,1,18,-9.10721795821474,1272858822,1272858822
2025-11-06 22:45:00+00:00,2025-11-06 22:45:00+00:00,DATEADDED_UTC,2025-11-06,femalefirst.co.uk,http://www.femalefirst.co.uk/royal_family/prince-andrew-ordered-appear-congress-relationship-jeffrey-epstein-1432586.html,1272860262,THE US 173 PAEDOPHILE,actor1 THE US actor2 PAEDOPHILE event_code 173 event_root_code 17 country UK,173,17,THE US,PAEDOPHILE,UK,-5.0,8,1,8,-3.14814814814815,1272860262,1272860262
2025-11-06 23:00:00+00:00,2025-11-06 23:00:00+00:00,DATEADDED_UTC,2025-11-06,baltimoresun.com,https://www.baltimoresun.com/2025/11/06/frustrations-mount-with-baltimore-countys-ice-agreement-why-sign-anything-at-all/,1272861129,AUTHORITIES 120,actor1 AUTHORITIES actor2 event_code 120 event_root_code 12 country US,120,12,AUTHORITIES,,US,-4.0,10,1,10,-2.15897939156036,1272861129,1272861129
2025-11-06 23:00:00+00:00,2025-11-06 23:00:00+00:00,DATEADDED_UTC,2025-11-06,yahoo.com,https://www.yahoo.com/news/articles/trump-says-very-much-charge-220418392.html,1272861217,IRAN 194 A US,actor1 IRAN actor2 A US event_code 194 event_root_code 19 country IR,194,19,IRAN,A US,IR,-10.0,6,1,6,-6.2,1272861217,1272861217
2025-11-06 23:15:00+00:00,2025-11-06 23:15:00+00:00,DATEADDED_UTC,2025-11-06,fox7austin.com,https://www.fox7austin.com/news/ken-paxton-texas-ag-lawsuit-roblox-childrens-safety,1272863313,FIRST STATE 115 COMPANY,actor1 FIRST STATE actor2 COMPANY event_code 115 event_root_code 11 country US,115,11,FIRST STATE,COMPANY,US,-2.0,6,1,6,-0.85106382978724,1272863313,1272863313
2025-11-06 23:30:00+00:00,2025-11-06 23:30:00+00:00,DATEADDED_UTC,2025-11-06,signalscv.com,https://signalscv.com/2025/11/pelosi-announces-retirement-from-congress/,1272864393,CONGRESS 120,actor1 CONGRESS actor2 event_code 120 event_root_code 12 country US,120,12,CONGRESS,,US,-4.0,10,1,10,-0.54495912806539,1272864393,1272864393
2025-11-06 23:45:00+00:00,2025-11-06 23:45:00+00:00,DATEADDED_UTC,2025-11-06,kvrr.com,https://www.kvrr.com/2025/11/06/former-republican-lawmaker-challenges-north-dakota-law-on-false-political-ads/,1272865340,112 ATTORNEY GENERAL,actor1 actor2 ATTORNEY GENERAL event_code 112 event_root_code 11 country US,112,11,,ATTORNEY GENERAL,US,-2.0,20,2,20,-6.994137209369,1272865340,1272865340
2025-11-06 23:45:00+00:00,2025-11-06 23:45:00+00:00,DATEADDED_UTC,2025-11-06,koat.com,https://www.koat.com/article/new-mexico-snap-benefits-special-session-2025/69279940,1272865679,GOVERNOR 160 BRAZIL,actor1 GOVERNOR actor2 BRAZIL event_code 160 event_root_code 16 country BR,160,16,GOVERNOR,BRAZIL,BR,-4.0,8,1,8,3.9080459770115,1272865679,1272865679
2025-11-06 23:45:00+00:00,2025-11-06 23:45:00+00:00,DATEADDED_UTC,2025-11-06,narrominenewsonline.com.au,https://www.narrominenewsonline.com.au/story/9106204/film-review-train-dreams-with-joel-edgerton-rates-highly/,1272866210,WASHINGTON 193 DESTROYER,actor1 WASHINGTON actor2 DESTROYER event_code 193 event_root_code 19 country CH,193,19,WASHINGTON,DESTROYER,CH,-10.0,30,3,30,0.769019313742697,1272866210,1272866210
2025-11-07 00:30:00+00:00,2025-11-07 00:30:00+00:00,DATEADDED_UTC,2025-11-07,ktvz.com,https://ktvz.com/politics/cnn-us-politics/2025/11/06/senators-push-toward-deal-to-end-shutdown-as-final-sticking-points-remain/,1272874253,SENATE 120,actor1 SENATE actor2 event_code 120 event_root_code 12 country US,120,12,SENATE,,US,-4.0,10,1,10,0.33039647577092,1272874253,1272874253
2025-11-07 01:15:00+00:00,2025-11-07 01:15:00+00:00,DATEADDED_UTC,2025-11-07,atvtoday.co.uk,https://www.atvtoday.co.uk/270003-bbc/,1272881603,INTELLIGENCE OFFICER 160,actor1 INTELLIGENCE OFFICER actor2 event_code 160 event_root_code 16 country SP,160,16,INTELLIGENCE OFFICER,,SP,-4.0,6,1,6,0.0,1272881603,1272881603
2025-11-07 02:00:00+00:00,2025-11-07 02:00:00+00:00,DATEADDED_UTC,2025-11-07,fox13news.com,https://www.fox13news.com/news/democratic-race-governor-takes-shape-after-tuesdays-blowouts,1272886673,TERRORIST 190 ORLANDO,actor1 TERRORIST actor2 ORLANDO event_code 190 event_root_code 19 country US,190,19,TERRORIST,ORLANDO,US,-10.0,6,1,6,0.0,1272886673,1272886673
2025-11-07 02:15:00+00:00,2025-11-07 02:15:00+00:00,DATEADDED_UTC,2025-11-07,catholicworldreport.com,https://www.catholicworldreport.com/2025/11/06/prosecutors-claim-kansas-city-diocesan-staffer-stole-150000-from-scholarship-fund/,1272887730,DIOCESE 173 ATTORNEY,actor1 DIOCESE actor2 ATTORNEY event_code 173 event_root_code 17 country US,173,17,DIOCESE,ATTORNEY,US,-5.0,7,1,7,-2.0979020979021,1272887730,1272887730
2025-11-07 02:30:00+00:00,2025-11-07 02:30:00+00:00,DATEADDED_UTC,2025-11-07,switzer.com.au,https://switzer.com.au/the-experts/catherine-gascoigne/supreme-court-begins-hearings-on-whether-trumps-tariffs-are-legal-or-bunk-whats-at-stake/,1272890046,SUPREME COURT 131,actor1 SUPREME COURT actor2 event_code 131 event_root_code 13 country US,131,13,SUPREME COURT,,US,-5.8,10,1,10,0.1194743130227,1272890046,1272890046
2025-11-07 02:45:00+00:00,2025-11-07 02:45:00+00:00,DATEADDED_UTC,2025-11-07,westword.com,https://www.westword.com/news/colorado-latinos-want-to-rein-in-ice-before-midterms-40802056/,1272891540,110 MILITARY,actor1 actor2 MILITARY event_code 110 event_root_code 11 country US,110,11,,MILITARY,US,-2.0,10,1,10,-2.14285714285715,1272891540,1272891540
2025-11-07 03:15:00+00:00,2025-11-07 03:15:00+00:00,DATEADDED_UTC,2025-11-07,kxly920.com,https://kxly920.com/2025/11/06/judge-orders-trump-administration-to-fund-full-snap-benefits-rebukes-trump/,1272894677,JUDGE 111 ADMINISTRATION,actor1 JUDGE actor2 ADMINISTRATION event_code 111 event_root_code 11 country,111,11,JUDGE,ADMINISTRATION,,-2.0,5,1,5,-5.71428571428571,1272894677,1272894677
2025-11-07 04:00:00+00:00,2025-11-07 04:00:00+00:00,DATEADDED_UTC,2025-11-07,kwtx.com,https://www.kwtx.com/2025/11/06/former-elk-volunteer-firefighter-indicted-sexual-assault-teenager/,1272898762,FIREFIGHTER 173,actor1 FIREFIGHTER actor2 event_code 173 event_root_code 17 country US,173,17,FIREFIGHTER,,US,-5.0,6,1,6,-9.39226519337019,1272898762,1272898762
2025-11-07 04:00:00+00:00,2025-11-07 04:00:00+00:00,DATEADDED_UTC,2025-11-07,chroniclelive.co.uk,https://www.chroniclelive.co.uk/news/north-east-news/newcastle-man-used-aerosol-can-32826647,1272898897,JUDGE 172 PRISON,actor1 JUDGE actor2 PRISON event_code 172 event_root_code 17 country,172,17,JUDGE,PRISON,,-5.0,5,1,5,-6.12244897959184,1272898897,1272898897
2025-11-07 04:30:00+00:00,2025-11-07 04:30:00+00:00,DATEADDED_UTC,2025-11-07,10tv.com,https://www.10tv.com/article/news/investigations/10-investigates/judge-temporarily-shuts-down-hilltop-event-spaces-complaints-sullivant-avenue/530-ea543bfb-796a-415a-aec9-1594b5401d2d,1272902373,UNITED STATES 112 POLICE,actor1 UNITED STATES actor2 POLICE event_code 112 event_root_code 11 country US,112,11,UNITED STATES,POLICE,US,-2.0,8,1,8,-0.98522167487685,1272902373,1272902373
2025-11-07 05:15:00+00:00,2025-11-07 05:15:00+00:00,DATEADDED_UTC,2025-11-07,cbs2iowa.com,https://cbs2iowa.com/news/local/lawsuit-against-former-pollster-ann-selzer-dismissed-by-federal-judge,1272906297,PRESIDENT 115,actor1 PRESIDENT actor2 event_code 115 event_root_code 11 country US,115,11,PRESIDENT,,US,-2.0,6,1,6,-1.04166666666667,1272906297,1272906297
2025-11-07 06:15:00+00:00,2025-11-07 06:15:00+00:00,DATEADDED_UTC,2025-11-07,kyivpost.com,https://www.kyivpost.com/post/63806,1272913380,UKRAINE 190 RUSSIAN,actor1 UKRAINE actor2 RUSSIAN event_code 190 event_root_code 19 country UP,190,19,UKRAINE,RUSSIAN,UP,-10.0,7,1,7,-5.71992110453649,1272913380,1272913380
2025-11-07 06:30:00+00:00,2025-11-07 06:30:00+00:00,DATEADDED_UTC,2025-11-07,ynetnews.com,https://www.ynetnews.com/opinions-analysis/article/skpkp11i111e,1272914764,ISRAELI 110 IRAN,actor1 ISRAELI actor2 IRAN event_code 110 event_root_code 11 country IS,110,11,ISRAELI,IRAN,IS,-2.0,10,1,10,-4.24966799468792,1272914764,1272914764
2025-11-07 06:45:00+00:00,2025-11-07 06:45:00+00:00,DATEADDED_UTC,2025-11-07,eastbaytimes.com,https://www.eastbaytimes.com/2025/11/06/san-jose-police-offer-10000-for-information-leading-to-arrest-of-homicide-suspect/,1272916520,AUTHORITIES 193,actor1 AUTHORITIES actor2 event_code 193 event_root_code 19 country MX,193,19,AUTHORITIES,,MX,-10.0,6,1,6,-9.28571428571433,1272916520,1272916520
2025-11-07 08:00:00+00:00,2025-11-07 08:00:00+00:00,DATEADDED_UTC,2025-11-07,moneycontrol.com,https://www.moneycontrol.com/news/india/which-stanzas-were-dropped-from-vande-matram-in-1937-why-pm-modi-is-targeting-congress-13659578.html,1272925846,CONGRESS 120,actor1 CONGRESS actor2 event_code 120 event_root_code 12 country IN,120,12,CONGRESS,,IN,-4.0,5,1,5,-1.08527131782945,1272925846,1272925846
2025-11-07 09:00:00+00:00,2025-11-07 09:00:00+00:00,DATEADDED_UTC,2025-11-07,swissinfo.ch,https://www.swissinfo.ch/eng/swiss-politics/should-switzerland-replace-compulsory-military-service-with-citizen-service/90289157,1272933694,PARLIAMENT 127,actor1 PARLIAMENT actor2 event_code 127 event_root_code 12 country SZ,127,12,PARLIAMENT,,SZ,-5.0,10,1,10,-0.68965517241379,1272933694,1272933694
2025-11-07 09:15:00+00:00,2025-11-07 09:15:00+00:00,DATEADDED_UTC,2025-11-07,economictimes.indiatimes.com,https://economictimes.indiatimes.com/news/international/us/erika-kirk-receives-inaugural-charlie-kirk-legacy-award-vows-to-keep-speaking-truth-in-an-emotional-tribute-to-late-husband/articleshow/125154478.cms,1272936191,UTAH 190 ACTIVIST,actor1 UTAH actor2 ACTIVIST event_code 190 event_root_code 19 country US,190,19,UTAH,ACTIVIST,US,-10.0,10,1,10,7.90378006872856,1272936191,1272936191
2025-11-07 09:45:00+00:00,2025-11-07 09:45:00+00:00,DATEADDED_UTC,2025-11-07,thehitavada.com,https://www.thehitavada.com/Encyc/2025/11/7/ajit-pawars-son-lands-in-trouble-over-rs-300-cr-deal.html,1272939456,MINIST 130,actor1 MINIST actor2 event_code 130 event_root_code 13 country IN,130,13,MINIST,,IN,-4.4,5,1,5,-2.711157455683,1272939456,1272939456
2025-11-07 10:15:00+00:00,2025-11-07 10:15:00+00:00,DATEADDED_UTC,2025-11-07,politico.eu,https://www.politico.eu/article/drones-plague-belgium-airports-crisis-skies-traffic/,1272943902,EUROPEAN 112 RUSSIA,actor1 EUROPEAN actor2 RUSSIA event_code 112 event_root_code 11 country BE,112,11,EUROPEAN,RUSSIA,BE,-2.0,10,1,10,-3.70370370370371,1272943902,1272943902
2025-11-07 12:30:00+00:00,2025-11-07 12:30:00+00:00,DATEADDED_UTC,2025-11-07,globalsecurity.org,https://www.globalsecurity.org/wmd/library/news/ukraine/2025/11/ukraine-251106-sputnik01.htm,1272966113,RUSSIAN 193 DEFENSE FORCE,actor1 RUSSIAN actor2 DEFENSE FORCE event_code 193 event_root_code 19 country RS,193,19,RUSSIAN,DEFENSE FORCE,RS,-10.0,10,1,10,-4.78723404255319,1272966113,1272966113
2025-11-07 12:30:00+00:00,2025-11-07 12:30:00+00:00,DATEADDED_UTC,2025-11-07,globenewswire.com,https://www.globenewswire.com/news-release/2025/11/07/3183539/0/en/GenVivo-to-Present-Phase-1-Trial-Results-for-GEN2-A-Personalizing-Systemic-Cancer-Immunotherapy-at-the-2025-Society-for-Immunotherapy-of-Cancer-SITC-Annual-Meeting.html,1272966196,SAN MARINO 190 CALIF,actor1 SAN MARINO actor2 CALIF event_code 190 event_root_code 19 country,190,19,SAN MARINO,CALIF,,-10.0,5,1,5,-3.32068311195446,1272966196,1272966196
2025-11-07 13:45:00+00:00,2025-11-07 13:45:00+00:00,DATEADDED_UTC,2025-11-07,cnn.com,https://www.cnn.com/2025/11/07/europe/russian-foreign-minister-sergey-lavrov-absence-intl,1272977769,RUSSIA 125 MOSCOW,actor1 RUSSIA actor2 MOSCOW event_code 125 event_root_code 12 country RS,125,12,RUSSIA,MOSCOW,RS,-5.0,5,1,5,-1.27118644067797,1272977769,1272977769
2025-11-07 14:15:00+00:00,2025-11-07 14:15:00+00:00,DATEADDED_UTC,2025-11-07,navaltoday.com,https://www.navaltoday.com/2025/11/07/four-defense-giants-unite-to-work-on-combat-systems-for-aukus-submarines/,1272982394,NAVAL 111,actor1 NAVAL actor2 event_code 111 event_root_code 11 country AS,111,11,NAVAL,,AS,-2.0,5,1,5,2.29885057471264,1272982394,1272982394
2025-11-07 14:45:00+00:00,2025-11-07 14:45:00+00:00,DATEADDED_UTC,2025-11-07,tribuneindia.com,https://www.tribuneindia.com/news/chandigarh/armed-forces-capability-during-op-sindoor-shocked-the-world-punjab-governor/,1272986703,CHINA 130 PAKISTAN,actor1 CHINA actor2 PAKISTAN event_code 130 event_root_code 13 country CH,130,13,CHINA,PAKISTAN,CH,-4.4,6,1,6,-1.74520069808028,1272986703,1272986703
2025-11-07 14:45:00+00:00,2025-11-07 14:45:00+00:00,DATEADDED_UTC,2025-11-07,thenationonlineng.net,https://thenationonlineng.net/tinubu-urges-global-allies-to-stand-with-nigeria-in-intensified-war-against-terrorism/,1272987163,PRESIDENT 130,actor1 PRESIDENT actor2 event_code 130 event_root_code 13 country NI,130,13,PRESIDENT,,NI,-4.4,5,1,5,4.18679549114332,1272987163,1272987163
2025-11-07 14:45:00+00:00,2025-11-07 14:45:00+00:00,DATEADDED_UTC,2025-11-07,middle-east-online.com,https://www.middle-east-online.com/en/iraq%E2%80%99s-khazali-us-designated-terrorist-rebranding-politician,1272988089,THE US 190 IRANIAN,actor1 THE US actor2 IRANIAN event_code 190 event_root_code 19 country IR,190,19,THE US,IRANIAN,IR,-10.0,6,1,6,-5.00595947556615,1272988089,1272988089
2025-11-07 16:45:00+00:00,2025-11-07 16:45:00+00:00,DATEADDED_UTC,2025-11-07,freepressjournal.in,https://www.freepressjournal.in/world/germany-nurse-jailed-for-killing-10-patients-to-reduce-workload-during-night-shifts,1273006720,PROSECUTOR 112,actor1 PROSECUTOR actor2 event_code 112 event_root_code 11 country GM,112,11,PROSECUTOR,,GM,-2.0,10,1,10,-10.2564102564103,1273006720,1273006720
2025-11-07 17:00:00+00:00,2025-11-07 17:00:00+00:00,DATEADDED_UTC,2025-11-07,liverpoolecho.co.uk,https://www.liverpoolecho.co.uk/news/liverpool-news/italian-takeaway-faces-licence-review-32834151,1273008857,GOVERNMENT 172 BUSINESS,actor1 GOVERNMENT actor2 BUSINESS event_code 172 event_root_code 17 country UK,172,17,GOVERNMENT,BUSINESS,UK,-5.0,15,1,10,-5.33333333333333,1273008857,1273008857
2025-11-07 17:15:00+00:00,2025-11-07 17:15:00+00:00,DATEADDED_UTC,2025-11-07,wlj.net,https://www.wlj.net/judge-denies-injunction-on-wolf-removal/,1273011078,KING 120 WASHINGTON,actor1 KING actor2 WASHINGTON event_code 120 event_root_code 12 country US,120,12,KING,WASHINGTON,US,-4.0,6,1,6,-1.19047619047619,1273011078,1273011078
2025-11-07 17:15:00+00:00,2025-11-07 17:15:00+00:00,DATEADDED_UTC,2025-11-07,surinametimes.com,https://www.surinametimes.com/artikel/hezbollah-says-it-has-a-legitimate-right-to-defend-itself-against-israel,1273011275,LEBANON 112 PRIME MINISTER,actor1 LEBANON actor2 PRIME MINISTER event_code 112 event_root_code 11 country LE,112,11,LEBANON,PRIME MINISTER,LE,-2.0,5,1,5,-7.80141843971631,1273011275,1273011275
2025-11-07 18:00:00+00:00,2025-11-07 18:00:00+00:00,DATEADDED_UTC,2025-11-07,freepressjournal.in,https://www.freepressjournal.in/pune/ajit-pawar-should-resign-for-fair-inquiry-says-eknath-khadse-on-punes-mundhwa-mahar-watan-land-row-involving-parth-pawar,1273018043,MINIST 1014,actor1 MINIST actor2 event_code 1014 event_root_code 10 country IN,1014,10,MINIST,,IN,-5.0,6,1,6,-1.31233595800525,1273018043,1273018043
2025-11-07 18:00:00+00:00,2025-11-07 18:00:00+00:00,DATEADDED_UTC,2025-11-07,nrtoday.com,https://www.nrtoday.com/news/environment/pacificorp-warns-of-bankruptcy-risk/article_0642db76-729b-4cdf-8e59-b1903197b705.html,1273018681,UNITED STATES 100 JUDGE,actor1 UNITED STATES actor2 JUDGE event_code 100 event_root_code 10 country US,100,10,UNITED STATES,JUDGE,US,-5.0,6,1,6,-4.04354587869362,1273018681,1273018681
2025-11-07 18:15:00+00:00,2025-11-07 18:15:00+00:00,DATEADDED_UTC,2025-10-08,nbcnews.com,https://www.nbcnews.com/politics/politics-news/iran-plotted-assassinate-israels-ambassador-mexico-us-israeli-official-rcna242595,1273019851,NEW YORK 173 RUSSIAN,actor1 NEW YORK actor2 RUSSIAN event_code 173 event_root_code 17 country US,173,17,NEW YORK,RUSSIAN,US,-5.0,8,1,8,-6.92124105011933,1273019851,1273019851
2025-11-07 18:15:00+00:00,2025-11-07 18:15:00+00:00,DATEADDED_UTC,2025-11-07,nbcnews.com,https://www.nbcnews.com/politics/politics-news/iran-plotted-assassinate-israels-ambassador-mexico-us-israeli-official-rcna242595,1273020492,IRAN 186 ISRAEL,actor1 IRAN actor2 ISRAEL event_code 186 event_root_code 18 country IR,186,18,IRAN,ISRAEL,IR,-10.0,8,1,8,-6.92124105011933,1273020492,1273020492
2025-11-07 18:15:00+00:00,2025-11-07 18:15:00+00:00,DATEADDED_UTC,2025-11-07,fairobserver.com,https://www.fairobserver.com/world-news/middle-east-news/after-years-of-occupation-was-october-7-a-disastrous-blunder/,1273020531,ISRAEL 190 WEST BANK,actor1 ISRAEL actor2 WEST BANK event_code 190 event_root_code 19 country WE,190,19,ISRAEL,WEST BANK,WE,-10.0,10,1,10,-7.56437768240339,1273020531,1273020531
2025-11-07 18:15:00+00:00,2025-11-07 18:15:00+00:00,DATEADDED_UTC,2025-11-07,theguardian.com,https://www.theguardian.com/world/2025/nov/07/iran-assassination-plot-israel-ambassador-mexico,1273020547,ISRAELI 112 IRAN,actor1 ISRAELI actor2 IRAN event_code 112 event_root_code 11 country AR,112,11,ISRAELI,IRAN,AR,-2.0,6,1,6,-6.31970260223048,1273020547,1273020547
2025-11-07 18:30:00+00:00,2025-11-07 18:30:00+00:00,DATEADDED_UTC,2025-11-07,independent.co.uk,https://www.independent.co.uk/asia/china/china-marriage-certificate-couples-wedding-b2860847.html,1273022752,GOVERNMENT 192,actor1 GOVERNMENT actor2 event_code 192 event_root_code 19 country CH,192,19,GOVERNMENT,,CH,-9.5,5,1,5,5.37815126050421,1273022752,1273022752
2025-11-07 18:30:00+00:00,2025-11-07 18:30:00+00:00,DATEADDED_UTC,2025-11-07,yahoo.com,https://www.yahoo.com/news/articles/north-carolina-man-serve-16-045900468.html,1273023016,ATTORNEY 124,actor1 ATTORNEY actor2 event_code 124 event_root_code 12 country US,124,12,ATTORNEY,,US,-4.0,6,1,6,-6.48464163822526,1273023016,1273023016
2025-11-07 18:45:00+00:00,2025-11-07 18:45:00+00:00,DATEADDED_UTC,2025-11-07,columbian.com,https://www.columbian.com/news/2025/nov/07/letter-protests-are-patriotic/,1273026046,AMERICAN 141 BRITISH,actor1 AMERICAN actor2 BRITISH event_code 141 event_root_code 14 country US,141,14,AMERICAN,BRITISH,US,-6.5,8,1,8,-5.05050505050504,1273026046,1273026046
2025-11-07 21:00:00+00:00,2025-11-07 21:00:00+00:00,DATEADDED_UTC,2025-11-07,yahoo.com,https://www.yahoo.com/news/articles/alabama-man-convicted-2022-panama-105807039.html,1273046138,ALABAMA 173 PROSECUTOR,actor1 ALABAMA actor2 PROSECUTOR event_code 173 event_root_code 17 country US,173,17,ALABAMA,PROSECUTOR,US,-5.0,8,1,8,-11.038961038961,1273046138,1273046138
2025-11-07 21:30:00+00:00,2025-11-07 21:30:00+00:00,DATEADDED_UTC,2025-11-07,eng.kavkaz-uzel.eu,https://www.eng.kavkaz-uzel.eu/articles/69528,1273049489,PROTESTER 144,actor1 PROTESTER actor2 event_code 144 event_root_code 14 country GG,144,14,PROTESTER,,GG,-7.5,8,1,8,-10.2040816326531,1273049489,1273049489
2025-11-07 21:45:00+00:00,2025-11-07 21:45:00+00:00,DATEADDED_UTC,2025-11-07,kyuk.org,https://www.kyuk.org/alaska-state-news/2025-11-07/alaska-supreme-court-orders-disgraced-former-federal-judge-kindred-disbarred,1273051873,ALASKA 100 DISTRICT COURT,actor1 ALASKA actor2 DISTRICT COURT event_code 100 event_root_code 10 country US,100,10,ALASKA,DISTRICT COURT,US,-5.0,6,1,6,-5.92334494773519,1273051873,1273051873
2025-11-07 22:00:00+00:00,2025-11-07 22:00:00+00:00,DATEADDED_UTC,2025-11-07,theblaze.com,https://www.theblaze.com/news/exclusive-ice-rounds-up-pedophiles-rapist-other-illegal-offenders-some-of-the-worst-crimes-imaginable,1273053782,TEXAS 173 MEXICAN,actor1 TEXAS actor2 MEXICAN event_code 173 event_root_code 17 country MX,173,17,TEXAS,MEXICAN,MX,-5.0,6,1,6,-15.6398104265403,1273053782,1273053782
2025-11-07 23:45:00+00:00,2025-11-07 23:45:00+00:00,DATEADDED_UTC,2025-11-07,abc57.com,https://www.abc57.com/news/editing-federal-employees-emails-to-blame-democrats-for-shutdown-violated-their-first-amendment-rights-judge-says,1273063665,JUDGE 111 ADMINISTRATION,actor1 JUDGE actor2 ADMINISTRATION event_code 111 event_root_code 11 country US,111,11,JUDGE,ADMINISTRATION,US,-2.0,8,1,8,-5.39568345323741,1273063665,1273063665
2025-11-08 00:15:00+00:00,2025-11-08 00:15:00+00:00,DATEADDED_UTC,2025-11-08,news.berkeley.edu,https://news.berkeley.edu/2025/11/07/how-crowdsourcing-and-phone-cameras-could-help-bring-fallen-soldiers-home/,1273069474,FIGHTER PLANE 151 EUROPE,actor1 FIGHTER PLANE actor2 EUROPE event_code 151 event_root_code 15 country IT,151,15,FIGHTER PLANE,EUROPE,IT,-7.2,5,1,5,-0.06064281382656,1273069474,1273069474
2025-11-08 00:45:00+00:00,2025-11-08 00:45:00+00:00,DATEADDED_UTC,2025-11-08,thereflector.com,"http://www.thereflector.com/stories/john-braun-commentary-the-continuing-insanity-of-the-homelessness-emergency,390695",1273073985,ATTORNEY 115 SEATTLE,actor1 ATTORNEY actor2 SEATTLE event_code 115 event_root_code 11 country VM,115,11,ATTORNEY,SEATTLE,VM,-2.0,10,1,10,-5.69476082004555,1273073985,1273073985
2025-11-08 00:45:00+00:00,2025-11-08 00:45:00+00:00,DATEADDED_UTC,2025-11-08,thereflector.com,"http://www.thereflector.com/stories/john-braun-commentary-the-continuing-insanity-of-the-homelessness-emergency,390695",1273073986,ATTORNEY 192 SAIGON,actor1 ATTORNEY actor2 SAIGON event_code 192 event_root_code 19 country VM,192,19,ATTORNEY,SAIGON,VM,-9.5,6,1,6,-5.69476082004555,1273073986,1273073986
2025-11-08 01:15:00+00:00,2025-11-08 01:15:00+00:00,DATEADDED_UTC,2025-11-08,capitalgazette.com,https://www.capitalgazette.com/2025/11/07/wicomico-county-attempted-murder-sentencing/,1273078587,UNITED STATES 190 PROSECUTOR,actor1 UNITED STATES actor2 PROSECUTOR event_code 190 event_root_code 19 country US,190,19,UNITED STATES,PROSECUTOR,US,-10.0,6,1,6,-10.4166666666666,1273078587,1273078587
2025-11-08 02:15:00+00:00,2025-11-08 02:15:00+00:00,DATEADDED_UTC,2025-11-08,globalsecurity.org,https://www.globalsecurity.org/military/world/war/russo-ukraine-2025-11-07.htm,1273084299,RUSSIAN 190 UKRAINIAN,actor1 RUSSIAN actor2 UKRAINIAN event_code 190 event_root_code 19 country OS,190,19,RUSSIAN,UKRAINIAN,OS,-10.0,5,1,5,-7.55879059350504,1273084299,1273084299
2025-11-08 03:15:00+00:00,2025-11-08 03:15:00+00:00,DATEADDED_UTC,2025-11-08,ghanaweb.com,https://www.ghanaweb.com/GhanaHomePage/NewsArchive/Docket-against-Afenyo-Markin-ready-Deputy-AG-2008581,1273089481,JUDICIARY 180 POLICE OFFICER,actor1 JUDICIARY actor2 POLICE OFFICER event_code 180 event_root_code 18 country GH,180,18,JUDICIARY,POLICE OFFICER,GH,-9.0,8,1,8,-3.7117903930131,1273089481,1273089481
2025-11-08 03:45:00+00:00,2025-11-08 03:45:00+00:00,DATEADDED_UTC,2025-11-08,townhall.com,https://townhall.com/tipsheet/amy-curtis/2025/11/07/supreme-court-snap-payments-n2666151,1273092045,SUPREME COURT 100,actor1 SUPREME COURT actor2 event_code 100 event_root_code 10 country US,100,10,SUPREME COURT,,US,-5.0,10,1,10,-1.18243243243243,1273092045,1273092045
2025-11-08 04:00:00+00:00,2025-11-08 04:00:00+00:00,DATEADDED_UTC,2025-11-08,bignewsnetwork.com,http://www.bignewsnetwork.com/news/278681083/government-of-india-has-a-larger-role-to-play-karnataka-minister-on-farmer-protest-over-sugarcane-prices,1273092992,GOVERNMENT 141 FARMER,actor1 GOVERNMENT actor2 FARMER event_code 141 event_root_code 14 country IN,141,14,GOVERNMENT,FARMER,IN,-6.5,7,1,7,0.0,1273092992,1273092992
2025-11-08 04:30:00+00:00,2025-11-08 04:30:00+00:00,DATEADDED_UTC,2025-11-08,wsws.org,https://www.wsws.org/en/articles/2025/11/08/hnji-n08.html,1273095334,LULA DA SILVA 190 GOVERNMENT,actor1 LULA DA SILVA actor2 GOVERNMENT event_code 190 event_root_code 19 country BR,190,19,LULA DA SILVA,GOVERNMENT,BR,-10.0,6,1,6,-6.66199158485274,1273095334,1273095334
2025-11-08 07:00:00+00:00,2025-11-08 07:00:00+00:00,DATEADDED_UTC,2025-11-08,thehindu.com,https://www.thehindu.com/news/international/tornado-kills-many-in-brazil/article70255572.ece,1273107798,GOVERNOR 152 SECURITY FORCE,actor1 GOVERNOR actor2 SECURITY FORCE event_code 152 event_root_code 15 country BR,152,15,GOVERNOR,SECURITY FORCE,BR,-7.2,5,1,5,-6.56565656565656,1273107798,1273107798
2025-11-08 07:45:00+00:00,2025-11-08 07:45:00+00:00,DATEADDED_UTC,2025-11-08,channelafrica.co.za,https://www.channelafrica.co.za/channelafrica/news/14056/,1273111223,SECRETARY OF STATE 125,actor1 SECRETARY OF STATE actor2 event_code 125 event_root_code 12 country IS,125,12,SECRETARY OF STATE,,IS,-5.0,6,1,6,-4.1522491349481,1273111223,1273111223
2025-11-08 09:00:00+00:00,2025-11-08 09:00:00+00:00,DATEADDED_UTC,2025-11-08,mirror.co.uk,https://www.mirror.co.uk/news/us-news/horrifying-moment-mum-finds-daughter-36209704,1273118545,PROSECUTOR 112,actor1 PROSECUTOR actor2 event_code 112 event_root_code 11 country US,112,11,PROSECUTOR,,US,-2.0,6,1,6,-5.88235294117647,1273118545,1273118545
2025-11-08 09:00:00+00:00,2025-11-08 09:00:00+00:00,DATEADDED_UTC,2025-11-08,timeslive.co.za,https://www.timeslive.co.za/lifestyle/2025-11-08-beverley-roos-muller-talks-hunting-the-seven/,1273118600,GENERALS 1822 POLITICIAN,actor1 GENERALS actor2 POLITICIAN event_code 1822 event_root_code 18 country,1822,18,GENERALS,POLITICIAN,,-9.0,5,1,5,-3.7375415282392,1273118600,1273118600
2025-11-08 09:15:00+00:00,2025-11-08 09:15:00+00:00,DATEADDED_UTC,2025-11-08,dw.com,https://www.dw.com/en/pakistan-afghanistan-peace-talks-end-with-no-resolution/a-74671355,1273119527,190 REPRESENTATIVES,actor1 actor2 REPRESENTATIVES event_code 190 event_root_code 19 country PK,190,19,,REPRESENTATIVES,PK,-10.0,8,1,8,-4.91452991452992,1273119527,1273119527
2025-11-08 09:15:00+00:00,2025-11-08 09:15:00+00:00,DATEADDED_UTC,2025-11-08,aa.com.tr,https://www.aa.com.tr/en/world/morning-briefing-nov-8-2025/3738169,1273120034,THE UN 130 ISRAELI,actor1 THE UN actor2 ISRAELI event_code 130 event_root_code 13 country IS,130,13,THE UN,ISRAELI,IS,-4.4,6,1,6,-6.43729189789123,1273120034,1273120034
2025-11-08 09:45:00+00:00,2025-11-08 09:45:00+00:00,DATEADDED_UTC,2025-11-08,thestar.com.my,https://www.thestar.com.my/news/world/2025/11/08/afghanistan-pakistan-peace-talks-collapse-ceasefire-continues-taliban-says,1273123322,PAKISTANI 190 KABUL,actor1 PAKISTANI actor2 KABUL event_code 190 event_root_code 19 country PK,190,19,PAKISTANI,KABUL,PK,-10.0,10,1,10,-5.26315789473684,1273123322,1273123322
2025-11-08 10:30:00+00:00,2025-11-08 10:30:00+00:00,DATEADDED_UTC,2025-11-08,witn.com,https://www.witn.com/2025/11/08/brutally-attacked-deputy-shot-killed-while-responding-traffic-crash-sheriff-says/,1273128021,MIAMI 190 DEPUTY,actor1 MIAMI actor2 DEPUTY event_code 190 event_root_code 19 country US,190,19,MIAMI,DEPUTY,US,-10.0,6,1,6,-13.4228187919463,1273128021,1273128021
2025-11-08 11:15:00+00:00,2025-11-08 11:15:00+00:00,DATEADDED_UTC,2025-11-08,mirror.co.uk,https://www.mirror.co.uk/news/royals/andrew-fergies-sleeping-arrangements-revealed-36212154,1273131965,PRINCE 192,actor1 PRINCE actor2 event_code 192 event_root_code 19 country AS,192,19,PRINCE,,AS,-9.5,10,1,10,-1.0752688172043,1273131965,1273131965
2025-11-08 13:15:00+00:00,2025-11-08 13:15:00+00:00,DATEADDED_UTC,2025-11-08,tomsguide.com,https://www.tomsguide.com/entertainment/movies/nuremberg-review-russell-crowe-and-rami-malek-impress-in-a-flawed-retelling-of-the-nazi-war-crimes-trial,1273144662,SUPREME COURT 112,actor1 SUPREME COURT actor2 event_code 112 event_root_code 11 country RS,112,11,SUPREME COURT,,RS,-2.0,6,1,6,-4.86425339366515,1273144662,1273144662
2025-11-08 14:30:00+00:00,2025-11-08 14:30:00+00:00,DATEADDED_UTC,2025-11-08,cbsnews.com,https://www.cbsnews.com/news/trump-administration-judge-deport-kilmar-abrego-garcia-liberia/,1273152588,TENNESSEE 1053 TENNESSEE,actor1 TENNESSEE actor2 TENNESSEE event_code 1053 event_root_code 10 country US,1053,10,TENNESSEE,TENNESSEE,US,-5.0,8,1,8,-7.49756572541383,1273152588,1273152588
2025-11-08 14:45:00+00:00,2025-11-08 14:45:00+00:00,DATEADDED_UTC,2025-11-08,plenglish.com,https://www.plenglish.com/news/2025/11/08/us-lifts-sanctions-on-hungarian-nuclear-power-plant/,1273153516,ADMINISTRATION 163 JOE BIDEN,actor1 ADMINISTRATION actor2 JOE BIDEN event_code 163 event_root_code 16 country HU,163,16,ADMINISTRATION,JOE BIDEN,HU,-8.0,10,1,10,-2.64900662251655,1273153516,1273153516
2025-11-08 15:15:00+00:00,2025-11-08 15:15:00+00:00,DATEADDED_UTC,2025-11-08,timesofindia.indiatimes.com,https://timesofindia.indiatimes.com/india/we-are-one-but-divided-ideologically-sharad-pawar-breaks-silence-on-grandnephews-land-deal-row-distances-from-supriya-sules-remarks/articleshow/125186339.cms,1273156390,OPPOSITION PARTIES 112 COMPANY,actor1 OPPOSITION PARTIES actor2 COMPANY event_code 112 event_root_code 11 country IN,112,11,OPPOSITION PARTIES,COMPANY,IN,-2.0,5,1,5,-3.01810865191147,1273156390,1273156390
2025-11-08 15:30:00+00:00,2025-11-08 15:30:00+00:00,DATEADDED_UTC,2025-11-08,cnbc.com,https://www.cnbc.com/2025/11/08/no-tax-on-tips-service-fees-restaurant-bill-gratuities.html,1273157544,PRESIDENT 120 WORKER,actor1 PRESIDENT actor2 WORKER event_code 120 event_root_code 12 country US,120,12,PRESIDENT,WORKER,US,-4.0,10,1,10,-0.22288261515602,1273157544,1273157544
2025-11-08 17:45:00+00:00,2025-11-08 17:45:00+00:00,DATEADDED_UTC,2025-11-08,singletonargus.com.au,https://www.singletonargus.com.au/story/9107345/russian-strikes-hit-apartment-block-kill-four-ukraine/,1273170118,UKRAINE 190 SPANISH,actor1 UKRAINE actor2 SPANISH event_code 190 event_root_code 19 country SP,190,19,UKRAINE,SPANISH,SP,-10.0,16,2,16,-6.08178053830228,1273170118,1273170118
2025-11-08 19:00:00+00:00,2025-11-08 19:00:00+00:00,DATEADDED_UTC,2025-11-08,news.webindia123.com,https://news.webindia123.com/news/Articles/World/20251108/4381565.html,1273175626,TALIBAN 164 ISTANBUL,actor1 TALIBAN actor2 ISTANBUL event_code 164 event_root_code 16 country AF,164,16,TALIBAN,ISTANBUL,AF,-7.0,6,1,6,-3.95833333333333,1273175626,1273175626
2025-11-08 19:45:00+00:00,2025-11-08 19:45:00+00:00,DATEADDED_UTC,2025-11-08,express.co.uk,https://www.express.co.uk/news/politics/2131141/government-orders-ministry-defence-officials,1273179111,MINIST OF DEFENCE 154,actor1 MINIST OF DEFENCE actor2 event_code 154 event_root_code 15 country RS,154,15,MINIST OF DEFENCE,,RS,-7.2,10,1,10,-4.17956656346749,1273179111,1273179111
2025-11-08 20:00:00+00:00,2025-11-08 20:00:00+00:00,DATEADDED_UTC,2025-11-08,dailycaller.com,https://dailycaller.com/2025/11/08/judge-karin-immergut-blocks-trump-portland-national-guard-deployment/,1273180139,JUDGE 110 REBELLION,actor1 JUDGE actor2 REBELLION event_code 110 event_root_code 11 country US,110,11,JUDGE,REBELLION,US,-2.0,10,1,10,-5.07462686567164,1273180139,1273180139
2025-11-08 21:15:00+00:00,2025-11-08 21:15:00+00:00,DATEADDED_UTC,2025-11-08,deccanchronicle.com,https://www.deccanchronicle.com/southern-states/telangana/revanth-has-nothing-to-show-harish-1915762,1273185377,CONGRESS 1712,actor1 CONGRESS actor2 event_code 1712 event_root_code 17 country,1712,17,CONGRESS,,,-9.2,10,1,5,-3.76712328767123,1273185377,1273185377
2025-11-09 00:15:00+00:00,2025-11-09 00:15:00+00:00,DATEADDED_UTC,2025-11-09,nigerianeye.com,https://www.nigerianeye.com/2025/11/a-complete-fabrication-modu-sheriff.html,1273196369,SENATOR 120,actor1 SENATOR actor2 event_code 120 event_root_code 12 country NI,120,12,SENATOR,,NI,-4.0,10,1,10,-6.30630630630631,1273196369,1273196369
2025-11-09 00:15:00+00:00,2025-11-09 00:15:00+00:00,DATEADDED_UTC,2025-11-09,dailymail.co.uk,https://www.dailymail.co.uk/news/article-15272557/Karim-Khan-arrest-warrant-Netanyahu-mysterious-claims-sexually-abused-female-colleague-Mossad-dark-ops-takedown.html,1273196622,JOE BIDEN 111,actor1 JOE BIDEN actor2 event_code 111 event_root_code 11 country IS,111,11,JOE BIDEN,,IS,-2.0,6,1,6,-7.08,1273196622,1273196622
2025-11-09 00:45:00+00:00,2025-11-09 00:45:00+00:00,DATEADDED_UTC,2025-11-09,nbcphiladelphia.com,https://www.nbcphiladelphia.com/news/local/family-friends-remember-kada-scott-funeral-philly/4299436/,1273199278,PHILADELPHIA 111 KING,actor1 PHILADELPHIA actor2 KING event_code 111 event_root_code 11 country US,111,11,PHILADELPHIA,KING,US,-2.0,6,1,6,-6.28366247755834,1273199278,1273199278
2025-11-09 01:45:00+00:00,2025-11-09 01:45:00+00:00,DATEADDED_UTC,2025-11-09,rnz.co.nz,https://www.rnz.co.nz/news/world/578310/us-airlines-cancel-1330-flights-due-to-government-shutdown,1273203097,AIRLINE 160 GOVERNMENT,actor1 AIRLINE actor2 GOVERNMENT event_code 160 event_root_code 16 country US,160,16,AIRLINE,GOVERNMENT,US,-4.0,10,1,10,-8.75912408759124,1273203097,1273203097
2025-11-09 05:30:00+00:00,2025-11-09 05:30:00+00:00,DATEADDED_UTC,2025-11-09,israelnationalnews.com,https://www.israelnationalnews.com/flashes/670079,1273216349,THE EU 190 LEBANON,actor1 THE EU actor2 LEBANON event_code 190 event_root_code 19 country IS,190,19,THE EU,LEBANON,IS,-10.0,8,1,8,-10.2564102564103,1273216349,1273216349
2025-11-09 07:30:00+00:00,2025-11-09 07:30:00+00:00,DATEADDED_UTC,2025-11-09,thedailystar.net,https://www.thedailystar.net/news/bangladesh/crime-justice/news/political-killings-gang-hits-leave-people-ctg-shaken-4030231,1273225184,ADVOCATE 110 GOVERNMENT,actor1 ADVOCATE actor2 GOVERNMENT event_code 110 event_root_code 11 country,110,11,ADVOCATE,GOVERNMENT,,-2.0,10,1,10,-10.236220472441,1273225184,1273225184
2025-11-09 08:00:00+00:00,2025-11-09 08:00:00+00:00,DATEADDED_UTC,2025-11-09,khaama.com,https://www.khaama.com/iran-offers-to-mediate-between-kabul-and-islamabad-to-revive-stalled-peace-talks/,1273227064,IRAN 164 ISTANBUL,actor1 IRAN actor2 ISTANBUL event_code 164 event_root_code 16 country TU,164,16,IRAN,ISTANBUL,TU,-7.0,7,1,7,-0.63897763578275,1273227064,1273227064
2025-11-09 09:00:00+00:00,2025-11-09 09:00:00+00:00,DATEADDED_UTC,2025-11-09,bulawayo24.com,https://bulawayo24.com/index-id-news-sc-education-byo-259611.html,1273231863,UNITED KINGDOM 190 ZIMBABWE,actor1 UNITED KINGDOM actor2 ZIMBABWE event_code 190 event_root_code 19 country ZI,190,19,UNITED KINGDOM,ZIMBABWE,ZI,-10.0,8,1,8,-7.6056338028169,1273231863,1273231863
2025-11-09 10:15:00+00:00,2025-11-09 10:15:00+00:00,DATEADDED_UTC,2025-11-09,waterford-news.ie,https://www.waterford-news.ie/news/victim-put-through-extraordinary-cruelty_arid-76940.html,1273237992,130 JUDGE,actor1 actor2 JUDGE event_code 130 event_root_code 13 country,130,13,,JUDGE,,-4.4,10,1,10,-8.21256038647343,1273237992,1273237992
2025-11-09 10:15:00+00:00,2025-11-09 10:15:00+00:00,DATEADDED_UTC,2025-11-09,dailypost.ng,https://dailypost.ng/2025/11/09/ndlea-arrests-saudi-bound-wanted-drug-lord-in-lagos/,1273238290,SPECIAL OPERATIONS 173 INTELLIGENCE,actor1 SPECIAL OPERATIONS actor2 INTELLIGENCE event_code 173 event_root_code 17 country NI,173,17,SPECIAL OPERATIONS,INTELLIGENCE,NI,-5.0,6,1,6,-4.05797101449275,1273238290,1273238290
2025-11-09 11:15:00+00:00,2025-11-09 11:15:00+00:00,DATEADDED_UTC,2025-11-09,africa-newsroom.com,https://www.africa-newsroom.com/press/annual-meeting-of-the-working-group-on-women-youth-peace-and-security-in-west-africa-and-the-sahel-wgwypswas,1273243537,UN SECURITY COUNCIL 173 AFRICA,actor1 UN SECURITY COUNCIL actor2 AFRICA event_code 173 event_root_code 17 country SG,173,17,UN SECURITY COUNCIL,AFRICA,SG,-5.0,5,1,5,4.82180293501049,1273243537,1273243537
2025-11-09 11:15:00+00:00,2025-11-09 11:15:00+00:00,DATEADDED_UTC,2025-11-09,presstv.ir,https://www.presstv.ir/Detail/2025/11/09/758486/Iran-Qalibaf-US-aggression-consequences,1273243692,PARLIAMENT 180 IRAN,actor1 PARLIAMENT actor2 IRAN event_code 180 event_root_code 18 country US,180,18,PARLIAMENT,IRAN,US,-9.0,6,1,6,-2.06766917293233,1273243692,1273243692
2025-11-09 12:30:00+00:00,2025-11-09 12:30:00+00:00,DATEADDED_UTC,2025-11-09,globalsecurity.org,https://www.globalsecurity.org/wmd/library/news/iran/2025/11/iran-251108-irna01.htm,1273250647,IRAN 112 ISRAEL,actor1 IRAN actor2 ISRAEL event_code 112 event_root_code 11 country IS,112,11,IRAN,ISRAEL,IS,-2.0,20,1,10,-4.98338870431893,1273250647,1273250647
2025-11-09 12:45:00+00:00,2025-11-09 12:45:00+00:00,DATEADDED_UTC,2025-11-09,scmp.com,https://www.scmp.com/news/china/military/article/3332111/chinas-fujian-carrier-track-rapid-combat-readiness-will-there-be-more,1273251840,CHINA 190 FUJIAN,actor1 CHINA actor2 FUJIAN event_code 190 event_root_code 19 country CH,190,19,CHINA,FUJIAN,CH,-10.0,8,1,8,0.64102564102564,1273251840,1273251840
2025-11-09 13:00:00+00:00,2025-11-09 13:00:00+00:00,DATEADDED_UTC,2025-11-09,themarketsdaily.com,https://www.themarketsdaily.com/2025/11/09/royal-bank-of-canada-cuts-fidelity-national-information-services-nysefis-price-target-to-86-00.html,1273253750,FIDELITY NATIONAL INFORMATION SERVICES 120 ROYAL BANK OF CANADA,actor1 FIDELITY NATIONAL INFORMATION SERVICES actor2 ROYAL BANK OF CANADA event_code 120 event_root_code 12 country CA,120,12,FIDELITY NATIONAL INFORMATION SERVICES,ROYAL BANK OF CANADA,CA,-4.0,10,1,10,4.70347648261759,1273253750,1273253750
2025-11-09 14:15:00+00:00,2025-11-09 14:15:00+00:00,DATEADDED_UTC,2025-11-09,channelstv.com,https://www.channelstv.com/2025/11/09/insecurity-uk-warns-citizens-against-travel-to-six-nigerian-states/,1273261175,MAIDUGURI 130 UNITED KINGDOM,actor1 MAIDUGURI actor2 UNITED KINGDOM event_code 130 event_root_code 13 country NI,130,13,MAIDUGURI,UNITED KINGDOM,NI,-4.4,10,1,10,-9.30693069306931,1273261175,1273261175
2025-11-09 15:15:00+00:00,2025-11-09 15:15:00+00:00,DATEADDED_UTC,2025-11-09,thehindu.com,https://www.thehindu.com/news/national/kerala/ku-sanskrit-hod-booked-under-scst-act-for-alleged-casteist-remarks-against-research-scholar/article70259816.ece,1273266785,HIGHER EDUCATION MINIST 173 CHANCELLOR,actor1 HIGHER EDUCATION MINIST actor2 CHANCELLOR event_code 173 event_root_code 17 country,173,17,HIGHER EDUCATION MINIST,CHANCELLOR,,-5.0,10,1,10,-5.35279805352798,1273266785,1273266785
2025-11-09 17:00:00+00:00,2025-11-09 17:00:00+00:00,DATEADDED_UTC,2025-11-09,legit.ng,https://www.legit.ng/nigeria/1682497-ayokunle-accuses-government-neglecting-citizens-rising-killingsd/,1273275927,PRESIDENT 111 NIGERIAN,actor1 PRESIDENT actor2 NIGERIAN event_code 111 event_root_code 11 country NI,111,11,PRESIDENT,NIGERIAN,NI,-2.0,10,1,10,-9.58083832335328,1273275927,1273275927
2025-11-09 17:15:00+00:00,2025-11-09 17:15:00+00:00,DATEADDED_UTC,2025-11-09,hometownregister.com,https://www.hometownregister.com/news/national/i-miss-breathing-delhi-protesters-demand-action-on-pollution/article_c1c9cef8-e74c-5343-90a3-a7be0b4a3fb6.html,1273277655,PROTESTER 141 GOVERNMENT,actor1 PROTESTER actor2 GOVERNMENT event_code 141 event_root_code 14 country IN,141,14,PROTESTER,GOVERNMENT,IN,-6.5,12,3,12,-8.86325247079964,1273277655,1273277655
2025-11-09 18:30:00+00:00,2025-11-09 18:30:00+00:00,DATEADDED_UTC,2025-11-09,newsghana.com.gh,https://www.newsghana.com.gh/galamsey-becoming-mafia-operation-that-will-engulf-ghana-otumfuo-warns/,1273284304,GOVERNMENT 153 MILITARY,actor1 GOVERNMENT actor2 MILITARY event_code 153 event_root_code 15 country GH,153,15,GOVERNMENT,MILITARY,GH,-7.2,5,1,5,-2.85188592456302,1273284304,1273284304
2025-11-09 19:30:00+00:00,2025-11-09 19:30:00+00:00,DATEADDED_UTC,2025-11-09,sundayexpress.co.ls,https://sundayexpress.co.ls/duo-in-court-for-killing-man-accused-of-stealing-piglet/,1273289134,ADVOCATE 112,actor1 ADVOCATE actor2 event_code 112 event_root_code 11 country ML,112,11,ADVOCATE,,ML,-2.0,5,1,5,-6.90265486725663,1273289134,1273289134
2025-11-09 21:00:00+00:00,2025-11-09 21:00:00+00:00,DATEADDED_UTC,2025-11-09,premiumtimesng.com,https://www.premiumtimesng.com/news/834193-editorial-trump-should-respect-nigerias-sovereignty-and-halt-his-warmongering.html,1273295489,CHINA 130 THE US,actor1 CHINA actor2 THE US event_code 130 event_root_code 13 country CH,130,13,CHINA,THE US,CH,-4.4,8,1,8,-7.40489130434781,1273295489,1273295489
2025-11-09 21:00:00+00:00,2025-11-09 21:00:00+00:00,DATEADDED_UTC,2025-11-09,freepressjournal.in,https://www.freepressjournal.in/indore/indore-news-retimandi-substation-project-stalled-amid-tug-of-war-over-land-ownership,1273295691,REPRESENTATIVES 130,actor1 REPRESENTATIVES actor2 event_code 130 event_root_code 13 country IN,130,13,REPRESENTATIVES,,IN,-4.4,10,1,10,-5.88235294117647,1273295691,1273295691
2025-11-09 22:15:00+00:00,2025-11-09 22:15:00+00:00,DATEADDED_UTC,2025-11-09,channelstv.com,https://www.channelstv.com/2025/11/09/wike-approves-final-14-day-grace-for-fct-land-use-defaulters/,1273300007,MINIST 172 ABUJA,actor1 MINIST actor2 ABUJA event_code 172 event_root_code 17 country NI,172,17,MINIST,ABUJA,NI,-5.0,7,1,7,0.93676814988291,1273300007,1273300007
2025-11-09 23:45:00+00:00,2025-11-09 23:45:00+00:00,DATEADDED_UTC,2025-11-09,bigislandnow.com,https://bigislandnow.com/2025/11/09/brush-fire-off-mana-road-50-contained-with-2100-acres-burned/,1273305426,FIREFIGHTER 190,actor1 FIREFIGHTER actor2 event_code 190 event_root_code 19 country US,190,19,FIREFIGHTER,,US,-10.0,10,1,10,-2.38095238095238,1273305426,1273305426
2025-11-10 00:15:00+00:00,2025-11-10 00:15:00+00:00,DATEADDED_UTC,2025-11-10,brisbanetimes.com.au,https://www.brisbanetimes.com.au/national/a-huge-mistake-that-changed-history-whitlam-failed-to-tell-the-right-people-he-d-been-sacked-20251106-p5n8cj.html,1273307770,GOUGH WHITLAM 110 PARLIAMENT HOUSE,actor1 GOUGH WHITLAM actor2 PARLIAMENT HOUSE event_code 110 event_root_code 11 country AS,110,11,GOUGH WHITLAM,PARLIAMENT HOUSE,AS,-2.0,6,1,6,-3.01826846703733,1273307770,1273307770
2025-11-10 02:00:00+00:00,2025-11-10 02:00:00+00:00,DATEADDED_UTC,2025-11-10,deadline.com,https://deadline.com/2025/11/government-shutdown-senate-vote-trump-1236612319/,1273316760,SENATE 110,actor1 SENATE actor2 event_code 110 event_root_code 11 country US,110,11,SENATE,,US,-2.0,10,1,10,-1.10584518167457,1273316760,1273316760
2025-11-10 03:30:00+00:00,2025-11-10 03:30:00+00:00,DATEADDED_UTC,2025-11-10,thesuburban.com,https://www.thesuburban.com/news/city_news/thousands-rally-for-doctors-at-bell-centre/article_8d5a244c-4873-401c-a783-9d1527c1acbf.html,1273323246,PRESIDENT 111,actor1 PRESIDENT actor2 event_code 111 event_root_code 11 country CA,111,11,PRESIDENT,,CA,-2.0,10,1,10,-1.90615835777126,1273323246,1273323246
2025-11-10 06:30:00+00:00,2025-11-10 06:30:00+00:00,DATEADDED_UTC,2025-11-03,heraldscotland.com,https://www.heraldscotland.com/news/25607854.women-scotland-swinney-wrong-contempt-court-rules/,1273337185,SCOTLAND 100 SCOTTISH,actor1 SCOTLAND actor2 SCOTTISH event_code 100 event_root_code 10 country UK,100,10,SCOTLAND,SCOTTISH,UK,-5.0,5,1,5,-4.64135021097047,1273337185,1273337185
2025-11-10 06:45:00+00:00,2025-11-10 06:45:00+00:00,DATEADDED_UTC,2025-11-10,theconversation.com,https://theconversation.com/three-hours-of-free-power-sounds-great-but-it-could-raise-other-costs-and-hamstring-rooftop-solar-269184,1273339084,120 GOVERNMENT,actor1 actor2 GOVERNMENT event_code 120 event_root_code 12 country AS,120,12,,GOVERNMENT,AS,-4.0,10,1,10,0.19900497512438,1273339084,1273339084
2025-11-10 07:45:00+00:00,2025-11-10 07:45:00+00:00,DATEADDED_UTC,2025-11-10,allafrica.com,https://allafrica.com/stories/202511100019.html,1273345707,PRESIDENT 100 NIGERIA,actor1 PRESIDENT actor2 NIGERIA event_code 100 event_root_code 10 country NI,100,10,PRESIDENT,NIGERIA,NI,-5.0,10,1,10,6.38888888888889,1273345707,1273345707
2025-11-10 08:30:00+00:00,2025-11-10 08:30:00+00:00,DATEADDED_UTC,2025-11-10,dailystar.co.uk,https://www.dailystar.co.uk/news/us-news/trump-pardons-giuliani-others-involved-36218353,1273350615,190 PRESIDENT,actor1 actor2 PRESIDENT event_code 190 event_root_code 19 country US,190,19,,PRESIDENT,US,-10.0,6,1,6,-8.20512820512818,1273350615,1273350615
2025-11-10 08:30:00+00:00,2025-11-10 08:30:00+00:00,DATEADDED_UTC,2025-11-10,news.webindia123.com,https://news.webindia123.com/news/Articles/World/20251110/4381945.html,1273351491,UPRISING 160 NEPAL,actor1 UPRISING actor2 NEPAL event_code 160 event_root_code 16 country NP,160,16,UPRISING,NEPAL,NP,-4.0,5,1,5,1.07270560190703,1273351491,1273351491
2025-11-10 09:00:00+00:00,2025-11-10 09:00:00+00:00,DATEADDED_UTC,2025-11-10,en.mercopress.com,https://en.mercopress.com/2025/11/10/low-attendance-and-diplomatic-tensions-at-eu-celac-summit,1273354356,COLOMBIAN 111 COLOMBIAN,actor1 COLOMBIAN actor2 COLOMBIAN event_code 111 event_root_code 11 country CO,111,11,COLOMBIAN,COLOMBIAN,CO,-2.0,6,1,6,-4.75247524752476,1273354356,1273354356
2025-11-10 09:15:00+00:00,2025-11-10 09:15:00+00:00,DATEADDED_UTC,2025-11-10,thenationonlineng.net,https://thenationonlineng.net/fictive-genocide/,1273357059,NIGERIA 111 PRESIDENT,actor1 NIGERIA actor2 PRESIDENT event_code 111 event_root_code 11 country NI,111,11,NIGERIA,PRESIDENT,NI,-2.0,8,1,8,-6.99638118214716,1273357059,1273357059
2025-11-10 09:45:00+00:00,2025-11-10 09:45:00+00:00,DATEADDED_UTC,2025-11-10,focustaiwan.tw,https://focustaiwan.tw/society/202511100015,1273361214,TAIPEI 173 PROSECUTOR,actor1 TAIPEI actor2 PROSECUTOR event_code 173 event_root_code 17 country TW,173,17,TAIPEI,PROSECUTOR,TW,-5.0,16,1,16,-8.76623376623376,1273361214,1273361214
2025-11-10 10:15:00+00:00,2025-11-10 10:15:00+00:00,DATEADDED_UTC,2025-11-10,bnn-news.com,https://bnn-news.com/lavrov-ready-for-talks-with-us-secretary-of-state-274110,1273364719,UKRAINIAN 120 UKRAINIAN,actor1 UKRAINIAN actor2 UKRAINIAN event_code 120 event_root_code 12 country RS,120,12,UKRAINIAN,UKRAINIAN,RS,-4.0,6,1,6,-1.79640718562874,1273364719,1273364719
2025-11-10 10:45:00+00:00,2025-11-10 10:45:00+00:00,DATEADDED_UTC,2025-11-10,blueprint.ng,https://blueprint.ng/mob-attack-museum-in-benin-disrupts-diplomatic-event/,1273368620,ENVOY 190 BENIN,actor1 ENVOY actor2 BENIN event_code 190 event_root_code 19 country BN,190,19,ENVOY,BENIN,BN,-10.0,5,1,5,-4.08163265306123,1273368620,1273368620
2025-11-10 11:00:00+00:00,2025-11-10 11:00:00+00:00,DATEADDED_UTC,2025-11-10,sungazette.com,https://www.sungazette.com/news/2025/11/charges-continue-to-mount-against-convicted-felon/,1273370908,PRISON 173 JUDGE,actor1 PRISON actor2 JUDGE event_code 173 event_root_code 17 country,173,17,PRISON,JUDGE,,-5.0,5,1,5,-13.0584192439863,1273370908,1273370908
2025-11-10 11:45:00+00:00,2025-11-10 11:45:00+00:00,DATEADDED_UTC,2025-11-10,israelnationalnews.com,https://www.israelnationalnews.com/flashes/670188,1273377814,HAREDI 129 TERRORIST,actor1 HAREDI actor2 TERRORIST event_code 129 event_root_code 12 country,129,12,HAREDI,TERRORIST,,-5.0,10,1,10,-21.4285714285714,1273377814,1273377814
2025-11-10 12:15:00+00:00,2025-11-10 12:15:00+00:00,DATEADDED_UTC,2025-11-10,thehill.com,https://thehill.com/policy/international/5595883-trump-syrian-leader-visit/,1273382860,AMERICAN 141 IRAQ,actor1 AMERICAN actor2 IRAQ event_code 141 event_root_code 14 country US,141,14,AMERICAN,IRAQ,US,-6.5,7,1,7,-1.19250425894378,1273382860,1273382860
2025-11-10 12:30:00+00:00,2025-11-10 12:30:00+00:00,DATEADDED_UTC,2025-11-10,tuko.co.ke,https://www.tuko.co.ke/kenya/counties/609060-mutahi-kahiga-denies-celebrating-railas-death-media-publicity-ni-mzuri/,1273384660,KENYA 110 RAILA ODINGA,actor1 KENYA actor2 RAILA ODINGA event_code 110 event_root_code 11 country IN,110,11,KENYA,RAILA ODINGA,IN,-2.0,8,1,8,-7.43099787685772,1273384660,1273384660
2025-11-10 12:45:00+00:00,2025-11-10 12:45:00+00:00,DATEADDED_UTC,2025-11-10,the-star.co.ke,https://www.the-star.co.ke/news/2025-11-10-states-urged-to-end-factory-farm-funding,1273387265,100 GOVERNMENT,actor1 actor2 GOVERNMENT event_code 100 event_root_code 10 country IN,100,10,,GOVERNMENT,IN,-5.0,5,1,5,-2.0,1273387265,1273387265
2025-11-10 12:45:00+00:00,2025-11-10 12:45:00+00:00,DATEADDED_UTC,2025-11-10,aljazeera.com,https://www.aljazeera.com/news/2025/11/10/iran-dismisses-us-accusation-of-plot-to-kill-israeli-ambassador-in-mexico,1273387912,ISRAEL 112 IRAN,actor1 ISRAEL actor2 IRAN event_code 112 event_root_code 11 country IR,112,11,ISRAEL,IRAN,IR,-2.0,8,1,8,-6.39431616341031,1273387912,1273387912
2025-11-10 13:15:00+00:00,2025-11-10 13:15:00+00:00,DATEADDED_UTC,2025-11-10,newsweek.com,https://www.newsweek.com/h-1b-visa-trump-admin-investigations-visa-abuse-11021029,1273391392,STUDENT 170 ADMINISTRATION,actor1 STUDENT actor2 ADMINISTRATION event_code 170 event_root_code 17 country US,170,17,STUDENT,ADMINISTRATION,US,-7.0,5,1,5,-2.48756218905473,1273391392,1273391392
2025-11-10 14:15:00+00:00,2025-11-10 14:15:00+00:00,DATEADDED_UTC,2025-11-10,theglobeandmail.com,https://www.theglobeandmail.com/canada/article-supreme-court-canada-mandatory-minimum-sentences-child-pornography/,1273400592,PAUL MARTIN 173 PARLIAMENT,actor1 PAUL MARTIN actor2 PARLIAMENT event_code 173 event_root_code 17 country CA,173,17,PAUL MARTIN,PARLIAMENT,CA,-5.0,5,1,5,-5.06445672191529,1273400592,1273400592
2025-11-10 14:15:00+00:00,2025-11-10 14:15:00+00:00,DATEADDED_UTC,2025-11-10,breitbart.com,https://www.breitbart.com/latin-america/2025/11/10/back-to-back-ecuador-prison-riots-leave-at-least-31-dead/,1273400760,ECUADORIAN 190 PRESIDENT,actor1 ECUADORIAN actor2 PRESIDENT event_code 190 event_root_code 19 country US,190,19,ECUADORIAN,PRESIDENT,US,-10.0,6,1,6,-11.3636363636364,1273400760,1273400760
2025-11-10 14:30:00+00:00,2025-11-10 14:30:00+00:00,DATEADDED_UTC,2025-11-10,middleeastmonitor.com,https://www.middleeastmonitor.com/20251110-israel-says-it-needs-12000-more-soldiers-amid-rising-tensions-with-hezbollah/,1273403825,100 LEBANESE,actor1 actor2 LEBANESE event_code 100 event_root_code 10 country LE,100,10,,LEBANESE,LE,-5.0,6,1,6,-10.8974358974359,1273403825,1273403825
2025-11-10 15:30:00+00:00,2025-11-10 15:30:00+00:00,DATEADDED_UTC,2025-11-10,nashvillescene.com,https://www.nashvillescene.com/news/pithinthewind/cothren-casada-trump-pardon-opinion/article_84bc0be7-13d2-4470-acd1-3321b3fed58e.html,1273413306,HOUSE SPEAKER 173,actor1 HOUSE SPEAKER actor2 event_code 173 event_root_code 17 country US,173,17,HOUSE SPEAKER,,US,-5.0,5,1,5,-4.39844760672704,1273413306,1273413306
2025-11-10 16:30:00+00:00,2025-11-10 16:30:00+00:00,DATEADDED_UTC,2025-11-10,aol.co.uk,https://www.aol.co.uk/articles/legal-experts-politicians-criticise-process-160053299.html,1273423873,PALESTINE 172 ISRAEL,actor1 PALESTINE actor2 ISRAEL event_code 172 event_root_code 17 country IS,172,17,PALESTINE,ISRAEL,IS,-5.0,10,1,4,-7.87401574803145,1273423873,1273423873
2025-11-10 17:00:00+00:00,2025-11-10 17:00:00+00:00,DATEADDED_UTC,2025-11-10,foxnews.com,https://www.foxnews.com/politics/portland-area-county-declares-state-emergency-over-ice-activity-police-probed-helping-dhs,1273428917,PORTLAND 154 JUDGE,actor1 PORTLAND actor2 JUDGE event_code 154 event_root_code 15 country US,154,15,PORTLAND,JUDGE,US,-7.2,8,1,8,-5.13274336283186,1273428917,1273428917
2025-11-10 18:15:00+00:00,2025-11-10 18:15:00+00:00,DATEADDED_UTC,2025-11-10,wmnf.org,https://www.wmnf.org/student-activist-group-demonstrates-against-trump-administration-usf/,1273440968,STUDENT 141 ADMINISTRATION,actor1 STUDENT actor2 ADMINISTRATION event_code 141 event_root_code 14 country,141,14,STUDENT,ADMINISTRATION,,-6.5,10,1,10,-2.17391304347826,1273440968,1273440968
2025-11-10 18:15:00+00:00,2025-11-10 18:15:00+00:00,DATEADDED_UTC,2025-11-10,wpsdlocal6.com,https://www.wpsdlocal6.com/news/a-timeline-of-us-strikes-on-boats-that-have-killed-76/article_9b067f11-7538-5944-8cd9-06531fef4c5e.html,1273441174,DEFENSE SECRETARY 111 THE US,actor1 DEFENSE SECRETARY actor2 THE US event_code 111 event_root_code 11 country BH,111,11,DEFENSE SECRETARY,THE US,BH,-2.0,6,1,6,-8.96513558384062,1273441174,1273441174
2025-11-10 18:15:00+00:00,2025-11-10 18:15:00+00:00,DATEADDED_UTC,2025-11-10,natlawreview.com,https://natlawreview.com/article/dupe-proof-lululemons-new-strategy-brand-protection-social-media-era,1273441332,DISTRICT COURT 115 CALIFORNIA,actor1 DISTRICT COURT actor2 CALIFORNIA event_code 115 event_root_code 11 country US,115,11,DISTRICT COURT,CALIFORNIA,US,-2.0,10,1,10,-4.17690417690418,1273441332,1273441332
2025-11-10 19:30:00+00:00,2025-11-10 19:30:00+00:00,DATEADDED_UTC,2025-11-10,wfmynews2.com,https://www.wfmynews2.com/article/news/local/police-respond-to-early-morning-assault-call-on-mayfair-avenuein-greensboro/83-4b9320ad-05f4-4847-bfb8-150ca8ec35cb,1273452872,AUTHORITIES 193 GREENSBORO,actor1 AUTHORITIES actor2 GREENSBORO event_code 193 event_root_code 19 country,193,19,AUTHORITIES,GREENSBORO,,-10.0,5,1,5,-7.43801652892562,1273452872,1273452872
2025-11-10 19:45:00+00:00,2025-11-10 19:45:00+00:00,DATEADDED_UTC,2025-11-10,garoweonline.com,https://www.garoweonline.com/en/news/somalia/senior-al-shabaab-commanders-killed-in-somalia,1273455376,SOMALIA 190 COMMANDER,actor1 SOMALIA actor2 COMMANDER event_code 190 event_root_code 19 country SO,190,19,SOMALIA,COMMANDER,SO,-10.0,10,1,10,-6.52173913043478,1273455376,1273455376
2025-11-10 20:00:00+00:00,2025-11-10 20:00:00+00:00,DATEADDED_UTC,2025-11-10,speaker.gov,https://www.speaker.gov/2025/11/10/speaker-johnson-remarks-on-day-41-of-democrat-government-shutdown/,1273456713,GOVERNMENT 181,actor1 GOVERNMENT actor2 event_code 181 event_root_code 18 country US,181,18,GOVERNMENT,,US,-9.0,20,1,10,-2.05303678357571,1273456713,1273456713
2025-11-10 20:15:00+00:00,2025-11-10 20:15:00+00:00,DATEADDED_UTC,2025-11-10,clevelandjewishnews.com,https://www.clevelandjewishnews.com/jns/trump-admin-removes-sanctions-from-syrian-president-interior-minister/article_7dedee47-12ee-55b9-84b4-5dab4875c23e.html,1273458877,CHINA 120 UYGHUR,actor1 CHINA actor2 UYGHUR event_code 120 event_root_code 12 country CH,120,12,CHINA,UYGHUR,CH,-4.0,8,1,8,-6.22406639004149,1273458877,1273458877
2025-11-10 20:15:00+00:00,2025-11-10 20:15:00+00:00,DATEADDED_UTC,2025-11-10,richlandsource.com,https://www.richlandsource.com/2025/11/10/mansfield-veterans-day-events-moving-indoors-at-amvets-post-26/,1273459487,NAVY 141,actor1 NAVY actor2 event_code 141 event_root_code 14 country US,141,14,NAVY,,US,-6.5,6,1,6,-0.23255813953488,1273459487,1273459487
2025-11-10 20:45:00+00:00,2025-11-10 20:45:00+00:00,DATEADDED_UTC,2025-11-10,kiro7.com,https://www.kiro7.com/news/counties-with-most-veterans-washington/2ACVHJEWRVL5PEEOIMTBRCB26U/,1273463237,POPULATION 120 MILITARY,actor1 POPULATION actor2 MILITARY event_code 120 event_root_code 12 country US,120,12,POPULATION,MILITARY,US,-4.0,10,1,10,-20.2761000862813,1273463237,1273463237
2025-11-10 22:15:00+00:00,2025-11-10 22:15:00+00:00,DATEADDED_UTC,2025-11-10,irishtimes.com,https://www.irishtimes.com/world/us/2025/11/10/us-president-donald-trump-meets-syrian-leader-al-sharaa-at-white-house/,1273475260,OVAL OFFICE 120,actor1 OVAL OFFICE actor2 event_code 120 event_root_code 12 country SY,120,12,OVAL OFFICE,,SY,-4.0,10,1,10,-2.34657039711191,1273475260,1273475260
2025-11-10 22:45:00+00:00,2025-11-10 22:45:00+00:00,DATEADDED_UTC,2025-11-10,dailymail.co.uk,https://www.dailymail.co.uk/news/article-15276801/new-mexico-police-chief-help-judges-repeat-offenders.html,1273478275,POLICE CHIEF 111 JUDGE,actor1 POLICE CHIEF actor2 JUDGE event_code 111 event_root_code 11 country US,111,11,POLICE CHIEF,JUDGE,US,-2.0,10,1,10,-6.74157303370786,1273478275,1273478275
2025-11-11 00:00:00+00:00,2025-11-11 00:00:00+00:00,DATEADDED_UTC,2025-11-11,yahoo.com,https://www.yahoo.com/news/articles/trump-asks-supreme-court-throw-233837655.html,1273486619,100 CIRCUIT COURT OF APPEALS,actor1 actor2 CIRCUIT COURT OF APPEALS event_code 100 event_root_code 10 country US,100,10,,CIRCUIT COURT OF APPEALS,US,-5.0,6,1,6,-5.43175487465181,1273486619,1273486619
2025-11-11 00:45:00+00:00,2025-11-11 00:45:00+00:00,DATEADDED_UTC,2025-11-11,kcra.com,https://www.kcra.com/article/gov-newsom-climate-conference-in-brazil/69366026,1273494681,BRAZIL 125 ADMINISTRATION,actor1 BRAZIL actor2 ADMINISTRATION event_code 125 event_root_code 12 country BR,125,12,BRAZIL,ADMINISTRATION,BR,-5.0,12,1,6,-1.47368421052632,1273494681,1273494681
2025-11-11 01:15:00+00:00,2025-11-11 01:15:00+00:00,DATEADDED_UTC,2025-11-11,kvia.com,https://kvia.com/news/new-mexico/2025/11/10/nm-supreme-court-upholds-conviction-of-deming-man-convicted-of-murdering-stepson/,1273500823,NEW MEXICO 190 NEW MEXICO,actor1 NEW MEXICO actor2 NEW MEXICO event_code 190 event_root_code 19 country MX,190,19,NEW MEXICO,NEW MEXICO,MX,-10.0,6,1,6,-3.85487528344671,1273500823,1273500823
2025-11-11 01:30:00+00:00,2025-11-11 01:30:00+00:00,DATEADDED_UTC,2025-11-11,algemeiner.com,https://www.algemeiner.com/2025/11/10/turkey-said-mobilizing-troops-gaza-peacekeeping-sparkings-tensions-israel/,1273502605,TURKISH 173 ISRAELI,actor1 TURKISH actor2 ISRAELI event_code 173 event_root_code 17 country TU,173,17,TURKISH,ISRAELI,TU,-5.0,5,1,5,-4.17163289630512,1273502605,1273502605
2025-11-11 01:45:00+00:00,2025-11-11 01:45:00+00:00,DATEADDED_UTC,2025-11-11,worldtribune.com,https://worldtribune.com/supreme-court-agrees-to-hear-case-on-states-counting-mail-in-ballots-received-after-election-day/,1273504242,CIRCUIT COURT OF APPEALS 190,actor1 CIRCUIT COURT OF APPEALS actor2 event_code 190 event_root_code 19 country US,190,19,CIRCUIT COURT OF APPEALS,,US,-10.0,10,1,10,1.75438596491228,1273504242,1273504242
2025-11-11 02:00:00+00:00,2025-11-11 02:00:00+00:00,DATEADDED_UTC,2025-11-11,businessworld.in,https://www.businessworld.in/article/red-fort-blast-death-toll-rises-to-8-nia-joins-probe-delhi-on-high-alert-579171,1273505577,AUTHORITIES 192,actor1 AUTHORITIES actor2 event_code 192 event_root_code 19 country IN,192,19,AUTHORITIES,,IN,-9.5,20,2,20,-5.73979591836734,1273505577,1273505577
2025-11-11 02:00:00+00:00,2025-11-11 02:00:00+00:00,DATEADDED_UTC,2025-11-11,fox26houston.com,https://www.fox26houston.com/news/heavens-27-lawsuit-camp-mystic-gross-negligence,1273505749,COUNSELOR 112 UNITED STATES,actor1 COUNSELOR actor2 UNITED STATES event_code 112 event_root_code 11 country US,112,11,COUNSELOR,UNITED STATES,US,-2.0,6,1,6,-6.07950116913484,1273505749,1273505749
2025-11-11 02:30:00+00:00,2025-11-11 02:30:00+00:00,DATEADDED_UTC,2025-11-11,kare11.com,https://www.kare11.com/article/news/local/courts-news/trial-begins-for-alleged-killer-who-posed-as-ups-worker/89-555807fa-fb8f-475b-8217-a8a6cee2fa05,1273509449,ATTORNEY 112,actor1 ATTORNEY actor2 event_code 112 event_root_code 11 country MX,112,11,ATTORNEY,,MX,-2.0,6,1,6,-8.93854748603352,1273509449,1273509449
2025-11-11 03:00:00+00:00,2025-11-11 03:00:00+00:00,DATEADDED_UTC,2025-11-11,wbbjtv.com,https://www.wbbjtv.com/2025/11/10/madison-county-court-appearances-include-charged-pastor-drummond-alleged-accomplices/,1273512667,MINIST 1821,actor1 MINIST actor2 event_code 1821 event_root_code 18 country,1821,18,MINIST,,,-9.0,10,1,10,-7.39856801909308,1273512667,1273512667
2025-11-11 05:30:00+00:00,2025-11-11 05:30:00+00:00,DATEADDED_UTC,2025-11-11,batemansbaypost.com.au,https://www.batemansbaypost.com.au/story/9109414/alleged-gunman-arrested-over-plumbers-driveway-killing/,1273527201,POLICE 173 GUNMAN,actor1 POLICE actor2 GUNMAN event_code 173 event_root_code 17 country AS,173,17,POLICE,GUNMAN,AS,-5.0,26,3,26,-8.40330739528257,1273527201,1273527201
2025-11-11 08:00:00+00:00,2025-11-11 08:00:00+00:00,DATEADDED_UTC,2025-11-11,catholicworldreport.com,https://www.catholicworldreport.com/2025/11/10/supreme-court-declines-to-hear-challenge-to-same-sex-marriage-decision/,1273544208,SENATOR 173,actor1 SENATOR actor2 event_code 173 event_root_code 17 country US,173,17,SENATOR,,US,-5.0,6,1,6,-2.77574872169466,1273544208,1273544208
2025-11-11 08:00:00+00:00,2025-11-11 08:00:00+00:00,DATEADDED_UTC,2025-11-11,thenationonlineng.net,https://thenationonlineng.net/madmen-and-specialists-3/,1273544361,NIGERIAN 160,actor1 NIGERIAN actor2 event_code 160 event_root_code 16 country NI,160,16,NIGERIAN,,NI,-4.0,6,1,6,-6.81818181818186,1273544361,1273544361
2025-11-11 08:30:00+00:00,2025-11-11 08:30:00+00:00,DATEADDED_UTC,2025-11-11,tribune.com.pk,https://tribune.com.pk/story/2576907/na-to-vote-on-27th-amendment-today-after-senate-approval,1273547999,PRESIDENT 111 JUDICIARY,actor1 PRESIDENT actor2 JUDICIARY event_code 111 event_root_code 11 country PK,111,11,PRESIDENT,JUDICIARY,PK,-2.0,6,1,6,0.81967213114754,1273547999,1273547999
2025-11-11 08:30:00+00:00,2025-11-11 08:30:00+00:00,DATEADDED_UTC,2025-11-11,ecofinagency.com,https://www.ecofinagency.com/news-finances/1111-50325-senegal-rules-out-debt-restructuring-vows-to-pay-with-own-means,1273548035,RULING PARTY 111 ADMINISTRATION,actor1 RULING PARTY actor2 ADMINISTRATION event_code 111 event_root_code 11 country SG,111,11,RULING PARTY,ADMINISTRATION,SG,-2.0,10,1,10,-4.52079566003617,1273548035,1273548035
2025-11-11 09:45:00+00:00,2025-11-11 09:45:00+00:00,DATEADDED_UTC,2025-11-11,rte.ie,https://www.rte.ie/news/presidential-election/2025/1111/1543281-ireland-presidency-politics/,1273557538,PRESIDENT 110,actor1 PRESIDENT actor2 event_code 110 event_root_code 11 country EI,110,11,PRESIDENT,,EI,-2.0,5,1,5,-1.04712041884817,1273557538,1273557538
2025-11-11 09:45:00+00:00,2025-11-11 09:45:00+00:00,DATEADDED_UTC,2025-11-11,saharareporters.com,https://saharareporters.com/2025/11/11/military-action-nigerian-presidency-says-trump-tinubu-meeting-plans-still-ongoing,1273557605,ADMINISTRATION 110 NIGERIA,actor1 ADMINISTRATION actor2 NIGERIA event_code 110 event_root_code 11 country NI,110,11,ADMINISTRATION,NIGERIA,NI,-2.0,6,1,6,0.16501650165016,1273557605,1273557605
2025-11-11 10:00:00+00:00,2025-11-11 10:00:00+00:00,DATEADDED_UTC,2025-11-11,dailypost.ng,https://dailypost.ng/2025/11/11/speeding-drunk-driver-crushes-elderly-woman-to-death-in-lagos/,1273560086,OPERATIVE 173,actor1 OPERATIVE actor2 event_code 173 event_root_code 17 country NI,173,17,OPERATIVE,,NI,-5.0,10,1,10,-10.0864553314121,1273560086,1273560086
2025-11-11 10:15:00+00:00,2025-11-11 10:15:00+00:00,DATEADDED_UTC,2025-11-11,straitstimes.com,https://www.straitstimes.com/asia/south-asia/explosion-injures-eight-outside-court-in-islamabad-police-say,1273561498,POLICE 192 PARAMILITARY,actor1 POLICE actor2 PARAMILITARY event_code 192 event_root_code 19 country SN,192,19,POLICE,PARAMILITARY,SN,-9.5,5,1,5,-9.75609756097561,1273561498,1273561498
2025-11-11 10:30:00+00:00,2025-11-11 10:30:00+00:00,DATEADDED_UTC,2025-11-11,africa.com,https://africa.com/nigeria-vows-to-intensify-fight-against-militants/,1273564670,MILITANT 190 NIGERIA,actor1 MILITANT actor2 NIGERIA event_code 190 event_root_code 19 country NI,190,19,MILITANT,NIGERIA,NI,-10.0,10,1,10,-3.70370370370371,1273564670,1273564670
2025-11-11 11:00:00+00:00,2025-11-11 11:00:00+00:00,DATEADDED_UTC,2025-11-11,thenationalnews.com,https://www.thenationalnews.com/news/mena/2025/11/11/israeli-bill-proposing-death-penalty-for-terrorists-passes-first-reading-in-knesset/,1273568473,GOVERNMENT 120,actor1 GOVERNMENT actor2 event_code 120 event_root_code 12 country IS,120,12,GOVERNMENT,,IS,-4.0,6,1,6,-6.18131868131868,1273568473,1273568473
2025-11-11 11:15:00+00:00,2025-11-11 11:15:00+00:00,DATEADDED_UTC,2025-11-11,ventureburn.com,https://ventureburn.com/rumble-to-acquire-northern-data-in-767m-all-stock-deal/,1273571103,INTELLIGENCE 192,actor1 INTELLIGENCE actor2 event_code 192 event_root_code 19 country GM,192,19,INTELLIGENCE,,GM,-9.5,10,1,10,-0.24875621890547,1273571103,1273571103
2025-11-11 11:30:00+00:00,2025-11-11 11:30:00+00:00,DATEADDED_UTC,2025-11-11,thecable.ng,https://www.thecable.ng/tinubu-sends-delegation-to-uk-to-negotiate-ekweremadus-transfer-to-nigeria/,1273572835,UNITED KINGDOM 173 SENATE PRESIDENT,actor1 UNITED KINGDOM actor2 SENATE PRESIDENT event_code 173 event_root_code 17 country UK,173,17,UNITED KINGDOM,SENATE PRESIDENT,UK,-5.0,5,1,5,-3.63636363636363,1273572835,1273572835
2025-11-11 12:00:00+00:00,2025-11-11 12:00:00+00:00,DATEADDED_UTC,2025-11-11,wyomingnewsnow.tv,https://www.wyomingnewsnow.tv/news/national/suicide-bombing-in-islamabad-kills-12-wounds-27/article_46876951-6a53-51b5-b973-cf1fce717578.html,1273578034,PRIME MINISTER 112 TERRORIST,actor1 PRIME MINISTER actor2 TERRORIST event_code 112 event_root_code 11 country IN,112,11,PRIME MINISTER,TERRORIST,IN,-2.0,5,1,5,-13.3522727272727,1273578034,1273578034
2025-11-11 12:45:00+00:00,2025-11-11 12:45:00+00:00,DATEADDED_UTC,2025-11-11,firstpost.com,https://www.firstpost.com/explainers/major-blasts-in-delhi-red-fort-13949610.html,1273586149,PARLIAMENT 173,actor1 PARLIAMENT actor2 event_code 173 event_root_code 17 country IN,173,17,PARLIAMENT,,IN,-5.0,10,1,10,-11.0782865583456,1273586149,1273586149
2025-11-11 13:15:00+00:00,2025-11-11 13:15:00+00:00,DATEADDED_UTC,2025-11-11,hindustantimes.com,https://www.hindustantimes.com/india-news/jaishankar-to-visit-canada-on-nov-12-for-g7-meet-signals-thaw-in-bilateral-ties-101762864111885.html,1273590537,CANADIAN 112 GOVERNMENT,actor1 CANADIAN actor2 GOVERNMENT event_code 112 event_root_code 11 country CA,112,11,CANADIAN,GOVERNMENT,CA,-2.0,6,1,6,-1.8348623853211,1273590537,1273590537
2025-11-11 13:45:00+00:00,2025-11-11 13:45:00+00:00,DATEADDED_UTC,2025-11-11,newrepublic.com,https://newrepublic.com/article/202961/transcript-dems-blinked-will-embolden-trump,1273595867,VOTER 120 GOVERNMENT,actor1 VOTER actor2 GOVERNMENT event_code 120 event_root_code 12 country US,120,12,VOTER,GOVERNMENT,US,-4.0,6,1,6,-1.10987791342952,1273595867,1273595867
2025-11-11 14:30:00+00:00,2025-11-11 14:30:00+00:00,DATEADDED_UTC,2025-11-11,victoriaadvocate.com,https://victoriaadvocate.com/2025/11/11/victoria-native-keeps-spirit-of-veterans-day-alive-and-well/,1273603816,AIR FORCE 190,actor1 AIR FORCE actor2 event_code 190 event_root_code 19 country GQ,190,19,AIR FORCE,,GQ,-10.0,6,1,6,0.33955857385399,1273603816,1273603816
2025-11-11 15:45:00+00:00,2025-11-11 15:45:00+00:00,DATEADDED_UTC,2025-11-04,metro.co.uk,https://metro.co.uk/2025/11/11/nearly-100-prisoners-freed-mistake-seven-months-this-year-24678676/,1273615716,ALGERIA 173 UNITED KINGDOM,actor1 ALGERIA actor2 UNITED KINGDOM event_code 173 event_root_code 17 country UK,173,17,ALGERIA,UNITED KINGDOM,UK,-5.0,6,1,6,-7.66550522648087,1273615716,1273615716
2025-11-11 15:45:00+00:00,2025-11-11 15:45:00+00:00,DATEADDED_UTC,2025-11-11,theskinny.co.uk,https://www.theskinny.co.uk/film/news/glasgow-film-festival-2026-retrospective-sweden,1273616279,FRENCH 190 ALGERIA,actor1 FRENCH actor2 ALGERIA event_code 190 event_root_code 19 country AG,190,19,FRENCH,ALGERIA,AG,-10.0,6,1,6,-1.83206106870229,1273616279,1273616279
2025-11-11 15:45:00+00:00,2025-11-11 15:45:00+00:00,DATEADDED_UTC,2025-11-11,express.co.uk,https://www.express.co.uk/news/world/2132603/putin-russia-sergei-lavrov-rant-uk-military,1273616496,FOREIGN MINIST 160 UKRAINE,actor1 FOREIGN MINIST actor2 UKRAINE event_code 160 event_root_code 16 country RS,160,16,FOREIGN MINIST,UKRAINE,RS,-4.0,8,1,8,-4.15841584158416,1273616496,1273616496
2025-11-11 16:15:00+00:00,2025-11-11 16:15:00+00:00,DATEADDED_UTC,2025-11-11,2news.com,https://www.2news.com/news/world/prosecutor-seeks-2-352-year-jail-term-for-istanbuls-jailed-mayor-over-alleged-corruption/article_a02e5606-cf31-5c91-a0bd-381faaaa2954.html,1273622119,ANKARA 112 MAYOR,actor1 ANKARA actor2 MAYOR event_code 112 event_root_code 11 country TU,112,11,ANKARA,MAYOR,TU,-2.0,5,1,5,-14.1891891891892,1273622119,1273622119
2025-11-11 16:45:00+00:00,2025-11-11 16:45:00+00:00,DATEADDED_UTC,2025-11-11,thenationonlineng.net,https://thenationonlineng.net/alleged-n80-2b-fraud-court-postpones-yahaya-bellos-trial-to-january-29/,1273628153,LAWYER 120,actor1 LAWYER actor2 event_code 120 event_root_code 12 country NI,120,12,LAWYER,,NI,-4.0,5,1,5,-4.29184549356223,1273628153,1273628153
2025-11-11 17:00:00+00:00,2025-11-11 17:00:00+00:00,DATEADDED_UTC,2025-11-11,foxnews.com,https://www.foxnews.com/politics/red-state-judge-chooses-new-congressional-map-fight-could-reshape-house-control,1273631301,UTAH 190 PRESIDENT,actor1 UTAH actor2 PRESIDENT event_code 190 event_root_code 19 country US,190,19,UTAH,PRESIDENT,US,-10.0,7,1,7,-1.24843945068664,1273631301,1273631301
2025-11-11 17:30:00+00:00,2025-11-11 17:30:00+00:00,DATEADDED_UTC,2025-11-11,theweek.in,https://www.theweek.in/news/defence/2025/11/11/microfilm-reveals-chinas-killer-combo-for-penetrating-air-defences-stealth-fighter-stealth-drone-ew-jet.html,1273634121,CHINA 138 WARSHIP,actor1 CHINA actor2 WARSHIP event_code 138 event_root_code 13 country CH,138,13,CHINA,WARSHIP,CH,-7.0,5,1,5,-1.98300283286119,1273634121,1273634121
2025-11-11 17:30:00+00:00,2025-11-11 17:30:00+00:00,DATEADDED_UTC,2025-11-11,independent.co.uk,https://www.independent.co.uk/asia/southeast-asia/changi-airport-singapore-theft-supplements-b2862756.html,1273635189,SINGAPORE 112 AUSTRALIAN,actor1 SINGAPORE actor2 AUSTRALIAN event_code 112 event_root_code 11 country SN,112,11,SINGAPORE,AUSTRALIAN,SN,-2.0,10,1,10,-9.21052631578947,1273635189,1273635189
2025-11-11 17:45:00+00:00,2025-11-11 17:45:00+00:00,DATEADDED_UTC,2025-11-11,thedailybeast.com,https://www.thedailybeast.com/bloody-skirmishes-erupt-at-university-during-charlie-kirk-event/,1273637703,DEMONSTRATOR 190,actor1 DEMONSTRATOR actor2 event_code 190 event_root_code 19 country US,190,19,DEMONSTRATOR,,US,-10.0,10,1,10,-6.73575129533678,1273637703,1273637703
2025-11-11 18:30:00+00:00,2025-11-11 18:30:00+00:00,DATEADDED_UTC,2025-11-11,turnto10.com,https://turnto10.com/news/nation-world/trump-sends-largest-us-aircraft-carrier-to-caribbean-amid-venezuela-conflict-pentagon-secretary-of-war-defense-department-colombia-justice-department-nicolas-maduro-sean-parnell-latin-america-uss-gerald-ford,1273644420,VENEZUELA 138 GUERRILLA,actor1 VENEZUELA actor2 GUERRILLA event_code 138 event_root_code 13 country US,138,13,VENEZUELA,GUERRILLA,US,-7.0,10,5,10,-4.08163265306122,1273644420,1273644420
2025-11-11 18:45:00+00:00,2025-11-11 18:45:00+00:00,DATEADDED_UTC,2025-11-11,katherinetimes.com.au,https://www.katherinetimes.com.au/story/9108985/optus-triple-zero-outage-raises-spectrum-auction-concerns/,1273645457,112 CARRIER,actor1 actor2 CARRIER event_code 112 event_root_code 11 country AS,112,11,,CARRIER,AS,-2.0,10,1,10,-6.04703247480404,1273645457,1273645457
2025-11-11 19:45:00+00:00,2025-11-11 19:45:00+00:00,DATEADDED_UTC,2025-11-11,am1150.ca,https://www.am1150.ca/79589/news/provincial/small-producers-still-face-major-barriers-to-selling-alcohol-across-provincial-borders-report-find/,1273654646,GOVERNMENT 120 INDUSTRY,actor1 GOVERNMENT actor2 INDUSTRY event_code 120 event_root_code 12 country CA,120,12,GOVERNMENT,INDUSTRY,CA,-4.0,10,1,10,0.34662045060659,1273654646,1273654646
2025-11-11 20:00:00+00:00,2025-11-11 20:00:00+00:00,DATEADDED_UTC,2025-11-11,wkyt.com,https://www.wkyt.com/2025/11/11/traveling-veterinarian-accused-sexually-assaulting-juveniles-fla-western-ky-investigators-say-there-may-be-more-victims/,1273656207,MURRAY 173 KENTUCKY,actor1 MURRAY actor2 KENTUCKY event_code 173 event_root_code 17 country US,173,17,MURRAY,KENTUCKY,US,-5.0,6,1,6,-12.5,1273656207,1273656207
2025-11-11 20:00:00+00:00,2025-11-11 20:00:00+00:00,DATEADDED_UTC,2025-11-11,dailymail.co.uk,https://www.dailymail.co.uk/news/article-15281625/victoria-sorocean-immigrant-ice-arrested-moldova.html,1273657159,LOS ANGELES 190 VICTORIA,actor1 LOS ANGELES actor2 VICTORIA event_code 190 event_root_code 19 country US,190,19,LOS ANGELES,VICTORIA,US,-10.0,10,1,10,-12.5858123569794,1273657159,1273657159
2025-11-11 20:30:00+00:00,2025-11-11 20:30:00+00:00,DATEADDED_UTC,2025-11-11,thewrap.com,https://www.thewrap.com/jimmy-fallon-government-shutdown-tonight-show-laughter/,1273661142,CONGRESSMAN 182,actor1 CONGRESSMAN actor2 event_code 182 event_root_code 18 country,182,18,CONGRESSMAN,,,-9.5,5,1,5,1.53452685421995,1273661142,1273661142
2025-11-11 20:30:00+00:00,2025-11-11 20:30:00+00:00,DATEADDED_UTC,2025-11-11,whec.com,https://www.whec.com/ap-top-news/suspect-chased-by-police-for-170-miles-through-4-california-counties-before-escaping-into-mexico/,1273661605,UNITED STATES 192 MEXICO,actor1 UNITED STATES actor2 MEXICO event_code 192 event_root_code 19 country US,192,19,UNITED STATES,MEXICO,US,-9.5,6,1,6,-2.12121212121212,1273661605,1273661605
2025-11-11 20:45:00+00:00,2025-11-11 20:45:00+00:00,DATEADDED_UTC,2025-11-11,athens-times.com,https://athens-times.com/north-macedonia-five-arrested-in-eu-farm-subsidy-scandal/,1273663245,THE OPPOSITION 130 FARMER,actor1 THE OPPOSITION actor2 FARMER event_code 130 event_root_code 13 country MK,130,13,THE OPPOSITION,FARMER,MK,-4.4,5,1,5,-5.15873015873016,1273663245,1273663245
2025-11-11 21:15:00+00:00,2025-11-11 21:15:00+00:00,DATEADDED_UTC,2025-11-11,miragenews.com,https://www.miragenews.com/canada-eu-joint-minister-meeting-yields-1568373/,1273666912,THE EU 110 CANADA,actor1 THE EU actor2 CANADA event_code 110 event_root_code 11 country CA,110,11,THE EU,CANADA,CA,-2.0,10,1,10,3.19778918278721,1273666912,1273666912
2025-11-11 23:30:00+00:00,2025-11-11 23:30:00+00:00,DATEADDED_UTC,2025-11-11,mumbaimirror.indiatimes.com,https://mumbaimirror.indiatimes.com/mumbai/elected-members-of-a-society-cannot-be-disqualified-based-on-allegations-hc/articleshow/125252263.html,1273682254,OPERATIVE 100,actor1 OPERATIVE actor2 event_code 100 event_root_code 10 country IN,100,10,OPERATIVE,,IN,-5.0,10,1,10,-7.2,1273682254,1273682254
2025-11-12 00:00:00+00:00,2025-11-12 00:00:00+00:00,DATEADDED_UTC,2025-11-12,kxl.com,https://www.kxl.com/syndicated-article/?id=1645603,1273686378,SENATE 100 GOVERNMENT,actor1 SENATE actor2 GOVERNMENT event_code 100 event_root_code 10 country US,100,10,SENATE,GOVERNMENT,US,-5.0,10,1,10,-1.03492884864166,1273686378,1273686378
2025-11-12 00:00:00+00:00,2025-11-12 00:00:00+00:00,DATEADDED_UTC,2025-11-12,ktvu.com,https://www.ktvu.com/news/red-bay-coffee-closing-oakland-fruitvale-cafe,1273686560,STARBUCKS 1723 AFRICA,actor1 STARBUCKS actor2 AFRICA event_code 1723 event_root_code 17 country US,1723,17,STARBUCKS,AFRICA,US,-5.0,6,1,6,3.17460317460317,1273686560,1273686560
2025-11-12 00:00:00+00:00,2025-11-12 00:00:00+00:00,DATEADDED_UTC,2025-11-12,myanmarnews.net,http://www.myanmarnews.net/news/278687702/sincere-prayers-japan-pm-sanae-takaichi-expresses-deep-sorrow-over-loss-of-lives-in-delhi-blast,1273687341,THE US 183 DELHI,actor1 THE US actor2 DELHI event_code 183 event_root_code 18 country IN,183,18,THE US,DELHI,IN,-10.0,8,4,8,-6.25,1273687341,1273687341
2025-11-12 00:15:00+00:00,2025-11-12 00:15:00+00:00,DATEADDED_UTC,2025-11-12,miragenews.com,https://www.miragenews.com/adult-time-for-violent-crime-1568524/,1273688058,173 GOVERNMENT,actor1 actor2 GOVERNMENT event_code 173 event_root_code 17 country,173,17,,GOVERNMENT,,-5.0,10,1,10,-14.0471512770138,1273688058,1273688058
2025-11-12 00:15:00+00:00,2025-11-12 00:15:00+00:00,DATEADDED_UTC,2025-11-12,thedailybeast.com,https://www.thedailybeast.com/key-ally-stops-sending-intel-over-illegal-boat-strikes/,1273688491,CRIMINAL 1014 COLOMBIAN,actor1 CRIMINAL actor2 COLOMBIAN event_code 1014 event_root_code 10 country CO,1014,10,CRIMINAL,COLOMBIAN,CO,-5.0,6,1,6,-6.28637951105937,1273688491,1273688491
2025-11-12 00:30:00+00:00,2025-11-12 00:30:00+00:00,DATEADDED_UTC,2025-11-12,panow.com,https://panow.com/2025/11/11/israeli-settlers-attack-two-palestinian-villages-in-the-west-bank/,1273691944,FRENCH 111 PARIS,actor1 FRENCH actor2 PARIS event_code 111 event_root_code 11 country FR,111,11,FRENCH,PARIS,FR,-2.0,10,1,10,-7.0118662351672,1273691944,1273691944
2025-11-12 01:30:00+00:00,2025-11-12 01:30:00+00:00,DATEADDED_UTC,2025-11-12,northcentralpa.com,https://www.northcentralpa.com/news/police-child-porn-offender-denied-bail-for-sexting-decoy-13-year-old-girl/article_bd6910ce-944c-4f5f-a64a-945a6658a9c4.html,1273699805,JUDGE 180,actor1 JUDGE actor2 event_code 180 event_root_code 18 country,180,18,JUDGE,,,-9.0,5,1,5,-10.0775193798449,1273699805,1273699805
2025-11-12 01:45:00+00:00,2025-11-12 01:45:00+00:00,DATEADDED_UTC,2025-11-12,reflector.com,https://www.reflector.com/news/national/suicide-bomber-kills-12-outside-islamabad-court-as-pakistan-violence-rises/article_84844376-46b4-5ce5-bfd7-149752e79f17.html,1273701256,TALIBAN 112 ISLAMABAD,actor1 TALIBAN actor2 ISLAMABAD event_code 112 event_root_code 11 country PK,112,11,TALIBAN,ISLAMABAD,PK,-2.0,5,1,5,-9.86590038314178,1273701256,1273701256
2025-11-12 02:00:00+00:00,2025-11-12 02:00:00+00:00,DATEADDED_UTC,2025-11-12,nola.com,https://www.nola.com/news/crime_police/hidden-camera-arrest-metairie/article_e67a68c2-eb10-415e-a442-7bbdd08a20d8.html,1273703394,AUTHORITIES 120 WORKER,actor1 AUTHORITIES actor2 WORKER event_code 120 event_root_code 12 country,120,12,AUTHORITIES,WORKER,,-4.0,5,1,5,-3.36700336700337,1273703394,1273703394
2025-11-12 02:00:00+00:00,2025-11-12 02:00:00+00:00,DATEADDED_UTC,2025-11-12,abc7amarillo.com,https://abc7amarillo.com/news/local/3-wildfires-started-by-dragging-tow-chain-down-highway-in-deaf-smith-county-bootleg-vfd,1273703427,FIREFIGHTER 190 TEXAS,actor1 FIREFIGHTER actor2 TEXAS event_code 190 event_root_code 19 country US,190,19,FIREFIGHTER,TEXAS,US,-10.0,5,1,5,-9.83606557377049,1273703427,1273703427
2025-11-12 02:15:00+00:00,2025-11-12 02:15:00+00:00,DATEADDED_UTC,2025-11-12,wyomingnewsnow.tv,https://www.wyomingnewsnow.tv/news/national/france-warns-over-caribbean-instability-as-g7-talks-open/article_41d81861-f704-50af-8479-6469b4f8d551.html,1273705007,FRANCE 195 A US,actor1 FRANCE actor2 A US event_code 195 event_root_code 19 country CA,195,19,FRANCE,A US,CA,-10.0,16,2,16,-6.6543438077634,1273705007,1273705007
2025-11-12 02:15:00+00:00,2025-11-12 02:15:00+00:00,DATEADDED_UTC,2025-11-12,spacewar.com,https://www.spacewar.com/afp/251111212327.uei5t1h2.html,1273705324,AIRCRAFT CARRIER 195 VENEZUELAN,actor1 AIRCRAFT CARRIER actor2 VENEZUELAN event_code 195 event_root_code 19 country UK,195,19,AIRCRAFT CARRIER,VENEZUELAN,UK,-10.0,7,1,7,-5.51301684532925,1273705324,1273705324
2025-11-12 02:30:00+00:00,2025-11-12 02:30:00+00:00,DATEADDED_UTC,2025-11-12,chiangraitimes.com,https://www.chiangraitimes.com/chiangrai/heavy-metals-kok-and-sai-rivers/,1273707086,MYANMAR 192 THAILAND,actor1 MYANMAR actor2 THAILAND event_code 192 event_root_code 19 country TH,192,19,MYANMAR,THAILAND,TH,-9.5,5,1,5,-2.20293724966622,1273707086,1273707086
2025-11-12 02:45:00+00:00,2025-11-12 02:45:00+00:00,DATEADDED_UTC,2025-11-12,biometricupdate.com,https://www.biometricupdate.com/202511/eu-ai-act-proposals-could-rewire-gdpr-water-down-tech-regulations,1273708458,THE EU 110 REPRESENTATIVES,actor1 THE EU actor2 REPRESENTATIVES event_code 110 event_root_code 11 country AU,110,11,THE EU,REPRESENTATIVES,AU,-2.0,10,1,10,-1.23762376237624,1273708458,1273708458
2025-11-12 03:15:00+00:00,2025-11-12 03:15:00+00:00,DATEADDED_UTC,2025-11-12,tribune.com.pk,https://tribune.com.pk/story/2577029/family-pti-leaders-denied-meeting-with-imran,1273711595,LAWYER 190 POLICE OFFICER,actor1 LAWYER actor2 POLICE OFFICER event_code 190 event_root_code 19 country PK,190,19,LAWYER,POLICE OFFICER,PK,-10.0,6,1,6,-6.72782874617737,1273711595,1273711595
2025-11-12 05:00:00+00:00,2025-11-12 05:00:00+00:00,DATEADDED_UTC,2025-11-12,cnn.com,https://www.cnn.com/2025/11/11/americas/cop30-protesters-belem-brazil-climate-intl-hnk,1273720991,175 PROTESTER,actor1 actor2 PROTESTER event_code 175 event_root_code 17 country BR,175,17,,PROTESTER,BR,-9.0,5,1,5,-4.40251572327044,1273720991,1273720991
2025-11-12 05:00:00+00:00,2025-11-12 05:00:00+00:00,DATEADDED_UTC,2025-11-12,bigissue.com,https://www.bigissue.com/opinion/sudan-war-government-hypocrisy-asylum-seekers/,1273721033,AFGHAN 120 MINIST,actor1 AFGHAN actor2 MINIST event_code 120 event_root_code 12 country AF,120,12,AFGHAN,MINIST,AF,-4.0,5,1,5,-8.3888149134487,1273721033,1273721033
2025-11-12 05:00:00+00:00,2025-11-12 05:00:00+00:00,DATEADDED_UTC,2025-11-12,wsws.org,https://www.wsws.org/en/articles/2025/11/11/lqhk-n11.html,1273721617,WORKER 120 REFORMIST,actor1 WORKER actor2 REFORMIST event_code 120 event_root_code 12 country UK,120,12,WORKER,REFORMIST,UK,-4.0,10,1,10,-1.55348424323124,1273721617,1273721617
